{"result":{"awayTeamName":"Rennes","homeTeamName":"Atlético Madrid","location":"Estadio Vicente Calderón","score":"3 - 1","startDate":"2011-12-15T20:05:00+00:00"},"events":[{"additional":"Y. Brahimi","eventTime":"87'","eventType":"type-substitution","main":"F. Diarra"},{"additional":"Y. Jebbour","eventTime":"87'","eventType":"type-substitution","main":"J. Féret"},{"additional":"Goal","eventTime":"86'","eventType":"type-goal","main":"G. Mandjeck"},{"additional":"A. Turan","eventTime":"81'","eventType":"type-substitution","main":"Juanfran"},{"additional":"Goal","eventTime":"79'","eventType":"type-goal","main":"A. Turan"},{"additional":"Diego","eventTime":"76'","eventType":"type-substitution","main":"Tiago"},{"additional":"V. Montaño","eventTime":"65'","eventType":"type-substitution","main":"Y. Hadji"},{"additional":"L. Perea","eventTime":"65'","eventType":"type-substitution","main":"João Miranda"},{"additional":"Goal","eventTime":"43'","eventType":"type-goal","main":"Álvaro Domínguez"},{"additional":"Penalty Goal","eventTime":"38'","eventType":"type-penalty_goal","main":"R. Falcao"},{"additional":"Yellow Card","eventTime":"24'","eventType":"type-yellow_card","main":"O. Apam"},{"additional":"Yellow Card","eventTime":"14'","eventType":"type-yellow_card","main":"Paulo Assunção"}],"stats":{"awayGates":"0","awayPasses":"0","awayPossession":100.0,"awayShots":"0","homeGates":"0","homePasses":"0","homePossession":0.0,"homeShots":"0"},"competition":"UEFA Europa League","date":"2011-12-16","match":"atl%C3%A9tico-madrid-v-rennes"}