{"result":{"awayTeamName":"Malmö FF","homeTeamName":"Austria Wien","location":"Generali Arena","score":"2 - 0","startDate":"2011-12-15T20:05:00+00:00"},"events":[{"additional":"Z. Junuzović","eventTime":"88'","eventType":"type-substitution","main":"M. Stankovic"},{"additional":"M. Mutavdžić","eventTime":"84'","eventType":"type-substitution","main":"Miiko Albornoz"},{"additional":"N. Barazite","eventTime":"82'","eventType":"type-substitution","main":"T. Jun"},{"additional":"Goal","eventTime":"80'","eventType":"type-goal","main":"N. Barazite"},{"additional":"D. Andersson","eventTime":"79'","eventType":"type-substitution","main":"M. Mutavdžić"},{"additional":"D. Larsson","eventTime":"78'","eventType":"type-substitution","main":"A. Nilsson"},{"additional":"R. Linz","eventTime":"78'","eventType":"type-substitution","main":"A. Grünwald"},{"additional":"Goal","eventTime":"62'","eventType":"type-goal","main":"M. Liendl"},{"additional":"Yellow Card","eventTime":"37'","eventType":"type-yellow_card","main":"J. Hamad"}],"stats":{"awayGates":"0","awayPasses":"0","awayPossession":100.0,"awayShots":"0","homeGates":"0","homePasses":"0","homePossession":0.0,"homeShots":"0"},"competition":"UEFA Europa League","date":"2011-12-16","match":"austria-wien-v-malm%C3%B6-ff"}