{"result":{"awayTeamName":"Metalist","homeTeamName":"AZ","location":"AFAS Stadion","score":"1 - 1","startDate":"2011-12-15T20:05:00+00:00"},"events":[{"additional":"S. Blanco","eventTime":"89'","eventType":"type-substitution","main":"A. Berezovchuk"},{"additional":"O. Romanchuk","eventTime":"74'","eventType":"type-substitution","main":"E. Budnik"},{"additional":"Yellow Card","eventTime":"63'","eventType":"type-yellow_card","main":"S. Blanco"},{"additional":"O. Shelayev","eventTime":"61'","eventType":"type-substitution","main":"M. Obradović"},{"additional":"J. Guðmunds­son","eventTime":"59'","eventType":"type-substitution","main":"B. Holman"},{"additional":"Yellow Card","eventTime":"54'","eventType":"type-yellow_card","main":"O. Shelayev"},{"additional":"Yellow Card","eventTime":"52'","eventType":"type-yellow_card","main":"J. Guðmunds­son"},{"additional":"Yellow Card","eventTime":"45' + 2'","eventType":"type-yellow_card","main":"M. Torsiglieri"},{"additional":"Goal","eventTime":"37'","eventType":"type-goal","main":"M. Dević"},{"additional":"Goal","eventTime":"37'","eventType":"type-goal","main":"A. Maher"}],"stats":{"awayGates":"0","awayPasses":"0","awayPossession":100.0,"awayShots":"0","homeGates":"0","homePasses":"0","homePossession":0.0,"homeShots":"0"},"competition":"UEFA Europa League","date":"2011-12-16","match":"az-v-metalist"}