{"result":{"awayTeamName":"Maribor","homeTeamName":"Birmingham City","location":"St. Andrew's Stadium","score":"1 - 0","startDate":"2011-12-15T20:05:00+00:00"},"events":[{"additional":"N. Redmond","eventTime":"88'","eventType":"type-substitution","main":"C. Burke"},{"additional":"A. Rooney","eventTime":"79'","eventType":"type-substitution","main":"J. Mutch"},{"additional":"Arghus","eventTime":"75'","eventType":"type-substitution","main":"D. Trajkovski"},{"additional":"M. Gomis","eventTime":"73'","eventType":"type-substitution","main":"G. N'Daw"},{"additional":"Marcos Tavares","eventTime":"71'","eventType":"type-substitution","main":"E. Velikonja"},{"additional":"Yellow Card","eventTime":"70'","eventType":"type-yellow_card","main":"D. Murphy"},{"additional":"G. Cvijanović","eventTime":"67'","eventType":"type-substitution","main":"A. Ibraimi"},{"additional":"Yellow Card","eventTime":"60'","eventType":"type-yellow_card","main":"Arghus"},{"additional":"Yellow Card","eventTime":"52'","eventType":"type-yellow_card","main":"J. Vidović"},{"additional":"Goal","eventTime":"24'","eventType":"type-goal","main":"A. Rooney"},{"additional":"Yellow Card","eventTime":"11'","eventType":"type-yellow_card","main":"M. Gomis"}],"stats":{"awayGates":"0","awayPasses":"0","awayPossession":100.0,"awayShots":"0","homeGates":"0","homePasses":"0","homePossession":0.0,"homeShots":"0"},"competition":"UEFA Europa League","date":"2011-12-16","match":"birmingham-city-v-maribor"}