{"result":{"awayTeamName":"Sporting Braga","homeTeamName":"Club Brugge","location":"Jan Breydelstadion","score":"1 - 1","startDate":"2011-12-15T20:05:00+00:00"},"events":[{"additional":"Yellow Card","eventTime":"90' + 3'","eventType":"type-yellow_card","main":"Douglão"},{"additional":"Yellow Card","eventTime":"90' + 3'","eventType":"type-yellow_card","main":"Quim"},{"additional":"B. Vleminckx","eventTime":"88'","eventType":"type-substitution","main":"J. Akpala"},{"additional":"Hugo Viana","eventTime":"86'","eventType":"type-substitution","main":"Marcio Mossoró"},{"additional":"Hélder Barbosa","eventTime":"78'","eventType":"type-substitution","main":"Carlão"},{"additional":"Goal","eventTime":"65'","eventType":"type-goal","main":"Ewerton"},{"additional":"Yellow Card","eventTime":"61'","eventType":"type-yellow_card","main":"Leandro Salino"},{"additional":"Nuno Gomes","eventTime":"60'","eventType":"type-substitution","main":"Paulo César"},{"additional":"Goal","eventTime":"50'","eventType":"type-goal","main":"B. Vleminckx"},{"additional":"T. Meunier","eventTime":"46'","eventType":"type-substitution","main":"L. Refaelov"},{"additional":"Yellow Card","eventTime":"37'","eventType":"type-yellow_card","main":"C. Hoefkens"},{"additional":"Yellow Card","eventTime":"22'","eventType":"type-yellow_card","main":"V. Odjidja-Ofoe"},{"additional":"Red Card","eventTime":"16'","eventType":"type-red_card","main":"E. Echiejile"}],"stats":{"awayGates":"0","awayPasses":"0","awayPossession":100.0,"awayShots":"0","homeGates":"0","homePasses":"0","homePossession":0.0,"homeShots":"0"},"competition":"UEFA Europa League","date":"2011-12-16","match":"club-brugge-v-sporting-braga"}