{"result":{"awayTeamName":"Vorskla","homeTeamName":"Hannover 96","location":"HDI-Arena","score":"3 - 1","startDate":"2011-12-15T18:00:00+00:00"},"events":[{"additional":"A. Januzi","eventTime":"87'","eventType":"type-substitution","main":"O. Barannik"},{"additional":"Yellow Card","eventTime":"87'","eventType":"type-yellow_card","main":"R. Bezus"},{"additional":"Sofian Chahed","eventTime":"81'","eventType":"type-substitution","main":"C. Avevor"},{"additional":"Goal","eventTime":"78'","eventType":"type-goal","main":"A. Sobiech"},{"additional":"A. Oberemko","eventTime":"72'","eventType":"type-substitution","main":"E. Tkachuk"},{"additional":"Sérgio Pinto","eventTime":"71'","eventType":"type-substitution","main":"M. Schmiedebach"},{"additional":"I. Kryvosheenko","eventTime":"65'","eventType":"type-substitution","main":"A. Gromov"},{"additional":"Penalty Miss","eventTime":"57'","eventType":"type-penalty_miss","main":"K. Rausch"},{"additional":"Penalty Save","eventTime":"57'","eventType":"type-penalty_save","main":"S. Dolganski"},{"additional":"Yellow Card","eventTime":"56'","eventType":"type-yellow_card","main":"A. Januzi"},{"additional":"L. Stindl","eventTime":"46'","eventType":"type-substitution","main":"M. Stoppelkamp"},{"additional":"Penalty Goal","eventTime":"45' + 1'","eventType":"type-penalty_goal","main":"R. Bezus"},{"additional":"Yellow Card","eventTime":"33'","eventType":"type-yellow_card","main":"A. Sobiech"},{"additional":"Goal","eventTime":"33'","eventType":"type-goal","main":"D. Ya Konan"},{"additional":"Goal","eventTime":"25'","eventType":"type-goal","main":"K. Rausch"}],"stats":{"awayGates":"0","awayPasses":"0","awayPossession":100.0,"awayShots":"0","homeGates":"0","homePasses":"0","homePossession":0.0,"homeShots":"0"},"competition":"UEFA Europa League","date":"2011-12-16","match":"hannover-96-v-vorskla"}