{"result":{"awayTeamName":"Legia Warszawa","homeTeamName":"Hapoel Tel Aviv","location":"Bloomfield Stadium","score":"2 - 0","startDate":"2011-12-15T18:00:00+00:00"},"events":[{"additional":"T. Kielbowicz","eventTime":"86'","eventType":"type-substitution","main":"M. Ohayon"},{"additional":"S. Tuama","eventTime":"78'","eventType":"type-substitution","main":"M. Al Lala"},{"additional":"Goal","eventTime":"76'","eventType":"type-goal","main":"A. Yadin"},{"additional":"M. Żyro","eventTime":"71'","eventType":"type-substitution","main":"M. Kucharczyk"},{"additional":"R. Gordana","eventTime":"70'","eventType":"type-substitution","main":"M. Abass"},{"additional":"Yellow 2nd/RC","eventTime":"63'","eventType":"type-second_yellow_card","main":"G. Shish"},{"additional":"D. Lukasik","eventTime":"60'","eventType":"type-substitution","main":"R. Wolski"},{"additional":"Yellow Card","eventTime":"58'","eventType":"type-yellow_card","main":"S. Abutbul"},{"additional":"Yellow Card","eventTime":"45' + 2'","eventType":"type-yellow_card","main":"G. Shish"},{"additional":"Goal","eventTime":"33'","eventType":"type-goal","main":"S. Tuama"},{"additional":"O. Damari","eventTime":"24'","eventType":"type-substitution","main":"S. Abutbul"}],"stats":{"awayGates":"0","awayPasses":"0","awayPossession":100.0,"awayShots":"0","homeGates":"0","homePasses":"0","homePossession":0.0,"homeShots":"0"},"competition":"UEFA Europa League","date":"2011-12-16","match":"hapoel-tel-aviv-v-legia-warszawa"}