{"result":{"awayTeamName":"Standard Liège","homeTeamName":"København","location":"Telia Parken","score":"0 - 1","startDate":"2011-12-15T18:00:00+00:00"},"events":[{"additional":"Yellow Card","eventTime":"87'","eventType":"type-yellow_card","main":"S. Ottesen"},{"additional":"M. Batshuayi","eventTime":"81'","eventType":"type-substitution","main":"G. Cyriac"},{"additional":"T. Delaney","eventTime":"77'","eventType":"type-substitution","main":"C. Grindheim"},{"additional":"I. González","eventTime":"75'","eventType":"type-substitution","main":"L. Seijas"},{"additional":"S. Pocognoli","eventTime":"55'","eventType":"type-substitution","main":"Felipe"},{"additional":"P. Diouf","eventTime":"46'","eventType":"type-substitution","main":"M. Vingaard"},{"additional":"Cesar Santin","eventTime":"46'","eventType":"type-substitution","main":"M. Nordstrand"},{"additional":"Goal","eventTime":"31'","eventType":"type-goal","main":"M. Batshuayi"},{"additional":"Yellow Card","eventTime":"25'","eventType":"type-yellow_card","main":"R. Goreux"}],"stats":{"awayGates":"0","awayPasses":"0","awayPossession":100.0,"awayShots":"0","homeGates":"0","homePasses":"0","homePossession":0.0,"homeShots":"0"},"competition":"UEFA Europa League","date":"2011-12-16","match":"k%C3%B8benhavn-v-standard-li%C3%A8ge"}