{"result":{"awayTeamName":"Rubin Kazan","homeTeamName":"PAOK","location":"Stadio Toumbas","score":"1 - 1","startDate":"2011-12-15T18:00:00+00:00"},"events":[{"additional":"N. Valdez","eventTime":"90'","eventType":"type-substitution","main":"V. Dyadyun"},{"additional":"D. Arias","eventTime":"84'","eventType":"type-substitution","main":"C. Lazăr"},{"additional":"V. Ivić","eventTime":"80'","eventType":"type-substitution","main":"G. Fotakis"},{"additional":"G. Georgiadis","eventTime":"73'","eventType":"type-substitution","main":"D. Salpingidis"},{"additional":"O. Martins","eventTime":"62'","eventType":"type-substitution","main":"P. Bystrov"},{"additional":"Goal","eventTime":"48'","eventType":"type-goal","main":"N. Valdez"},{"additional":"Penalty Goal","eventTime":"16'","eventType":"type-penalty_goal","main":"Vieirinha"},{"additional":"V. Kaleshin","eventTime":"15'","eventType":"type-substitution","main":"G. Arlauskis"},{"additional":"Red Card","eventTime":"13'","eventType":"type-red_card","main":"S. Ryzhikov"},{"additional":"Yellow Card","eventTime":"10'","eventType":"type-yellow_card","main":"Lino"}],"stats":{"awayGates":"0","awayPasses":"0","awayPossession":100.0,"awayShots":"0","homeGates":"0","homePasses":"0","homePossession":0.0,"homeShots":"0"},"competition":"UEFA Europa League","date":"2011-12-16","match":"paok-v-rubin-kazan"}