{"result":{"awayTeamName":"Rapid Bucureşti","homeTeamName":"PSV","location":"Philips Stadion","score":"2 - 1","startDate":"2011-12-15T18:00:00+00:00"},"events":[{"additional":"Yellow Card","eventTime":"90' + 2'","eventType":"type-yellow_card","main":"S. Manolev"},{"additional":"Goal","eventTime":"90' + 2'","eventType":"type-goal","main":"D. Pancu"},{"additional":"Yellow Card","eventTime":"87'","eventType":"type-yellow_card","main":"Filipe Teixeira"},{"additional":"Yellow Card","eventTime":"86'","eventType":"type-yellow_card","main":"D. Alexa"},{"additional":"Goal","eventTime":"79'","eventType":"type-goal","main":"T. Matavž"},{"additional":"Goal","eventTime":"75'","eventType":"type-goal","main":"S. Manolev"},{"additional":"Cássio Barbosa","eventTime":"72'","eventType":"type-substitution","main":"D. Pancu"},{"additional":"S. Marzo","eventTime":"70'","eventType":"type-substitution","main":"S. Manolev"},{"additional":"Yellow Card","eventTime":"65'","eventType":"type-yellow_card","main":"S. Marzo"},{"additional":"O. Engelaar","eventTime":"46'","eventType":"type-substitution","main":"O. Toivonen"},{"additional":"R. Surdu","eventTime":"36'","eventType":"type-substitution","main":"Filipe Teixeira"},{"additional":"D. Coman","eventTime":"34'","eventType":"type-substitution","main":"C. Straton"},{"additional":"Yellow Card","eventTime":"32'","eventType":"type-yellow_card","main":"Rui Duarte"}],"stats":{"awayGates":"0","awayPasses":"0","awayPossession":100.0,"awayShots":"0","homeGates":"0","homePasses":"0","homePossession":0.0,"homeShots":"0"},"competition":"UEFA Europa League","date":"2011-12-16","match":"psv-v-rapid-bucure%C5%9Fti"}