{"result":{"awayTeamName":"Tottenham Hotspur","homeTeamName":"Shamrock Rovers","location":"Tallaght Stadium","score":"0 - 4","startDate":"2011-12-15T18:00:00+00:00"},"events":[{"additional":"Goal","eventTime":"90' + 1'","eventType":"type-goal","main":"H. Kane"},{"additional":"B. Assou-Ekotto","eventTime":"84'","eventType":"type-substitution","main":"Iago Falqué"},{"additional":"J. Defoe","eventTime":"76'","eventType":"type-substitution","main":"H. Kane"},{"additional":"K. Sheppard","eventTime":"74'","eventType":"type-substitution","main":"C. Kilduff"},{"additional":"Yellow Card","eventTime":"60'","eventType":"type-yellow_card","main":"S. Pienaar"},{"additional":"R. Finn","eventTime":"57'","eventType":"type-substitution","main":"G. Twigg"},{"additional":"S. Rice","eventTime":"46'","eventType":"type-substitution","main":"S. O'Donnell"},{"additional":"Goal","eventTime":"45'","eventType":"type-goal","main":"J. Defoe"},{"additional":"Goal","eventTime":"38'","eventType":"type-goal","main":"A. Townsend"},{"additional":"Goal","eventTime":"29'","eventType":"type-goal","main":"S. Pienaar"},{"additional":"Yellow Card","eventTime":"27'","eventType":"type-yellow_card","main":"N. Kranjčar"},{"additional":"Yellow Card","eventTime":"25'","eventType":"type-yellow_card","main":"D. Murray"}],"stats":{"awayGates":"0","awayPasses":"0","awayPossession":100.0,"awayShots":"0","homeGates":"0","homePasses":"0","homePossession":0.0,"homeShots":"0"},"competition":"UEFA Europa League","date":"2011-12-16","match":"shamrock-rovers-v-tottenham-hotspur"}