{"result":{"awayTeamName":"Celtic","homeTeamName":"Udinese","location":"Dacia Arena","score":"1 - 1","startDate":"2011-12-15T20:05:00+00:00"},"events":[{"additional":"G. Samaras","eventTime":"83'","eventType":"type-substitution","main":"Mohamed Bangura"},{"additional":"Yellow Card","eventTime":"77'","eventType":"type-yellow_card","main":"Cha Du-Ri"},{"additional":"B. Kayal","eventTime":"71'","eventType":"type-substitution","main":"A. Stokes"},{"additional":"Yellow Card","eventTime":"62'","eventType":"type-yellow_card","main":"S. Brown"},{"additional":"Yellow Card","eventTime":"49'","eventType":"type-yellow_card","main":"Danilo"},{"additional":"T. Doubaï","eventTime":"46'","eventType":"type-substitution","main":"M. Isla"},{"additional":"Goal","eventTime":"45' + 1'","eventType":"type-goal","main":"A. Di Natale"},{"additional":"E. Agyemang-Badu","eventTime":"29'","eventType":"type-substitution","main":"G. Pinzi"},{"additional":"Goal","eventTime":"29'","eventType":"type-goal","main":"G. Hooper"},{"additional":"Yellow Card","eventTime":"18'","eventType":"type-yellow_card","main":"P. Armero"},{"additional":"Yellow Card","eventTime":"4'","eventType":"type-yellow_card","main":"G. Hooper"}],"stats":{"awayGates":"0","awayPasses":"0","awayPossession":100.0,"awayShots":"0","homeGates":"0","homePasses":"0","homePossession":0.0,"homeShots":"0"},"competition":"UEFA Europa League","date":"2011-12-16","match":"udinese-v-celtic"}