{"result":{"awayTeamName":"Arsenal","homeTeamName":"Östersunds FK","location":"Jämtkraft Arena","score":"0 - 3","startDate":"2018-02-15T18:00:00+00:00"},"events":[{"additional":"Penalty Save","eventTime":"90' + 1'","eventType":"type-penalty_save","main":"D. Ospina"},{"additional":"Penalty Miss","eventTime":"90' + 1'","eventType":"type-penalty_miss","main":"T. Pettersson"},{"additional":"H. Mkhitaryan","eventTime":"84'","eventType":"type-substitution","main":"R. Nelson"},{"additional":"D. Welbeck","eventTime":"83'","eventType":"type-substitution","main":"E. Nketiah"},{"additional":"D. Widgren","eventTime":"73'","eventType":"type-substitution","main":"D. Bergqvist"},{"additional":"Nacho Monreal","eventTime":"73'","eventType":"type-substitution","main":"S. Kolašinac"},{"additional":"Assist","eventTime":"58'","eventType":"type-assist","main":"H. Mkhitaryan"},{"additional":"Goal","eventTime":"58'","eventType":"type-goal","main":"M. Özil"},{"additional":"A. Gero","eventTime":"46'","eventType":"type-substitution","main":"J. Hopcutt"},{"additional":"Brwa Nouri","eventTime":"46'","eventType":"type-substitution","main":"T. Tekie"},{"additional":"Own Goal","eventTime":"24'","eventType":"type-own_goal","main":"S. Papagiannopoulos"},{"additional":"Goal","eventTime":"13'","eventType":"type-goal","main":"Nacho Monreal"}],"stats":{"awayGates":"6","awayPasses":"831","awayPossession":61.0,"awayShots":"4","homeGates":"5","homePasses":"527","homePossession":39.0,"homeShots":"3"},"competition":"UEFA Europa League","date":"2018-02-15","match":"%C3%B6stersunds-fk-v-arsenal"}