{"result":{"awayTeamName":"Dynamo Kyiv","homeTeamName":"AEK Athens","location":"Olympiako Stadio Spyros Louis","score":"1 - 1","startDate":"2018-02-15T20:05:00+00:00"},"events":[{"additional":"Júnior Moraes","eventTime":"90' + 1'","eventType":"type-substitution","main":"M. Shaparenko"},{"additional":"Yellow Card","eventTime":"81'","eventType":"type-yellow_card","main":"D. González"},{"additional":"L. Christodoulopoulos","eventTime":"80'","eventType":"type-goal","main":"A. Ajdarević"},{"additional":"K. Galanopoulos","eventTime":"79'","eventType":"type-substitution","main":"A. Ajdarević"},{"additional":"D. Harmash","eventTime":"78'","eventType":"type-substitution","main":"A. Besedin"},{"additional":"Yellow Card","eventTime":"77'","eventType":"type-yellow_card","main":"Júnior Moraes"},{"additional":"Yellow Card","eventTime":"71'","eventType":"type-yellow_card","main":"V. Shepelev"},{"additional":"G. Giakoumakis","eventTime":"58'","eventType":"type-substitution","main":"S. Araújo"},{"additional":"V. Klonaridis","eventTime":"52'","eventType":"type-substitution","main":"L. Christodoulopoulos"},{"additional":"Yellow Card","eventTime":"45'","eventType":"type-yellow_card","main":"O. Vranješ"},{"additional":"Yellow Card","eventTime":"30'","eventType":"type-yellow_card","main":"D. Harmash"},{"additional":"Yellow Card","eventTime":"22'","eventType":"type-yellow_card","main":"M. Livaja"},{"additional":"D. González","eventTime":"19'","eventType":"type-goal","main":"V. Tsygankov"},{"additional":"Yellow Card","eventTime":"5'","eventType":"type-yellow_card","main":"Y. Khacheridi"}],"stats":{"awayGates":"1","awayPasses":"287","awayPossession":35.2,"awayShots":"1","homeGates":"6","homePasses":"522","homePossession":64.8,"homeShots":"5"},"competition":"UEFA Europa League","date":"2018-02-15","match":"aek-athens-v-dynamo-kyiv"}