{"result":{"awayTeamName":"Sporting CP","homeTeamName":"Astana","location":"Astana Arena","score":"1 - 3","startDate":"2018-02-15T16:00:00+00:00"},"events":[{"additional":"M. Tomasov","eventTime":"86'","eventType":"type-substitution","main":"R. Murtazayev"},{"additional":"Gelson Martins","eventTime":"85'","eventType":"type-substitution","main":"Rúben Ribeiro"},{"additional":"Yellow Card","eventTime":"81'","eventType":"type-yellow_card","main":"I. Maevski"},{"additional":"Yellow Card","eventTime":"80'","eventType":"type-yellow_card","main":"A. Beysebekov"},{"additional":"Yellow Card","eventTime":"76'","eventType":"type-yellow_card","main":"William Carvalho"},{"additional":"Đ. Despotović","eventTime":"64'","eventType":"type-substitution","main":"S. Maliy"},{"additional":"S. Doumbia","eventTime":"61'","eventType":"type-substitution","main":"F. Montero"},{"additional":"Fábio Coentrão","eventTime":"58'","eventType":"type-substitution","main":"R. Battaglia"},{"additional":"L. Kleinheisler","eventTime":"56'","eventType":"type-substitution","main":"M. Stanojević"},{"additional":"Bruno Fernandes","eventTime":"55'","eventType":"type-goal","main":"S. Doumbia"},{"additional":"Goal","eventTime":"50'","eventType":"type-goal","main":"Gelson Martins"},{"additional":"Goal","eventTime":"48'","eventType":"type-goal","main":"Bruno Fernandes"},{"additional":"Yellow Card","eventTime":"47'","eventType":"type-yellow_card","main":"Y. Logvinenko"},{"additional":"Yellow Card","eventTime":"25'","eventType":"type-yellow_card","main":"S. Coates"},{"additional":"I. Shitov","eventTime":"7'","eventType":"type-goal","main":"M. Tomasov"}],"stats":{"awayGates":"10","awayPasses":"550","awayPossession":65.1,"awayShots":"5","homeGates":"5","homePasses":"293","homePossession":34.9,"homeShots":"5"},"competition":"UEFA Europa League","date":"2018-02-15","match":"astana-v-sporting-cp"}