{"result":{"awayTeamName":"Atalanta","homeTeamName":"Borussia Dortmund","location":"Signal-Iduna-Park","score":"3 - 2","startDate":"2018-02-15T18:00:00+00:00"},"events":[{"additional":"Assist","eventTime":"90' + 1'","eventType":"type-assist","main":"M. Götze"},{"additional":"Goal","eventTime":"90' + 1'","eventType":"type-goal","main":"M. Batshuayi"},{"additional":"J. Iličić","eventTime":"89'","eventType":"type-substitution","main":"A. Petagna"},{"additional":"M. Caldara","eventTime":"85'","eventType":"type-substitution","main":"J. Palomino"},{"additional":"C. Pulisic","eventTime":"85'","eventType":"type-substitution","main":"A. Isak"},{"additional":"Yellow Card","eventTime":"83'","eventType":"type-yellow_card","main":"M. Batshuayi"},{"additional":"J. Weigl","eventTime":"81'","eventType":"type-substitution","main":"M. Dahoud"},{"additional":"A. Gómez","eventTime":"76'","eventType":"type-substitution","main":"R. Gosens"},{"additional":"Assist","eventTime":"65'","eventType":"type-assist","main":"M. Götze"},{"additional":"Goal","eventTime":"65'","eventType":"type-goal","main":"M. Batshuayi"},{"additional":"M. Reus","eventTime":"62'","eventType":"type-substitution","main":"M. Götze"},{"additional":"Yellow Card","eventTime":"58'","eventType":"type-yellow_card","main":"A. Schürrle"},{"additional":"Yellow Card","eventTime":"58'","eventType":"type-yellow_card","main":"H. Hateboer"},{"additional":"Goal","eventTime":"56'","eventType":"type-goal","main":"J. Iličić"},{"additional":"Assist","eventTime":"51'","eventType":"type-assist","main":"L. Spinazzola"},{"additional":"Goal","eventTime":"51'","eventType":"type-goal","main":"J. Iličić"},{"additional":"Yellow Card","eventTime":"34'","eventType":"type-yellow_card","main":"Ł. Piszczek"},{"additional":"Assist","eventTime":"30'","eventType":"type-assist","main":"Ł. Piszczek"},{"additional":"Goal","eventTime":"30'","eventType":"type-goal","main":"A. Schürrle"},{"additional":"Yellow Card","eventTime":"26'","eventType":"type-yellow_card","main":"B. Cristante"},{"additional":"Yellow Card","eventTime":"24'","eventType":"type-yellow_card","main":"J. Weigl"}],"stats":{"awayGates":"3","awayPasses":"392","awayPossession":43.1,"awayShots":"3","homeGates":"6","homePasses":"530","homePossession":56.9,"homeShots":"2"},"competition":"UEFA Europa League","date":"2018-02-15","match":"borussia-dortmund-v-atalanta"}