{"result":{"awayTeamName":"Zenit","homeTeamName":"Celtic","location":"Celtic Park","score":"1 - 0","startDate":"2018-02-15T20:05:00+00:00"},"events":[{"additional":"Yellow Card","eventTime":"87'","eventType":"type-yellow_card","main":"M. Kranevitter"},{"additional":"Yellow Card","eventTime":"85'","eventType":"type-yellow_card","main":"M. Lustig"},{"additional":"M. Dembélé","eventTime":"84'","eventType":"type-substitution","main":"O. Édouard"},{"additional":"Yellow Card","eventTime":"84'","eventType":"type-yellow_card","main":"M. Dembélé"},{"additional":"Yellow Card","eventTime":"83'","eventType":"type-yellow_card","main":"S. Brown"},{"additional":"Yellow Card","eventTime":"83'","eventType":"type-yellow_card","main":"L. Paredes"},{"additional":"C. Musonda","eventTime":"78'","eventType":"type-goal","main":"C. McGregor"},{"additional":"Yellow Card","eventTime":"76'","eventType":"type-yellow_card","main":"I. Smolnikov"},{"additional":"K. Eboue","eventTime":"73'","eventType":"type-substitution","main":"C. Musonda"},{"additional":"Yellow Card","eventTime":"73'","eventType":"type-yellow_card","main":"K. Eboue"},{"additional":"Yellow Card","eventTime":"64'","eventType":"type-yellow_card","main":"D. Criscito"},{"additional":"D. Kuzyaev","eventTime":"62'","eventType":"type-substitution","main":"M. Kranevitter"},{"additional":"E. Rigoni","eventTime":"62'","eventType":"type-substitution","main":"S. Driussi"},{"additional":"Yellow Card","eventTime":"56'","eventType":"type-yellow_card","main":"O. Ntcham"},{"additional":"Yellow Card","eventTime":"36'","eventType":"type-yellow_card","main":"D. Kuzyaev"}],"stats":{"awayGates":"2","awayPasses":"369","awayPossession":40.9,"awayShots":"2","homeGates":"3","homePasses":"536","homePossession":59.1,"homeShots":"2"},"competition":"UEFA Europa League","date":"2018-02-15","match":"celtic-v-zenit"}