{"result":{"awayTeamName":"Lazio","homeTeamName":"FCSB","location":"Arena Naţională","score":"1 - 0","startDate":"2018-02-15T20:05:00+00:00"},"events":[{"additional":"Yellow Card","eventTime":"90' + 1'","eventType":"type-yellow_card","main":"C. Immobile"},{"additional":"H. Gnohéré","eventTime":"81'","eventType":"type-substitution","main":"C. Tănase"},{"additional":"Yellow Card","eventTime":"78'","eventType":"type-yellow_card","main":"V. Găman"},{"additional":"J. Lukaku","eventTime":"75'","eventType":"type-substitution","main":"S. Lulić"},{"additional":"Yellow Card","eventTime":"64'","eventType":"type-yellow_card","main":"A. Vlad"},{"additional":"F. Tănase","eventTime":"58'","eventType":"type-substitution","main":"F. Coman"},{"additional":"Nani","eventTime":"56'","eventType":"type-substitution","main":"Felipe Anderson"},{"additional":"F. Caicedo","eventTime":"56'","eventType":"type-substitution","main":"C. Immobile"},{"additional":"Yellow Card","eventTime":"52'","eventType":"type-yellow_card","main":"Luiz Felipe"},{"additional":"M. Pintilii","eventTime":"45'","eventType":"type-substitution","main":"Filipe Teixeira"},{"additional":"Yellow Card","eventTime":"45' + 4'","eventType":"type-yellow_card","main":"J. Lukaku"},{"additional":"Yellow Card","eventTime":"45' + 1'","eventType":"type-yellow_card","main":"M. Cáceres"},{"additional":"C. Budescu","eventTime":"29'","eventType":"type-goal","main":"H. Gnohéré"},{"additional":"Yellow Card","eventTime":"26'","eventType":"type-yellow_card","main":"M. Pintilii"},{"additional":"Yellow Card","eventTime":"9'","eventType":"type-yellow_card","main":"S. Milinković-Savić"}],"stats":{"awayGates":"4","awayPasses":"528","awayPossession":60.0,"awayShots":"5","homeGates":"2","homePasses":"349","homePossession":40.0,"homeShots":"6"},"competition":"UEFA Europa League","date":"2018-02-15","match":"fcsb-v-lazio"}