{"result":{"awayTeamName":"Atlético Madrid","homeTeamName":"København","location":"Telia Parken","score":"1 - 4","startDate":"2018-02-15T20:05:00+00:00"},"events":[{"additional":"Koke","eventTime":"78'","eventType":"type-substitution","main":"Gabi"},{"additional":"Assist","eventTime":"77'","eventType":"type-assist","main":"T. Partey"},{"additional":"Goal","eventTime":"77'","eventType":"type-goal","main":"Vitolo"},{"additional":"R. Skov","eventTime":"72'","eventType":"type-substitution","main":"P. Bengtsson"},{"additional":"V. Fischer","eventTime":"72'","eventType":"type-substitution","main":"A. Pavlović"},{"additional":"Goal","eventTime":"71'","eventType":"type-goal","main":"A. Griezmann"},{"additional":"K. Gameiro","eventTime":"70'","eventType":"type-substitution","main":"Vitolo"},{"additional":"R. Falk","eventTime":"62'","eventType":"type-substitution","main":"F. Santander"},{"additional":"Á. Correa","eventTime":"59'","eventType":"type-substitution","main":"Y. Carrasco"},{"additional":"Yellow Card","eventTime":"44'","eventType":"type-yellow_card","main":"Á. Correa"},{"additional":"Assist","eventTime":"37'","eventType":"type-assist","main":"L. Hernández"},{"additional":"Goal","eventTime":"37'","eventType":"type-goal","main":"K. Gameiro"},{"additional":"Yellow Card","eventTime":"23'","eventType":"type-yellow_card","main":"R. Skov"},{"additional":"Assist","eventTime":"21'","eventType":"type-assist","main":"A. Griezmann"},{"additional":"Goal","eventTime":"21'","eventType":"type-goal","main":"Saúl"},{"additional":"Assist","eventTime":"15'","eventType":"type-assist","main":"P. Ankersen"},{"additional":"Goal","eventTime":"15'","eventType":"type-goal","main":"V. Fischer"}],"stats":{"awayGates":"10","awayPasses":"674","awayPossession":59.5,"awayShots":"6","homeGates":"4","homePasses":"454","homePossession":40.5,"homeShots":"5"},"competition":"UEFA Europa League","date":"2018-02-15","match":"k%C3%B8benhavn-v-atl%C3%A9tico-madrid"}