{"result":{"awayTeamName":"Milan","homeTeamName":"Ludogorets","location":"Ludogorets Arena","score":"0 - 3","startDate":"2018-02-15T18:00:00+00:00"},"events":[{"additional":"Assist","eventTime":"90' + 2'","eventType":"type-assist","main":"F. Kessié"},{"additional":"Goal","eventTime":"90' + 2'","eventType":"type-goal","main":"F. Borini"},{"additional":"J. Lukoki","eventTime":"81'","eventType":"type-substitution","main":"S. Kovachev"},{"additional":"Marcelinho","eventTime":"78'","eventType":"type-substitution","main":"Gustavo Campanharo"},{"additional":"H. Çalhanoğlu","eventTime":"75'","eventType":"type-substitution","main":"F. Borini"},{"additional":"P. Cutrone","eventTime":"65'","eventType":"type-substitution","main":"André Silva"},{"additional":"Penalty Goal","eventTime":"64'","eventType":"type-penalty_goal","main":"R. Rodríguez"},{"additional":"I. Abate","eventTime":"60'","eventType":"type-substitution","main":"R. Rodríguez"},{"additional":"J. Świerczok","eventTime":"46'","eventType":"type-substitution","main":"Wanderson"},{"additional":"Assist","eventTime":"45'","eventType":"type-assist","main":"H. Çalhanoğlu"},{"additional":"Goal","eventTime":"45'","eventType":"type-goal","main":"P. Cutrone"},{"additional":"Yellow Card","eventTime":"39'","eventType":"type-yellow_card","main":"J. Lukoki"},{"additional":"Yellow Card","eventTime":"5'","eventType":"type-yellow_card","main":"I. Abate"}],"stats":{"awayGates":"4","awayPasses":"458","awayPossession":46.8,"awayShots":"5","homeGates":"1","homePasses":"525","homePossession":53.2,"homeShots":"5"},"competition":"UEFA Europa League","date":"2018-02-15","match":"ludogorets-v-milan"}