{"result":{"awayTeamName":"RB Leipzig","homeTeamName":"Napoli","location":"Stadio San Paolo","score":"1 - 3","startDate":"2018-02-15T20:05:00+00:00"},"events":[{"additional":"E. Forsberg","eventTime":"90' + 3'","eventType":"type-goal","main":"T. Werner"},{"additional":"Yellow Card","eventTime":"88'","eventType":"type-yellow_card","main":"Mário Rui"},{"additional":"N. Keïta","eventTime":"86'","eventType":"type-substitution","main":"D. Demme"},{"additional":"Y. Poulsen","eventTime":"82'","eventType":"type-substitution","main":"J. Augustin"},{"additional":"Bruma","eventTime":"79'","eventType":"type-substitution","main":"E. Forsberg"},{"additional":"Yellow Card","eventTime":"79'","eventType":"type-yellow_card","main":"K. Koulibaly"},{"additional":"Y. Poulsen","eventTime":"74'","eventType":"type-goal","main":"Bruma"},{"additional":"K. Kampl","eventTime":"61'","eventType":"type-goal","main":"T. Werner"},{"additional":"A. Ounas","eventTime":"61'","eventType":"type-substitution","main":"Allan"},{"additional":"E. Hysaj","eventTime":"54'","eventType":"type-substitution","main":"Mário Rui"},{"additional":"M. Hamšík","eventTime":"54'","eventType":"type-substitution","main":"L. Insigne"},{"additional":"M. Rog","eventTime":"52'","eventType":"type-goal","main":"A. Ounas"}],"stats":{"awayGates":"8","awayPasses":"469","awayPossession":43.3,"awayShots":"8","homeGates":"3","homePasses":"613","homePossession":56.7,"homeShots":"3"},"competition":"UEFA Europa League","date":"2018-02-15","match":"napoli-v-rb-leipzig"}