{"result":{"awayTeamName":"Lokomotiv Moskva","homeTeamName":"Nice","location":"Allianz Riviera","score":"2 - 3","startDate":"2018-02-15T18:00:00+00:00"},"events":[{"additional":"W. Cyprien","eventTime":"82'","eventType":"type-substitution","main":"N. Mendy"},{"additional":"Anton Miranchuk","eventTime":"77'","eventType":"type-goal","main":"Manuel Fernandes"},{"additional":"Ari","eventTime":"71'","eventType":"type-substitution","main":"Éder"},{"additional":"A. Pléa","eventTime":"70'","eventType":"type-substitution","main":"A. Tameze"},{"additional":"Goal","eventTime":"69'","eventType":"type-goal","main":"Manuel Fernandes"},{"additional":"Red Card","eventTime":"66'","eventType":"type-red_card","main":"R. Coly"},{"additional":"Marlon","eventTime":"45'","eventType":"type-substitution","main":"P. Burner"},{"additional":"A. Kolomeytsev","eventTime":"45'","eventType":"type-substitution","main":"J. Farfán"},{"additional":"V. Denisov","eventTime":"45'","eventType":"type-substitution","main":"M. Rybus"},{"additional":"Goal","eventTime":"45'","eventType":"type-goal","main":"Manuel Fernandes"},{"additional":"Goal","eventTime":"28'","eventType":"type-goal","main":"M. Balotelli"},{"additional":"Yellow Card","eventTime":"27'","eventType":"type-yellow_card","main":"N. Pejčinović"},{"additional":"A. Saint-Maximin","eventTime":"4'","eventType":"type-goal","main":"M. Balotelli"}],"stats":{"awayGates":"7","awayPasses":"635","awayPossession":56.8,"awayShots":"8","homeGates":"5","homePasses":"477","homePossession":43.2,"homeShots":"8"},"competition":"UEFA Europa League","date":"2018-02-15","match":"nice-v-lokomotiv-moskva"}