{"result":{"awayTeamName":"Villarreal","homeTeamName":"Olympique Lyonnais","location":"Groupama Stadium","score":"3 - 1","startDate":"2018-02-15T20:05:00+00:00"},"events":[{"additional":"Yellow Card","eventTime":"90'","eventType":"type-yellow_card","main":"Rodri Hernández"},{"additional":"Pablo Fornals","eventTime":"88'","eventType":"type-substitution","main":"Dani Raba"},{"additional":"Rafael","eventTime":"85'","eventType":"type-substitution","main":"F. Mendy"},{"additional":"Goal","eventTime":"82'","eventType":"type-goal","main":"M. Depay"},{"additional":"B. Traoré","eventTime":"77'","eventType":"type-substitution","main":"M. Cornet"},{"additional":"D. Cheryshev","eventTime":"74'","eventType":"type-substitution","main":"R. Soriano"},{"additional":"H. Aouar","eventTime":"73'","eventType":"type-substitution","main":"M. Depay"},{"additional":"Yellow Card","eventTime":"73'","eventType":"type-yellow_card","main":"Fernando Marçal"},{"additional":"D. Cheryshev","eventTime":"63'","eventType":"type-goal","main":"Pablo Fornals"},{"additional":"Samu Castillejo","eventTime":"54'","eventType":"type-substitution","main":"E. Ünal"},{"additional":"Goal","eventTime":"49'","eventType":"type-goal","main":"N. Fekir"},{"additional":"M. Díaz","eventTime":"46'","eventType":"type-goal","main":"T. NDombèlé"},{"additional":"Yellow Card","eventTime":"43'","eventType":"type-yellow_card","main":"D. Cheryshev"},{"additional":"Yellow Card","eventTime":"42'","eventType":"type-yellow_card","main":"Álvaro González"}],"stats":{"awayGates":"4","awayPasses":"496","awayPossession":53.6,"awayShots":"3","homeGates":"8","homePasses":"422","homePossession":46.4,"homeShots":"5"},"competition":"UEFA Europa League","date":"2018-02-15","match":"olympique-lyonnais-v-villarreal"}