{"result":{"awayTeamName":"Sporting Braga","homeTeamName":"Olympique Marseille","location":"Orange Vélodrome","score":"3 - 0","startDate":"2018-02-15T18:00:00+00:00"},"events":[{"additional":"D. Payet","eventTime":"78'","eventType":"type-substitution","main":"A. Zambo Anguissa"},{"additional":"Dyego Sousa","eventTime":"75'","eventType":"type-substitution","main":"Koka"},{"additional":"M. Lopez","eventTime":"74'","eventType":"type-goal","main":"F. Thauvin"},{"additional":"João Carlos","eventTime":"72'","eventType":"type-substitution","main":"André Horta"},{"additional":"Yellow Card","eventTime":"71'","eventType":"type-yellow_card","main":"Danilo Barbosa"},{"additional":"V. Germain","eventTime":"70'","eventType":"type-substitution","main":"F. Thauvin"},{"additional":"H. Sakai","eventTime":"69'","eventType":"type-goal","main":"V. Germain"},{"additional":"Paulinho","eventTime":"61'","eventType":"type-substitution","main":"Wilson Eduardo"},{"additional":"J. Amavi","eventTime":"59'","eventType":"type-substitution","main":"H. Sakai"},{"additional":"Yellow Card","eventTime":"41'","eventType":"type-yellow_card","main":"N. Vukčević"},{"additional":"Yellow Card","eventTime":"13'","eventType":"type-yellow_card","main":"J. Amavi"},{"additional":"D. Payet","eventTime":"4'","eventType":"type-goal","main":"V. Germain"}],"stats":{"awayGates":"1","awayPasses":"315","awayPossession":34.7,"awayShots":"1","homeGates":"10","homePasses":"595","homePossession":65.3,"homeShots":"9"},"competition":"UEFA Europa League","date":"2018-02-15","match":"olympique-marseille-v-sporting-braga"}