{"result":{"awayTeamName":"Viktoria Plzeň","homeTeamName":"Partizan","location":"Stadion Partizana","score":"1 - 1","startDate":"2018-02-15T20:05:00+00:00"},"events":[{"additional":"M. Krmenčík","eventTime":"90' + 1'","eventType":"type-substitution","main":"T. Chorý"},{"additional":"L. Tawamba Kana","eventTime":"90'","eventType":"type-substitution","main":"S. Marković"},{"additional":"Yellow Card","eventTime":"84'","eventType":"type-yellow_card","main":"P. Hrošovský"},{"additional":"M. Krmenčík","eventTime":"81'","eventType":"type-goal","main":"R. Řezník"},{"additional":"D. Kolář","eventTime":"78'","eventType":"type-substitution","main":"A. Čermák"},{"additional":"S. Soumah","eventTime":"71'","eventType":"type-substitution","main":"Đ. Ivanović"},{"additional":"M. Petržela","eventTime":"61'","eventType":"type-substitution","main":"M. Zeman"},{"additional":"Goal","eventTime":"58'","eventType":"type-goal","main":"L. Tawamba Kana"},{"additional":"Yellow Card","eventTime":"52'","eventType":"type-yellow_card","main":"M. Mitrović"}],"stats":{"awayGates":"3","awayPasses":"493","awayPossession":57.3,"awayShots":"2","homeGates":"3","homePasses":"365","homePossession":42.7,"homeShots":"6"},"competition":"UEFA Europa League","date":"2018-02-15","match":"partizan-v-viktoria-plze%C5%88"}