{"result":{"awayTeamName":"Salzburg","homeTeamName":"Real Sociedad","location":"Estadio Municipal de Anoeta","score":"2 - 2","startDate":"2018-02-15T18:00:00+00:00"},"events":[{"additional":"S. Lainer","eventTime":"90' + 4'","eventType":"type-goal","main":"T. Minamino"},{"additional":"Yellow Card","eventTime":"83'","eventType":"type-yellow_card","main":"Aritz Elustondo"},{"additional":"Yellow Card","eventTime":"83'","eventType":"type-yellow_card","main":"M. Dabour"},{"additional":"Goal","eventTime":"80'","eventType":"type-goal","main":"A. Januzaj"},{"additional":"Yellow Card","eventTime":"79'","eventType":"type-yellow_card","main":"D. Ćaleta-Car"},{"additional":"H. Moreno","eventTime":"76'","eventType":"type-substitution","main":"Aritz Elustondo"},{"additional":"R. Yabo","eventTime":"76'","eventType":"type-substitution","main":"T. Minamino"},{"additional":"Yellow Card","eventTime":"75'","eventType":"type-yellow_card","main":"R. Yabo"},{"additional":"Yellow Card","eventTime":"72'","eventType":"type-yellow_card","main":"Xabi Prieto"},{"additional":"André Ramalho","eventTime":"71'","eventType":"type-substitution","main":"M. Pongracic"},{"additional":"Jon Bautista","eventTime":"68'","eventType":"type-substitution","main":"Agirretxe"},{"additional":"Yellow Card","eventTime":"62'","eventType":"type-yellow_card","main":"D. Samassekou"},{"additional":"Yellow Card","eventTime":"60'","eventType":"type-yellow_card","main":"André Ramalho"},{"additional":"Igor Zubeldía","eventTime":"57'","eventType":"type-goal","main":"Álvaro Odriozola"},{"additional":"Juanmi","eventTime":"45'","eventType":"type-substitution","main":"A. Januzaj"},{"additional":"Hwang Hee-Chan","eventTime":"45'","eventType":"type-substitution","main":"F. Gulbrandsen"},{"additional":"Yellow Card","eventTime":"41'","eventType":"type-yellow_card","main":"H. Moreno"},{"additional":"Yellow Card","eventTime":"41'","eventType":"type-yellow_card","main":"Hwang Hee-Chan"},{"additional":"Yellow Card","eventTime":"36'","eventType":"type-yellow_card","main":"Illarramendi"},{"additional":"Yellow Card","eventTime":"27'","eventType":"type-yellow_card","main":"G. Rulli"},{"additional":"Own Goal","eventTime":"27'","eventType":"type-own_goal","main":"Mikel Oyarzabal"}],"stats":{"awayGates":"3","awayPasses":"336","awayPossession":38.9,"awayShots":"5","homeGates":"7","homePasses":"517","homePossession":61.1,"homeShots":"4"},"competition":"UEFA Europa League","date":"2018-02-15","match":"real-sociedad-v-salzburg"}