{"result":{"awayTeamName":"Athletic Club","homeTeamName":"Spartak Moskva","location":"Otkrytiye Arena","score":"1 - 3","startDate":"2018-02-15T18:00:00+00:00"},"events":[{"additional":"Iñaki Williams","eventTime":"83'","eventType":"type-substitution","main":"Sabin Merino"},{"additional":"D. Glushakov","eventTime":"75'","eventType":"type-substitution","main":"S. Hanni"},{"additional":"Susaeta","eventTime":"68'","eventType":"type-substitution","main":"San José"},{"additional":"Yellow Card","eventTime":"68'","eventType":"type-yellow_card","main":"Luiz Adriano"},{"additional":"D. Glushakov","eventTime":"60'","eventType":"type-goal","main":"Luiz Adriano"},{"additional":"L. Melgarejo","eventTime":"58'","eventType":"type-substitution","main":"Zé Luís"},{"additional":"Yellow Card","eventTime":"56'","eventType":"type-yellow_card","main":"Etxeita"},{"additional":"Yellow Card","eventTime":"55'","eventType":"type-yellow_card","main":"R. Zobnin"},{"additional":"Own Goal","eventTime":"45' + 1'","eventType":"type-own_goal","main":"I. Kutepov"},{"additional":"Goal","eventTime":"39'","eventType":"type-goal","main":"Aduriz"},{"additional":"Yellow Card","eventTime":"37'","eventType":"type-yellow_card","main":"I. Kutepov"},{"additional":"Raúl García","eventTime":"22'","eventType":"type-goal","main":"Aduriz"},{"additional":"Yellow Card","eventTime":"15'","eventType":"type-yellow_card","main":"Raúl García"}],"stats":{"awayGates":"3","awayPasses":"299","awayPossession":33.099999999999994,"awayShots":"2","homeGates":"3","homePasses":"579","homePossession":66.9,"homeShots":"7"},"competition":"UEFA Europa League","date":"2018-02-15","match":"spartak-moskva-v-athletic-club"}