{"result":{"awayTeamName":"Toluca","homeTeamName":"Atlante","location":"Estadio Olímpico Andrés Quintana Roo","score":"0 - 1","startDate":"2013-03-04T00:00:00+00:00"},"events":[{"additional":"Yellow Card","eventTime":"89'","eventType":"type-yellow_card","main":"E. Dueñas"},{"additional":"C. Esquivel","eventTime":"85'","eventType":"type-substitution","main":"E. Dueñas"},{"additional":"J. Larrivey","eventTime":"74'","eventType":"type-substitution","main":"J. Fonseca"},{"additional":"A. Muñoz","eventTime":"74'","eventType":"type-substitution","main":"F. Uscanga"},{"additional":"Sinha","eventTime":"71'","eventType":"type-substitution","main":"F. Santos"},{"additional":"Ó. Vera","eventTime":"65'","eventType":"type-substitution","main":"J. Amione"},{"additional":"Yellow Card","eventTime":"65'","eventType":"type-yellow_card","main":"J. Bizera"},{"additional":"L. Tejada","eventTime":"55'","eventType":"type-substitution","main":"E. Benítez"},{"additional":"Goal","eventTime":"34'","eventType":"type-goal","main":"L. Tejada"}],"stats":{"awayGates":"0","awayPasses":"0","awayPossession":100.0,"awayShots":"0","homeGates":"0","homePasses":"0","homePossession":0.0,"homeShots":"0"},"competition":"Liga MX","date":"2013-03-04","match":"atlante-v-toluca"}