{"result":{"awayTeamName":"Guadalajara","homeTeamName":"Pumas UNAM","location":"Estadio Olímpico de Universitario","score":"1 - 1","startDate":"2013-03-03T18:00:00+00:00"},"events":[{"additional":"D. Cabrera","eventTime":"88'","eventType":"type-substitution","main":"J. Chiapas"},{"additional":"J. Sánchez","eventTime":"84'","eventType":"type-substitution","main":"E. López"},{"additional":"L. Morales","eventTime":"80'","eventType":"type-substitution","main":"R. González"},{"additional":"J. Enríquez","eventTime":"59'","eventType":"type-substitution","main":"R. López"},{"additional":"R. Ramírez","eventTime":"57'","eventType":"type-substitution","main":"E. Orrantía"},{"additional":"Yellow Card","eventTime":"50'","eventType":"type-yellow_card","main":"J. Sánchez"},{"additional":"Yellow Card","eventTime":"49'","eventType":"type-yellow_card","main":"M. Sabah"},{"additional":"Goal","eventTime":"40'","eventType":"type-goal","main":"M. Sabah"},{"additional":"Goal","eventTime":"26'","eventType":"type-goal","main":"M. Bravo"}],"stats":{"awayGates":"0","awayPasses":"0","awayPossession":100.0,"awayShots":"0","homeGates":"0","homePasses":"0","homePossession":0.0,"homeShots":"0"},"competition":"Liga MX","date":"2013-03-04","match":"pumas-unam-v-guadalajara"}