{"result":{"awayTeamName":"Olympique Lyonnais","homeTeamName":"Brest","location":"Stade Francis-Le Blé","score":"1 - 1","startDate":"2013-03-03T13:00:00+00:00"},"events":[{"additional":"Yellow Card","eventTime":"90' + 1'","eventType":"type-yellow_card","main":"S. Umtiti"},{"additional":"M. Gueye","eventTime":"78'","eventType":"type-substitution","main":"L. Touré"},{"additional":"C. Grenier","eventTime":"76'","eventType":"type-substitution","main":"J. Ferri"},{"additional":"Yellow Card","eventTime":"72'","eventType":"type-yellow_card","main":"C. Grenier"},{"additional":"J. Ayité","eventTime":"70'","eventType":"type-substitution","main":"B. Lesoimier"},{"additional":"Yellow Card","eventTime":"69'","eventType":"type-yellow_card","main":"F. Lejeune"},{"additional":"Own Goal","eventTime":"53'","eventType":"type-own_goal","main":"T. Makonda"},{"additional":"K. Chafni","eventTime":"45'","eventType":"type-substitution","main":"B. Grougi"},{"additional":"M. Gueye","eventTime":"8'","eventType":"type-goal","main":"K. Chafni"}],"stats":{"awayGates":"0","awayPasses":"0","awayPossession":100.0,"awayShots":"0","homeGates":"0","homePasses":"0","homePossession":0.0,"homeShots":"0"},"competition":"Ligue 1","date":"2013-03-04","match":"brest-v-olympique-lyonnais"}