{"result":{"awayTeamName":"Bordeaux","homeTeamName":"Lille","location":"Stade Pierre-Mauroy","score":"2 - 1","startDate":"2013-03-03T20:00:00+00:00"},"events":[{"additional":"R. Rodelin","eventTime":"87'","eventType":"type-substitution","main":"Túlio de Melo"},{"additional":"J. Faubert","eventTime":"81'","eventType":"type-substitution","main":"D. Bellion"},{"additional":"N. Maurice-Belay","eventTime":"80'","eventType":"type-substitution","main":"F. Ben Khalfallah"},{"additional":"B. Pedretti","eventTime":"72'","eventType":"type-goal","main":"S. Kalou"},{"additional":"A. Chedjou","eventTime":"69'","eventType":"type-substitution","main":"D. Sidibé"},{"additional":"Abdou Traoré","eventTime":"61'","eventType":"type-substitution","main":"A. Biyogo Poko"},{"additional":"M. Baša","eventTime":"59'","eventType":"type-goal","main":"R. Rodelin"},{"additional":"D. Rozehnal","eventTime":"57'","eventType":"type-substitution","main":"B. Pedretti"},{"additional":"Yellow Card","eventTime":"32'","eventType":"type-yellow_card","main":"Abdou Traoré"},{"additional":"Penalty Goal","eventTime":"31'","eventType":"type-penalty_goal","main":"J. Plašil"},{"additional":"Yellow Card","eventTime":"30'","eventType":"type-yellow_card","main":"F. Béria"}],"stats":{"awayGates":"0","awayPasses":"0","awayPossession":100.0,"awayShots":"0","homeGates":"0","homePasses":"0","homePossession":0.0,"homeShots":"0"},"competition":"Ligue 1","date":"2013-03-04","match":"lille-v-bordeaux"}