{"result":{"awayTeamName":"Troyes","homeTeamName":"Olympique Marseille","location":"Orange Vélodrome","score":"2 - 1","startDate":"2013-03-03T16:00:00+00:00"},"events":[{"additional":"Yellow Card","eventTime":"90' + 2'","eventType":"type-yellow_card","main":"A. Gignac"},{"additional":"J. Ayew","eventTime":"87'","eventType":"type-substitution","main":"F. Kadir"},{"additional":"F. N'Sakala","eventTime":"86'","eventType":"type-substitution","main":"J. Bahebeck"},{"additional":"F. Camus","eventTime":"85'","eventType":"type-substitution","main":"S. Darbion"},{"additional":"J. Morel","eventTime":"85'","eventType":"type-substitution","main":"S. Diawara"},{"additional":"M. Sougou","eventTime":"82'","eventType":"type-goal","main":"A. Gignac"},{"additional":"Goal","eventTime":"81'","eventType":"type-goal","main":"N. N'Koulou"},{"additional":"J. Barton","eventTime":"72'","eventType":"type-substitution","main":"M. Sougou"},{"additional":"Goal","eventTime":"71'","eventType":"type-goal","main":"Marcos"},{"additional":"Yellow Card","eventTime":"48'","eventType":"type-yellow_card","main":"G. N'Goyi"},{"additional":"Q. Othon","eventTime":"42'","eventType":"type-substitution","main":"Thiago Xavier"}],"stats":{"awayGates":"0","awayPasses":"0","awayPossession":100.0,"awayShots":"0","homeGates":"0","homePasses":"0","homePossession":0.0,"homeShots":"0"},"competition":"Ligue 1","date":"2013-03-04","match":"olympique-marseille-v-troyes"}