{"result":{"awayTeamName":"Qarabağ","homeTeamName":"Celtic","location":"Celtic Park","score":"1 - 0","startDate":"2015-07-29T18:45:00+00:00"},"events":[{"additional":"Yellow Card","eventTime":"90' + 2'","eventType":"type-yellow_card","main":"J. Forrest"},{"additional":"A. El Jadeyaoui","eventTime":"87'","eventType":"type-substitution","main":"R. Poepon"},{"additional":"Dani Quintana","eventTime":"82'","eventType":"type-substitution","main":"C. Diniyev"},{"additional":"K. Commons","eventTime":"82'","eventType":"type-goal","main":"D. Boyata"},{"additional":"N. Çiftçi","eventTime":"80'","eventType":"type-substitution","main":"K. Commons"},{"additional":"C. Tağıyev","eventTime":"73'","eventType":"type-substitution","main":"E. Məmmədov"},{"additional":"N. Bitton","eventTime":"69'","eventType":"type-substitution","main":"L. Griffiths"},{"additional":"S. Armstrong","eventTime":"62'","eventType":"type-substitution","main":"J. Forrest"},{"additional":"Yellow Card","eventTime":"62'","eventType":"type-yellow_card","main":"A. Agolli"},{"additional":"Yellow Card","eventTime":"44'","eventType":"type-yellow_card","main":"V. van Dijk"},{"additional":"Yellow Card","eventTime":"36'","eventType":"type-yellow_card","main":"E. Izaguirre"}],"stats":{"awayGates":"0","awayPasses":"0","awayPossession":100.0,"awayShots":"0","homeGates":"0","homePasses":"0","homePossession":0.0,"homeShots":"0"},"competition":"UEFA Champions League","date":"2015-07-29","match":"celtic-v-qaraba%C4%9F"}