{"result":{"awayTeamName":"Sparta Praha","homeTeamName":"CSKA Moskva","location":"Arena Khimki","score":"2 - 2","startDate":"2015-07-28T16:15:00+00:00"},"events":[{"additional":"B. Dočkal","eventTime":"90' + 2'","eventType":"type-substitution","main":"J. Brabec"},{"additional":"Yellow Card","eventTime":"90'","eventType":"type-yellow_card","main":"C. Strandberg"},{"additional":"Yellow Card","eventTime":"86'","eventType":"type-yellow_card","main":"P. Wernbloom"},{"additional":"Z. Tošić","eventTime":"86'","eventType":"type-substitution","main":"C. Strandberg"},{"additional":"L. Krejčí","eventTime":"84'","eventType":"type-substitution","main":"Marco Paixão"},{"additional":"A. Dzagoev","eventTime":"72'","eventType":"type-substitution","main":"G. Milanov"},{"additional":"Yellow Card","eventTime":"68'","eventType":"type-yellow_card","main":"M. Matějovský"},{"additional":"K. Fatai","eventTime":"57'","eventType":"type-substitution","main":"T. Konaté"},{"additional":"L. Vácha","eventTime":"57'","eventType":"type-goal","main":"L. Krejčí"},{"additional":"Goal","eventTime":"53'","eventType":"type-goal","main":"Z. Tošić"},{"additional":"Yellow Card","eventTime":"52'","eventType":"type-yellow_card","main":"Z. Tošić"},{"additional":"K. Nababkin","eventTime":"46'","eventType":"type-substitution","main":"G. Shchennikov"},{"additional":"Yellow Card","eventTime":"45' + 1'","eventType":"type-yellow_card","main":"K. Fatai"},{"additional":"Yellow Card","eventTime":"44'","eventType":"type-yellow_card","main":"L. Krejčí"},{"additional":"Yellow Card","eventTime":"29'","eventType":"type-yellow_card","main":"M. Holek"},{"additional":"Penalty Miss","eventTime":"29'","eventType":"type-penalty_miss","main":"B. Natcho"},{"additional":"Penalty Save","eventTime":"29'","eventType":"type-penalty_save","main":"D. Bičík"},{"additional":"C. Nhamoinesu","eventTime":"15'","eventType":"type-goal","main":"K. Fatai"},{"additional":"Z. Tošić","eventTime":"14'","eventType":"type-goal","main":"A. Dzagoev"}],"stats":{"awayGates":"0","awayPasses":"0","awayPossession":100.0,"awayShots":"0","homeGates":"0","homePasses":"0","homePossession":0.0,"homeShots":"0"},"competition":"UEFA Champions League","date":"2015-07-29","match":"cska-moskva-v-sparta-praha"}