{"result":{"awayTeamName":"Molde","homeTeamName":"Dinamo Zagreb","location":"Stadion Maksimir","score":"1 - 1","startDate":"2015-07-28T19:00:00+00:00"},"events":[{"additional":"Yellow Card","eventTime":"84'","eventType":"type-yellow_card","main":"Á. Henríquez"},{"additional":"K. Rindarøy","eventTime":"80'","eventType":"type-substitution","main":"R. Gabrielsen"},{"additional":"Yellow Card","eventTime":"80'","eventType":"type-yellow_card","main":"M. Rog"},{"additional":"J. Taravel","eventTime":"73'","eventType":"type-substitution","main":"J. Fernándes"},{"additional":"M. Mostrøm","eventTime":"72'","eventType":"type-substitution","main":"P. Flo"},{"additional":"E. Hussain","eventTime":"67'","eventType":"type-substitution","main":"D. Hestad"},{"additional":"Red Card","eventTime":"65'","eventType":"type-red_card","main":"Paulo Machado"},{"additional":"Paulo Machado","eventTime":"64'","eventType":"type-substitution","main":"M. Rog"},{"additional":"Yellow Card","eventTime":"62'","eventType":"type-yellow_card","main":"E. Hestad"},{"additional":"A. Mățel","eventTime":"56'","eventType":"type-substitution","main":"Ivo Pinto"},{"additional":"Yellow Card","eventTime":"55'","eventType":"type-yellow_card","main":"K. Rindarøy"},{"additional":"Yellow Card","eventTime":"52'","eventType":"type-yellow_card","main":"E. Hussain"},{"additional":"M. Linnes","eventTime":"21'","eventType":"type-goal","main":"O. Kamara"},{"additional":"J. Pivarić","eventTime":"18'","eventType":"type-goal","main":"Á. Henríquez"}],"stats":{"awayGates":"0","awayPasses":"0","awayPossession":100.0,"awayShots":"0","homeGates":"0","homePasses":"0","homePossession":0.0,"homeShots":"0"},"competition":"UEFA Champions League","date":"2015-07-29","match":"dinamo-zagreb-v-molde"}