{"result":{"awayTeamName":"Partizan","homeTeamName":"FCSB","location":"Arena Naţională","score":"1 - 1","startDate":"2015-07-29T18:30:00+00:00"},"events":[{"additional":"J. Hamroun","eventTime":"90' + 2'","eventType":"type-substitution","main":"V. Mihalcea"},{"additional":"S. Babović","eventTime":"83'","eventType":"type-substitution","main":"S. Ilić"},{"additional":"J. Hamroun","eventTime":"81'","eventType":"type-goal","main":"Fernando Varela"},{"additional":"Yellow Card","eventTime":"76'","eventType":"type-yellow_card","main":"Nemanja Petrović"},{"additional":"N. Breeveld","eventTime":"75'","eventType":"type-substitution","main":"A. Tahar"},{"additional":"Yellow Card","eventTime":"73'","eventType":"type-yellow_card","main":"N. Breeveld"},{"additional":"A. Oumarou","eventTime":"70'","eventType":"type-substitution","main":"N. Ninković"},{"additional":"A. Popa","eventTime":"65'","eventType":"type-substitution","main":"A. Tudorie"},{"additional":"Yellow Card","eventTime":"64'","eventType":"type-yellow_card","main":"Fernando Varela"},{"additional":"A. Živković","eventTime":"62'","eventType":"type-goal","main":"M. Vulićević"},{"additional":"Yellow Card","eventTime":"58'","eventType":"type-yellow_card","main":"Fabrício"},{"additional":"Yellow Card","eventTime":"40'","eventType":"type-yellow_card","main":"A. Popa"},{"additional":"V. Bozhinov","eventTime":"19'","eventType":"type-substitution","main":"I. Šaponjić"}],"stats":{"awayGates":"0","awayPasses":"0","awayPossession":100.0,"awayShots":"0","homeGates":"0","homePasses":"0","homePossession":0.0,"homeShots":"0"},"competition":"UEFA Champions League","date":"2015-07-29","match":"fcsb-v-partizan"}