{"result":{"awayTeamName":"Shakhtar Donetsk","homeTeamName":"Fenerbahçe","location":"Ülker Stadyumu Fenerbahçe Şükrü Saracoğlu Spor Kompleksi","score":"0 - 0","startDate":"2015-07-28T18:00:00+00:00"},"events":[{"additional":"Fred","eventTime":"90'","eventType":"type-substitution","main":"M. Malyshev"},{"additional":"Diego","eventTime":"84'","eventType":"type-substitution","main":"M. Stoch"},{"additional":"Yellow Card","eventTime":"84'","eventType":"type-yellow_card","main":"M. Stoch"},{"additional":"Taison","eventTime":"79'","eventType":"type-substitution","main":"V. Kovalenko"},{"additional":"Marlos","eventTime":"76'","eventType":"type-substitution","main":"Eduardo da Silva"},{"additional":"M. Sow","eventTime":"68'","eventType":"type-substitution","main":"R. van Persie"},{"additional":"M. Topal","eventTime":"64'","eventType":"type-substitution","main":"Raul Meireles"},{"additional":"Yellow Card","eventTime":"4'","eventType":"type-yellow_card","main":"Bruno Alves"}],"stats":{"awayGates":"0","awayPasses":"0","awayPossession":100.0,"awayShots":"0","homeGates":"0","homePasses":"0","homePossession":0.0,"homeShots":"0"},"competition":"UEFA Champions League","date":"2015-07-29","match":"fenerbah%C3%A7e-v-shakhtar-donetsk"}