{"result":{"awayTeamName":"Astana","homeTeamName":"HJK","location":"Telia 5G -areena","score":"0 - 0","startDate":"2015-07-29T16:00:00+00:00"},"events":[{"additional":"P. Twumasi","eventTime":"90' + 3'","eventType":"type-substitution","main":"A. Beysebekov"},{"additional":"M. Havenaar","eventTime":"90' + 2'","eventType":"type-substitution","main":"O. Jallow"},{"additional":"T. Nuserbayev","eventTime":"88'","eventType":"type-substitution","main":"A. Shchetkin"},{"additional":"F. Kéthévoama","eventTime":"80'","eventType":"type-substitution","main":"S. Muzhikov"},{"additional":"Yellow Card","eventTime":"79'","eventType":"type-yellow_card","main":"E. Postnikov"},{"additional":"Yellow Card","eventTime":"55'","eventType":"type-yellow_card","main":"G. Baah"},{"additional":"Yellow Card","eventTime":"35'","eventType":"type-yellow_card","main":"B. Dzholchiev"},{"additional":"Yellow Card","eventTime":"33'","eventType":"type-yellow_card","main":"E. Zeneli"}],"stats":{"awayGates":"0","awayPasses":"0","awayPossession":100.0,"awayShots":"0","homeGates":"0","homePasses":"0","homePossession":0.0,"homeShots":"0"},"competition":"UEFA Champions League","date":"2015-07-29","match":"hjk-v-astana"}