{"result":{"awayTeamName":"Basel","homeTeamName":"Lech Poznań","location":"INEA stadion","score":"1 - 3","startDate":"2015-07-29T18:45:00+00:00"},"events":[{"additional":"Red Card","eventTime":"90' + 3'","eventType":"type-red_card","main":"T. Xhaka"},{"additional":"T. Xhaka","eventTime":"90' + 2'","eventType":"type-goal","main":"D. Callà"},{"additional":"Z. Kuzmanović","eventTime":"86'","eventType":"type-substitution","main":"Mohamed Elneny"},{"additional":"Yellow Card","eventTime":"82'","eventType":"type-yellow_card","main":"T. Kádár"},{"additional":"M. Suchý","eventTime":"77'","eventType":"type-goal","main":"M. Janko"},{"additional":"S. Gashi","eventTime":"75'","eventType":"type-substitution","main":"D. Callà"},{"additional":"K. Hämäläinen","eventTime":"75'","eventType":"type-substitution","main":"G. Lovrencsics"},{"additional":"D. Formella","eventTime":"69'","eventType":"type-substitution","main":"K. Ceesay"},{"additional":"Yellow Card","eventTime":"69'","eventType":"type-yellow_card","main":"K. Linetty"},{"additional":"Penalty Miss","eventTime":"67'","eventType":"type-penalty_miss","main":"S. Gashi"},{"additional":"Penalty Save","eventTime":"67'","eventType":"type-penalty_save","main":"J. Burić"},{"additional":"Red Card","eventTime":"66'","eventType":"type-red_card","main":"T. Kędziora"},{"additional":"B. Embolo","eventTime":"61'","eventType":"type-substitution","main":"M. Janko"},{"additional":"D. Thomalla","eventTime":"55'","eventType":"type-substitution","main":"M. Robak"},{"additional":"Yellow Card","eventTime":"50'","eventType":"type-yellow_card","main":"D. Thomalla"},{"additional":"S. Pawłowski","eventTime":"36'","eventType":"type-goal","main":"D. Thomalla"},{"additional":"L. Zuffi","eventTime":"34'","eventType":"type-goal","main":"M. Lang"}],"stats":{"awayGates":"0","awayPasses":"0","awayPossession":100.0,"awayShots":"0","homeGates":"0","homePasses":"0","homePossession":0.0,"homeShots":"0"},"competition":"UEFA Champions League","date":"2015-07-29","match":"lech-pozna%C5%84-v-basel"}