{"result":{"awayTeamName":"Viktoria Plzeň","homeTeamName":"Maccabi Tel Aviv","location":"Bloomfield Stadium","score":"1 - 2","startDate":"2015-07-28T17:30:00+00:00"},"events":[{"additional":"M. Petržela","eventTime":"86'","eventType":"type-substitution","main":"J. Kopic"},{"additional":"Yellow Card","eventTime":"82'","eventType":"type-yellow_card","main":"Carlos García"},{"additional":"E. Zahavi","eventTime":"79'","eventType":"type-goal","main":"B. Itzhaki"},{"additional":"A. Mahmutović","eventTime":"75'","eventType":"type-substitution","main":"J. Holenda"},{"additional":"Yellow Card","eventTime":"74'","eventType":"type-yellow_card","main":"P. Hrošovský"},{"additional":"D. Kolář","eventTime":"70'","eventType":"type-substitution","main":"P. Hrošovský"},{"additional":"T. Ben Chaim","eventTime":"64'","eventType":"type-substitution","main":"B. Itzhaki"},{"additional":"E. Ben Basat","eventTime":"46'","eventType":"type-substitution","main":"A. Rikan"},{"additional":"D. Micha","eventTime":"46'","eventType":"type-substitution","main":"G. Vermouth"},{"additional":"V. Procházka","eventTime":"21'","eventType":"type-goal","main":"M. Petržela"},{"additional":"F. Rajtoral","eventTime":"17'","eventType":"type-goal","main":"A. Mahmutović"},{"additional":"Yellow Card","eventTime":"3'","eventType":"type-yellow_card","main":"T. Ben Haim"}],"stats":{"awayGates":"0","awayPasses":"0","awayPossession":100.0,"awayShots":"0","homeGates":"0","homePasses":"0","homePossession":0.0,"homeShots":"0"},"competition":"UEFA Champions League","date":"2015-07-29","match":"maccabi-tel-aviv-v-viktoria-plze%C5%88"}