{"result":{"awayTeamName":"APOEL","homeTeamName":"Midtjylland","location":"MCH Arena","score":"1 - 2","startDate":"2015-07-28T17:00:00+00:00"},"events":[{"additional":"Yellow Card","eventTime":"90' + 3'","eventType":"type-yellow_card","main":"A. Rømer"},{"additional":"Goal","eventTime":"88'","eventType":"type-goal","main":"J. Poulsen"},{"additional":"T. De Vincenti","eventTime":"84'","eventType":"type-substitution","main":"K. Charalambidis"},{"additional":"Luís Leal","eventTime":"78'","eventType":"type-substitution","main":"G. Efrem"},{"additional":"M. Pusic","eventTime":"71'","eventType":"type-substitution","main":"M. Rasmussen"},{"additional":"Vander","eventTime":"63'","eventType":"type-substitution","main":"P. Soteriou"},{"additional":"K. Olsson","eventTime":"63'","eventType":"type-substitution","main":"M. Ureña"},{"additional":"Goal","eventTime":"33'","eventType":"type-goal","main":"T. De Vincenti"},{"additional":"Own Goal","eventTime":"30'","eventType":"type-own_goal","main":"K. Hansen"},{"additional":"P. Andersson","eventTime":"27'","eventType":"type-substitution","main":"D. Royer"},{"additional":"Yellow Card","eventTime":"2'","eventType":"type-yellow_card","main":"Vander"}],"stats":{"awayGates":"0","awayPasses":"0","awayPossession":100.0,"awayShots":"0","homeGates":"0","homePasses":"0","homePossession":0.0,"homeShots":"0"},"competition":"UEFA Champions League","date":"2015-07-29","match":"midtjylland-v-apoel"}