{"result":{"awayTeamName":"Skënderbeu Korçë","homeTeamName":"Milsami","location":"Stadionul Zimbru","score":"0 - 2","startDate":"2015-07-28T17:00:00+00:00"},"events":[{"additional":"B. Berisha","eventTime":"90' + 2'","eventType":"type-substitution","main":"Ademir"},{"additional":"H. Salihi","eventTime":"90' + 1'","eventType":"type-substitution","main":"A. Abilaliaj"},{"additional":"L. Latifi","eventTime":"86'","eventType":"type-substitution","main":"G. Progni"},{"additional":"Yellow Card","eventTime":"76'","eventType":"type-yellow_card","main":"C. Bud"},{"additional":"V. Bolohan","eventTime":"74'","eventType":"type-substitution","main":"I. Banović"},{"additional":"Penalty Goal","eventTime":"73'","eventType":"type-penalty_goal","main":"H. Salihi"},{"additional":"Yellow Card","eventTime":"72'","eventType":"type-yellow_card","main":"O. Monday"},{"additional":"Yellow Card","eventTime":"68'","eventType":"type-yellow_card","main":"A. Rhaili"},{"additional":"Yellow Card","eventTime":"57'","eventType":"type-yellow_card","main":"V. Bolohan"},{"additional":"A. Pătraş","eventTime":"56'","eventType":"type-substitution","main":"A. Suvorov"},{"additional":"E. Zarichnyuk","eventTime":"51'","eventType":"type-substitution","main":"A. Antoniuc"},{"additional":"L. Latifi","eventTime":"49'","eventType":"type-goal","main":"H. Salihi"}],"stats":{"awayGates":"0","awayPasses":"0","awayPossession":100.0,"awayShots":"0","homeGates":"0","homePasses":"0","homePossession":0.0,"homeShots":"0"},"competition":"UEFA Champions League","date":"2015-07-29","match":"milsami-v-sk%C3%ABnderbeu-kor%C3%A7%C3%AB"}