{"result":{"awayTeamName":"Club Brugge","homeTeamName":"Panathinaikos","location":"Stadio Apóstolos Nikolaidis","score":"2 - 1","startDate":"2015-07-28T18:00:00+00:00"},"events":[{"additional":"Yellow Card","eventTime":"90'","eventType":"type-yellow_card","main":"D. Pranjić"},{"additional":"D. De fauw","eventTime":"80'","eventType":"type-substitution","main":"D. Cools"},{"additional":"N. Karelis","eventTime":"74'","eventType":"type-substitution","main":"R. Lod"},{"additional":"B. Bolingoli Mbombo","eventTime":"71'","eventType":"type-substitution","main":"T. De Sutter"},{"additional":"Penalty Goal","eventTime":"65'","eventType":"type-penalty_goal","main":"N. Karelis"},{"additional":"Víctor Vázquez","eventTime":"59'","eventType":"type-substitution","main":"J. Izquierdo"},{"additional":"S. Ninis","eventTime":"46'","eventType":"type-substitution","main":"K. Triantafyllopoulos"},{"additional":"A. Ajagun","eventTime":"46'","eventType":"type-substitution","main":"A. Lagos"},{"additional":"Red Card","eventTime":"43'","eventType":"type-red_card","main":"Sergio Sánchez"},{"additional":"S. Ninis","eventTime":"37'","eventType":"type-goal","main":"M. Berg"},{"additional":"Penalty Miss","eventTime":"34'","eventType":"type-penalty_miss","main":"M. Berg"},{"additional":"Penalty Save","eventTime":"34'","eventType":"type-penalty_save","main":"S. Bruzzese"},{"additional":"H. Vanaken","eventTime":"10'","eventType":"type-goal","main":"B. Bolingoli Mbombo"}],"stats":{"awayGates":"0","awayPasses":"0","awayPossession":100.0,"awayShots":"0","homeGates":"0","homePasses":"0","homePossession":0.0,"homeShots":"0"},"competition":"UEFA Champions League","date":"2015-07-29","match":"panathinaikos-v-club-brugge"}