{"result":{"awayTeamName":"Ajax","homeTeamName":"Rapid Wien","location":"Ernst-Happel-Stadion","score":"2 - 2","startDate":"2015-07-29T19:05:00+00:00"},"events":[{"additional":"A. Milik","eventTime":"84'","eventType":"type-substitution","main":"Y. Sanogo"},{"additional":"F. Kainz","eventTime":"84'","eventType":"type-substitution","main":"P. Huspek"},{"additional":"Yellow Card","eventTime":"76'","eventType":"type-yellow_card","main":"J. Veltman"},{"additional":"L. Schaub","eventTime":"76'","eventType":"type-goal","main":"R. Berič"},{"additional":"A. El Ghazi","eventTime":"74'","eventType":"type-substitution","main":"V. Fischer"},{"additional":"Yellow Card","eventTime":"71'","eventType":"type-yellow_card","main":"D. Klaassen"},{"additional":"P. Schobesberger","eventTime":"69'","eventType":"type-substitution","main":"L. Schaub"},{"additional":"S. Hofmann","eventTime":"60'","eventType":"type-substitution","main":"S. Grahovac"},{"additional":"Red Card","eventTime":"59'","eventType":"type-red_card","main":"S. Schwab"},{"additional":"R. Berič","eventTime":"48'","eventType":"type-goal","main":"F. Kainz"},{"additional":"A. Milik","eventTime":"43'","eventType":"type-goal","main":"D. Klaassen"},{"additional":"Yellow Card","eventTime":"42'","eventType":"type-yellow_card","main":"T. Petsos"},{"additional":"D. Sinkgraven","eventTime":"25'","eventType":"type-goal","main":"D. Klaassen"}],"stats":{"awayGates":"0","awayPasses":"0","awayPossession":100.0,"awayShots":"0","homeGates":"0","homePasses":"0","homePossession":0.0,"homeShots":"0"},"competition":"UEFA Champions League","date":"2015-07-29","match":"rapid-wien-v-ajax"}