{"result":{"awayTeamName":"Malmö FF","homeTeamName":"Salzburg","location":"Red Bull Arena","score":"2 - 0","startDate":"2015-07-29T17:00:00+00:00"},"events":[{"additional":"D. Atanga","eventTime":"90' + 2'","eventType":"type-substitution","main":"S. Lainer"},{"additional":"Yellow Card","eventTime":"90' + 2'","eventType":"type-yellow_card","main":"N. Keïta"},{"additional":"Penalty Goal","eventTime":"89'","eventType":"type-penalty_goal","main":"M. Hinteregger"},{"additional":"V. Rodić","eventTime":"77'","eventType":"type-substitution","main":"M. Eikrem"},{"additional":"M. Djuricin","eventTime":"76'","eventType":"type-substitution","main":"H. Nielsen"},{"additional":"D. Oberlin","eventTime":"63'","eventType":"type-substitution","main":"Felipe Pires"},{"additional":"T. Sana","eventTime":"61'","eventType":"type-substitution","main":"J. Berget"},{"additional":"C. Leitgeb","eventTime":"51'","eventType":"type-goal","main":"A. Ulmer"},{"additional":"Yellow Card","eventTime":"45' + 1'","eventType":"type-yellow_card","main":"M. Rosenberg"},{"additional":"Yellow Card","eventTime":"3'","eventType":"type-yellow_card","main":"K. Árnason"}],"stats":{"awayGates":"0","awayPasses":"0","awayPossession":100.0,"awayShots":"0","homeGates":"0","homePasses":"0","homePossession":0.0,"homeShots":"0"},"competition":"UEFA Champions League","date":"2015-07-29","match":"salzburg-v-malm%C3%B6-ff"}