{"result":{"awayTeamName":"BATE","homeTeamName":"Vidi","location":"Sóstói Stadion","score":"1 - 1","startDate":"2015-07-28T18:30:00+00:00"},"events":[{"additional":"Á. Gyurcsó","eventTime":"89'","eventType":"type-goal","main":"P. Vinícius"},{"additional":"M. Gordeychuk","eventTime":"85'","eventType":"type-substitution","main":"M. Volodko"},{"additional":"Yellow Card","eventTime":"78'","eventType":"type-yellow_card","main":"N. Signevich"},{"additional":"V. Rodionov","eventTime":"75'","eventType":"type-substitution","main":"N. Signevich"},{"additional":"R. Maréval","eventTime":"73'","eventType":"type-substitution","main":"A. Fejes"},{"additional":"A. Karnitskiy","eventTime":"64'","eventType":"type-substitution","main":"A. Rios"},{"additional":"I. Kovács","eventTime":"59'","eventType":"type-substitution","main":"Alhassane Soumah"},{"additional":"N. Nikolić","eventTime":"56'","eventType":"type-goal","main":"A. Karnitskiy"},{"additional":"Yellow Card","eventTime":"37'","eventType":"type-yellow_card","main":"N. Nikolić"},{"additional":"R. Juhász","eventTime":"30'","eventType":"type-substitution","main":"Á. Lang"},{"additional":"Yellow Card","eventTime":"15'","eventType":"type-yellow_card","main":"V. Rodionov"}],"stats":{"awayGates":"0","awayPasses":"0","awayPossession":100.0,"awayShots":"0","homeGates":"0","homePasses":"0","homePossession":0.0,"homeShots":"0"},"competition":"UEFA Champions League","date":"2015-07-29","match":"vidi-v-bate"}