{"result":{"awayTeamName":"Monaco","homeTeamName":"Young Boys","location":"STADE DE SUISSE Wankdorf Bern","score":"1 - 3","startDate":"2015-07-28T18:15:00+00:00"},"events":[{"additional":"N. Dirar","eventTime":"90' + 3'","eventType":"type-substitution","main":"F. Bahlouli"},{"additional":"Yellow Card","eventTime":"90' + 1'","eventType":"type-yellow_card","main":"M. Pašalić"},{"additional":"A. Martial","eventTime":"83'","eventType":"type-substitution","main":"S. El Shaarawy"},{"additional":"G. Hoarau","eventTime":"76'","eventType":"type-substitution","main":"S. Afum"},{"additional":"A. Martial","eventTime":"75'","eventType":"type-goal","main":"M. Pašalić"},{"additional":"S. Sutter","eventTime":"74'","eventType":"type-goal","main":"R. Nuzzolo"},{"additional":"João Moutinho","eventTime":"72'","eventType":"type-goal","main":"G. Carrillo"},{"additional":"Ivan Cavaleiro","eventTime":"70'","eventType":"type-substitution","main":"G. Carrillo"},{"additional":"Fabinho","eventTime":"64'","eventType":"type-goal","main":"L. Kurzawa"},{"additional":"S. Sanogo","eventTime":"60'","eventType":"type-substitution","main":"D. Zakaria"},{"additional":"L. Benito","eventTime":"51'","eventType":"type-substitution","main":"J. Lecjaks"}],"stats":{"awayGates":"0","awayPasses":"0","awayPossession":100.0,"awayShots":"0","homeGates":"0","homePasses":"0","homePossession":0.0,"homeShots":"0"},"competition":"UEFA Champions League","date":"2015-07-29","match":"young-boys-v-monaco"}