{"result":{"awayTeamName":"New York City","homeTeamName":"Houston Dynamo","location":"BBVA Compass Stadium","score":"0 - 2","startDate":"2016-10-01T00:00:00+00:00"},"events":[{"additional":"T. Taylor","eventTime":"90' + 1'","eventType":"type-goal","main":"David Villa"},{"additional":"R. Allen","eventTime":"89'","eventType":"type-substitution","main":"J. Hernández"},{"additional":"M. Manotas","eventTime":"81'","eventType":"type-substitution","main":"J. Escalante"},{"additional":"J. Harrison","eventTime":"79'","eventType":"type-substitution","main":"T. Taylor"},{"additional":"K. Shelton","eventTime":"77'","eventType":"type-substitution","main":"F. Bravo"},{"additional":"A. Wenger","eventTime":"74'","eventType":"type-substitution","main":"W. Bruin"},{"additional":"R. Clark","eventTime":"63'","eventType":"type-substitution","main":"C. Maidana"},{"additional":"Yellow Card","eventTime":"62'","eventType":"type-yellow_card","main":"T. McNamara"},{"additional":"Yellow Card","eventTime":"57'","eventType":"type-yellow_card","main":"Raúl Rodríguez"},{"additional":"A. Pirlo","eventTime":"52'","eventType":"type-goal","main":"David Villa"}],"stats":{"awayGates":"5","awayPasses":"485","awayPossession":57.5,"awayShots":"4","homeGates":"0","homePasses":"352","homePossession":42.5,"homeShots":"6"},"competition":"MLS","date":"2016-09-30","match":"houston-dynamo-v-new-york-city"}