{"result":{"awayTeamName":"Hoffenheim","homeTeamName":"Bayern München","location":"Allianz Arena","score":"3 - 1","startDate":"2018-08-24T18:30:00+00:00"},"events":[{"additional":"Goal","eventTime":"90'","eventType":"type-goal","main":"A. Robben"},{"additional":"Assist","eventTime":"90'","eventType":"type-assist","main":"T. Müller"},{"additional":"Assist","eventTime":"86'","eventType":"type-assist","main":"T. Müller"},{"additional":"F. Ribéry","eventTime":"83'","eventType":"type-substitution","main":"J. Rodríguez"},{"additional":"Penalty Goal","eventTime":"82'","eventType":"type-penalty_goal","main":"R. Lewandowski"},{"additional":"K. Vogt","eventTime":"74'","eventType":"type-substitution","main":"H. Nordtveit"},{"additional":"Javi Martínez","eventTime":"67'","eventType":"type-substitution","main":"L. Goretzka"},{"additional":"K. Nuhu","eventTime":"67'","eventType":"type-substitution","main":"K. Akpoguma"},{"additional":"Assist","eventTime":"57'","eventType":"type-assist","main":"E. Bičakčić"},{"additional":"Goal","eventTime":"57'","eventType":"type-goal","main":"Á. Szalai"},{"additional":"V. Grifo","eventTime":"46'","eventType":"type-substitution","main":"S. Zuber"},{"additional":"Yellow Card","eventTime":"45' + 5'","eventType":"type-yellow_card","main":"T. Müller"},{"additional":"K. Coman","eventTime":"45' + 4'","eventType":"type-substitution","main":"A. Robben"},{"additional":"Yellow Card","eventTime":"45' + 2'","eventType":"type-yellow_card","main":"N. Schulz"},{"additional":"Yellow Card","eventTime":"43'","eventType":"type-yellow_card","main":"P. Kadeřábek"},{"additional":"Yellow Card","eventTime":"29'","eventType":"type-yellow_card","main":"L. Bittencourt"},{"additional":"Assist","eventTime":"23'","eventType":"type-assist","main":"J. Kimmich"},{"additional":"Goal","eventTime":"23'","eventType":"type-goal","main":"T. Müller"},{"additional":"Yellow Card","eventTime":"21'","eventType":"type-yellow_card","main":"K. Nuhu"}],"stats":{"awayGates":"5","awayPasses":"277","awayPossession":32.900000000000006,"awayShots":"1","homeGates":"5","homePasses":"559","homePossession":67.1,"homeShots":"5"},"competition":"Bundesliga","date":"2018-08-24","match":"bayern-m%C3%BCnchen-v-hoffenheim"}