{"result":{"awayTeamName":"Sevilla","homeTeamName":"Dnipro Dnipropetrovsk","location":"Stadion Narodowy","score":"2 - 3","startDate":"2015-05-27T18:45:00+00:00"},"events":[{"eventType":"type-substitution"},{"eventType":"type-substitution"},{"eventType":"type-yellow_card"},{"eventType":"type-substitution"},{"eventType":"type-substitution"},{"eventType":"type-yellow_card"},{"eventType":"type-yellow_card"},{"eventType":"type-goal"},{"eventType":"type-yellow_card"},{"eventType":"type-substitution"},{"eventType":"type-yellow_card"},{"eventType":"type-substitution"},{"eventType":"type-yellow_card"},{"eventType":"type-yellow_card"},{"eventType":"type-goal"},{"eventType":"type-goal"},{"eventType":"type-goal"},{"eventType":"type-yellow_card"},{"eventType":"type-goal"}],"stats":{"awayGates":"5","awayPasses":"475","awayPossession":61.8,"awayShots":"9","homeGates":"4","homePasses":"284","homePossession":38.2,"homeShots":"4"},"competition":"UEFA Europa League","date":"2015-05-27","match":"dnipro-dnipropetrovsk-v-sevilla"}