{"result":{"awayTeamName":"Olympique Marseille","homeTeamName":"Montpellier","location":"Stade de la Mosson","score":"0 - 1","startDate":"2012-08-26T15:00:00+00:00"},"events":[{"additional":"M. Amalfitano","eventTime":"90' + 3'","eventType":"type-substitution","main":"R. Abdullah"},{"additional":"A. Gignac","eventTime":"89'","eventType":"type-substitution","main":"L. Rémy"},{"additional":"Yellow Card","eventTime":"84'","eventType":"type-yellow_card","main":"N. N'Koulou"},{"additional":"Y. Belhanda","eventTime":"79'","eventType":"type-substitution","main":"R. Cabella"},{"additional":"E. Herrera","eventTime":"79'","eventType":"type-substitution","main":"G. Charbonnier"},{"additional":"M. Amalfitano","eventTime":"77'","eventType":"type-goal","main":"A. Gignac"},{"additional":"M. Valbuena","eventTime":"75'","eventType":"type-substitution","main":"J. Ayew"},{"additional":"S. Camara","eventTime":"72'","eventType":"type-substitution","main":"A. Mounier"},{"additional":"Yellow Card","eventTime":"55'","eventType":"type-yellow_card","main":"D. Congré"},{"additional":"Yellow Card","eventTime":"46'","eventType":"type-yellow_card","main":"M. Yanga-Mbiwa"},{"additional":"Yellow Card","eventTime":"44'","eventType":"type-yellow_card","main":"M. Amalfitano"},{"additional":"Yellow Card","eventTime":"8'","eventType":"type-yellow_card","main":"M. Valbuena"}],"stats":{"awayGates":"0","awayPasses":"0","awayPossession":100.0,"awayShots":"0","homeGates":"0","homePasses":"0","homePossession":0.0,"homeShots":"0"},"competition":"Ligue 1","date":"2012-08-27","match":"montpellier-v-olympique-marseille"}