{"result":{"awayTeamName":"Bordeaux","homeTeamName":"PSG","location":"Parc des Princes","score":"0 - 0","startDate":"2012-08-26T19:00:00+00:00"},"events":[{"additional":"Yellow Card","eventTime":"88'","eventType":"type-yellow_card","main":"G. Sertic"},{"additional":"Jussiê","eventTime":"87'","eventType":"type-substitution","main":"N. Maurice-Belay"},{"additional":"B. Matuidi","eventTime":"81'","eventType":"type-substitution","main":"M. Verratti"},{"additional":"H. Saivet","eventTime":"77'","eventType":"type-substitution","main":"G. Sertic"},{"additional":"L. Obraniak","eventTime":"77'","eventType":"type-substitution","main":"J. Plašil"},{"additional":"Maxwell","eventTime":"69'","eventType":"type-substitution","main":"S. Armand"},{"additional":"A. Rabiot","eventTime":"61'","eventType":"type-substitution","main":"J. Ménez"},{"additional":"Yellow Card","eventTime":"36'","eventType":"type-yellow_card","main":"B. Matuidi"}],"stats":{"awayGates":"0","awayPasses":"0","awayPossession":100.0,"awayShots":"0","homeGates":"0","homePasses":"0","homePossession":0.0,"homeShots":"0"},"competition":"Ligue 1","date":"2012-08-27","match":"psg-v-bordeaux"}