{"result":{"awayTeamName":"Brest","homeTeamName":"Saint-Étienne","location":"Stade Geoffroy-Guichard","score":"4 - 0","startDate":"2012-08-26T15:00:00+00:00"},"events":[{"additional":"Yellow Card","eventTime":"84'","eventType":"type-yellow_card","main":"K. Chafni"},{"additional":"C. Benschop","eventTime":"72'","eventType":"type-substitution","main":"M. Licka"},{"additional":"P. Aubameyang","eventTime":"72'","eventType":"type-substitution","main":"I. Saadi"},{"additional":"R. Hamouma","eventTime":"68'","eventType":"type-substitution","main":"A. Alonso"},{"additional":"J. Guilavogui","eventTime":"65'","eventType":"type-substitution","main":"R. Cohade"},{"additional":"B. Lesoimier","eventTime":"63'","eventType":"type-substitution","main":"R. Soumah"},{"additional":"F. Lemoine","eventTime":"63'","eventType":"type-goal","main":"P. Aubameyang"},{"additional":"F. Clerc","eventTime":"61'","eventType":"type-goal","main":"J. Guilavogui"},{"additional":"G. Dernis","eventTime":"58'","eventType":"type-substitution","main":"E. Ben Basat"},{"additional":"Goal","eventTime":"30'","eventType":"type-goal","main":"R. Hamouma"},{"additional":"R. Hamouma","eventTime":"13'","eventType":"type-goal","main":"P. Aubameyang"}],"stats":{"awayGates":"0","awayPasses":"0","awayPossession":100.0,"awayShots":"0","homeGates":"0","homePasses":"0","homePossession":0.0,"homeShots":"0"},"competition":"Ligue 1","date":"2012-08-27","match":"saint-%C3%A9tienne-v-brest"}