{"result":{"awayTeamName":"Gimnàstic Tarragona","homeTeamName":"Burgos","location":"Estadio Municipal de El Plantío","score":"0 - 1","startDate":"2013-10-16T18:30:00+00:00"},"events":[{"additional":"Yellow Card","eventTime":"90' + 3'","eventType":"type-yellow_card","main":"L. Viale"},{"additional":"Yellow Card","eventTime":"90'","eventType":"type-yellow_card","main":"Manolo Reina"},{"additional":"Yellow Card","eventTime":"89'","eventType":"type-yellow_card","main":"Ferrán Giner"},{"additional":"Beñat Alemán","eventTime":"80'","eventType":"type-substitution","main":"David Sánchez"},{"additional":"Pacheta","eventTime":"79'","eventType":"type-substitution","main":"Gabri Ortega"},{"additional":"David Querol","eventTime":"78'","eventType":"type-substitution","main":"Ferrán Giner"},{"additional":"Enric Maureta","eventTime":"74'","eventType":"type-substitution","main":"Joaqui Flores"},{"additional":"Jesús Rubio","eventTime":"66'","eventType":"type-substitution","main":"Xavi Molina"},{"additional":"Yellow Card","eventTime":"59'","eventType":"type-yellow_card","main":"Pacheta"},{"additional":"Yellow Card","eventTime":"53'","eventType":"type-yellow_card","main":"Jesús Rubio"},{"additional":"Lander Yurrebaso","eventTime":"52'","eventType":"type-substitution","main":"Abdón Prats"},{"additional":"Penalty Goal","eventTime":"9'","eventType":"type-penalty_goal","main":"Marc Jiménez"}],"stats":{"awayGates":"0","awayPasses":"0","awayPossession":100.0,"awayShots":"0","homeGates":"0","homePasses":"0","homePossession":0.0,"homeShots":"0"},"competition":"Copa del Rey","date":"2013-10-16","match":"burgos-v-gimn%C3%A0stic-tarragona"}