{"result":{"awayTeamName":"Deportivo Alavés","homeTeamName":"Girona","location":"Estadi Municipal de Montilivi","score":"0 - 0","startDate":"2013-10-16T19:30:00+00:00"},"events":[{"additional":"Yellow Card","eventTime":"116'","eventType":"type-yellow_card","main":"Matamala"},{"additional":"Juanma","eventTime":"86'","eventType":"type-substitution","main":"Guzmán"},{"additional":"M. Quiroga","eventTime":"80'","eventType":"type-substitution","main":"Viguera"},{"additional":"Chus Herrero","eventTime":"74'","eventType":"type-substitution","main":"Migue"},{"additional":"Yellow Card","eventTime":"66'","eventType":"type-yellow_card","main":"Serrano"},{"additional":"Pere Pons","eventTime":"59'","eventType":"type-substitution","main":"Matamala"},{"additional":"Carlos Lázaro","eventTime":"50'","eventType":"type-substitution","main":"Álex Ortiz"},{"additional":"Felipe Sanchón","eventTime":"50'","eventType":"type-substitution","main":"Jandro Castro"}],"stats":{"awayGates":"0","awayPasses":"0","awayPossession":100.0,"awayShots":"0","homeGates":"0","homePasses":"0","homePossession":0.0,"homeShots":"0"},"competition":"Copa del Rey","date":"2013-10-16","match":"girona-v-deportivo-alav%C3%A9s"}