{"result":{"awayTeamName":"Algeciras","homeTeamName":"Haro","location":"Estadio Municipal El Mazo","score":"1 - 1","startDate":"2013-10-16T18:15:00+00:00"},"events":[{"additional":"Carlao Fernández","eventTime":"117'","eventType":"type-substitution","main":"Mario Pérez"},{"additional":"Yellow Card","eventTime":"115'","eventType":"type-yellow_card","main":"Unai Fernández"},{"additional":"Yellow 2nd/RC","eventTime":"112'","eventType":"type-second_yellow_card","main":"Borja Romero"},{"additional":"Breixo","eventTime":"111'","eventType":"type-substitution","main":"Javi López"},{"additional":"Yellow Card","eventTime":"104'","eventType":"type-yellow_card","main":"Javi Chico"},{"additional":"Arpón","eventTime":"86'","eventType":"type-substitution","main":"Unai Fernández"},{"additional":"Melchor","eventTime":"80'","eventType":"type-substitution","main":"Jesús Alfaro"},{"additional":"Yellow Card","eventTime":"64'","eventType":"type-yellow_card","main":"Carlao Fernández"},{"additional":"Parada","eventTime":"63'","eventType":"type-substitution","main":"Iván Turrillo"},{"additional":"Yellow Card","eventTime":"56'","eventType":"type-yellow_card","main":"Antonio Merino"},{"additional":"Yellow Card","eventTime":"50'","eventType":"type-yellow_card","main":"Borja Romero"},{"additional":"Yellow Card","eventTime":"34'","eventType":"type-yellow_card","main":"Carlitos"},{"additional":"Yellow Card","eventTime":"29'","eventType":"type-yellow_card","main":"Dani Suárez"},{"additional":"Goal","eventTime":"16'","eventType":"type-goal","main":"Breixo"},{"additional":"Goal","eventTime":"13'","eventType":"type-goal","main":"R. Harper"}],"stats":{"awayGates":"0","awayPasses":"0","awayPossession":100.0,"awayShots":"0","homeGates":"0","homePasses":"0","homePossession":0.0,"homeShots":"0"},"competition":"Copa del Rey","date":"2013-10-16","match":"haro-v-algeciras"}