{"result":{"awayTeamName":"Olímpic de Xàtiva","homeTeamName":"Laudio","location":"Campo Ellakuri","score":"2 - 2","startDate":"2013-10-16T18:00:00+00:00"},"events":[{"additional":"Christian Perales","eventTime":"115'","eventType":"type-substitution","main":"Kike Alcázar"},{"additional":"Goal","eventTime":"113'","eventType":"type-goal","main":"Pau Franch"},{"additional":"Penalty Goal","eventTime":"111'","eventType":"type-penalty_goal","main":"Bergara"},{"additional":"Yellow Card","eventTime":"111'","eventType":"type-yellow_card","main":"Nando Ramón"},{"additional":"Yellow Card","eventTime":"111'","eventType":"type-yellow_card","main":"Pau Franch"},{"additional":"Germán Beltrán","eventTime":"105'","eventType":"type-substitution","main":"Gorka Eraña"},{"additional":"Yellow Card","eventTime":"104'","eventType":"type-yellow_card","main":"Ander Larrucea"},{"additional":"Yellow Card","eventTime":"99'","eventType":"type-yellow_card","main":"Larraínzar"},{"additional":"Ander del Álamo","eventTime":"77'","eventType":"type-substitution","main":"Jarein"},{"additional":"Yellow Card","eventTime":"75'","eventType":"type-yellow_card","main":"Álex Casado"},{"additional":"Yellow Card","eventTime":"72'","eventType":"type-yellow_card","main":"Vicente Mendoza"},{"additional":"Goal","eventTime":"72'","eventType":"type-goal","main":"Álex Belda"},{"additional":"Edu Rifaterra","eventTime":"69'","eventType":"type-substitution","main":"Álex Vaquero"},{"additional":"Joseba del Olmo","eventTime":"68'","eventType":"type-substitution","main":"Salcedo"},{"additional":"José Peris","eventTime":"60'","eventType":"type-substitution","main":"Pau Franch"},{"additional":"Yellow Card","eventTime":"56'","eventType":"type-yellow_card","main":"Joseba del Olmo"},{"additional":"Goal","eventTime":"54'","eventType":"type-goal","main":"Bergara"},{"additional":"Yellow Card","eventTime":"54'","eventType":"type-yellow_card","main":"Pepín"},{"additional":"Yellow Card","eventTime":"39'","eventType":"type-yellow_card","main":"Joseba Agirre"},{"additional":"Yellow Card","eventTime":"27'","eventType":"type-yellow_card","main":"Edu Rifaterra"}],"stats":{"awayGates":"0","awayPasses":"0","awayPossession":100.0,"awayShots":"0","homeGates":"0","homePasses":"0","homePossession":0.0,"homeShots":"0"},"competition":"Copa del Rey","date":"2013-10-16","match":"laudio-v-ol%C3%ADmpic-de-x%C3%A0tiva"}