{"result":{"awayTeamName":"Racing Santander","homeTeamName":"Leganés","location":"Estadio Municipal de Butarque","score":"1 - 1","startDate":"2013-10-16T18:45:00+00:00"},"events":[{"additional":"Yellow Card","eventTime":"120' + 8'","eventType":"type-yellow_card","main":"Carlos Álvarez"},{"additional":"Yellow Card","eventTime":"120' + 7'","eventType":"type-yellow_card","main":"Álvaro García"},{"additional":"Yellow Card","eventTime":"107'","eventType":"type-yellow_card","main":"Orfila"},{"additional":"Rubén Durán","eventTime":"87'","eventType":"type-substitution","main":"Borja Granero"},{"additional":"Yellow Card","eventTime":"84'","eventType":"type-yellow_card","main":"Juanpe"},{"additional":"Sergio Postigo","eventTime":"77'","eventType":"type-substitution","main":"Fer Ruiz"},{"additional":"Ander Lafuente","eventTime":"64'","eventType":"type-substitution","main":"Saúl"},{"additional":"Yellow 2nd/RC","eventTime":"63'","eventType":"type-second_yellow_card","main":"Iñaki"},{"additional":"Carlos Martínez","eventTime":"55'","eventType":"type-substitution","main":"Jorge Alonso"},{"additional":"Velasco","eventTime":"49'","eventType":"type-substitution","main":"De La Vega"},{"additional":"Penalty Goal","eventTime":"48'","eventType":"type-penalty_goal","main":"Javi Soria"},{"additional":"Yellow Card","eventTime":"47'","eventType":"type-yellow_card","main":"Mikel Santamaría"},{"additional":"Andreu","eventTime":"46'","eventType":"type-substitution","main":"M. Koné"},{"additional":"Yellow Card","eventTime":"43'","eventType":"type-yellow_card","main":"Andreu"},{"additional":"Yellow Card","eventTime":"36'","eventType":"type-yellow_card","main":"Agustín Fernández"},{"additional":"Yellow Card","eventTime":"35'","eventType":"type-yellow_card","main":"Velasco"},{"additional":"Yellow Card","eventTime":"34'","eventType":"type-yellow_card","main":"Dani Gómez"},{"additional":"Yellow Card","eventTime":"26'","eventType":"type-yellow_card","main":"Iñaki"},{"additional":"Goal","eventTime":"17'","eventType":"type-goal","main":"Álvaro García"}],"stats":{"awayGates":"0","awayPasses":"0","awayPossession":100.0,"awayShots":"0","homeGates":"0","homePasses":"0","homePossession":0.0,"homeShots":"0"},"competition":"Copa del Rey","date":"2013-10-16","match":"legan%C3%A9s-v-racing-santander"}