{"result":{"awayTeamName":"Deportivo La Coruña","homeTeamName":"Real Jaén","location":"Nuevo Estadio La Victoria","score":"2 - 0","startDate":"2013-10-16T17:30:00+00:00"},"events":[{"additional":"Yellow Card","eventTime":"83'","eventType":"type-yellow_card","main":"Seoane"},{"additional":"Marchena","eventTime":"80'","eventType":"type-substitution","main":"Cañi"},{"additional":"Israel Jerez","eventTime":"80'","eventType":"type-substitution","main":"Alberto Cobo"},{"additional":"Goal","eventTime":"78'","eventType":"type-goal","main":"Juanma Espinosa"},{"additional":"Uxío Marcos","eventTime":"74'","eventType":"type-substitution","main":"Dani Iglesias"},{"additional":"Paulo Teles","eventTime":"74'","eventType":"type-substitution","main":"Antonio Núñez"},{"additional":"Goal","eventTime":"72'","eventType":"type-goal","main":"Servando Sánchez"},{"additional":"Fran Machado","eventTime":"61'","eventType":"type-substitution","main":"Mario Martos"},{"additional":"Óscar Quesada","eventTime":"46'","eventType":"type-substitution","main":"Juanma Espinosa"}],"stats":{"awayGates":"0","awayPasses":"0","awayPossession":100.0,"awayShots":"0","homeGates":"0","homePasses":"0","homePossession":0.0,"homeShots":"0"},"competition":"Copa del Rey","date":"2013-10-16","match":"real-ja%C3%A9n-v-deportivo-la-coru%C3%B1a"}