{"result":{"awayTeamName":"Lugo","homeTeamName":"Recreativo Huelva","location":"Estadio Nuevo Colombino","score":"1 - 0","startDate":"2013-10-16T19:30:00+00:00"},"events":[{"additional":"Ezequiel","eventTime":"88'","eventType":"type-substitution","main":"José Naranjo"},{"additional":"Yellow Card","eventTime":"83'","eventType":"type-yellow_card","main":"Miguel Tena"},{"additional":"Goal","eventTime":"79'","eventType":"type-goal","main":"Joselu"},{"additional":"Keko","eventTime":"73'","eventType":"type-substitution","main":"Dani Pedrosa"},{"additional":"F. Gallegos","eventTime":"73'","eventType":"type-substitution","main":"Jorge Lopes"},{"additional":"Álvaro Antón","eventTime":"66'","eventType":"type-substitution","main":"Jorge Merino"},{"additional":"David de Coz","eventTime":"50'","eventType":"type-substitution","main":"Laro Setién"},{"additional":"Víctor Marco","eventTime":"50'","eventType":"type-substitution","main":"Manu"},{"additional":"Yellow Card","eventTime":"40'","eventType":"type-yellow_card","main":"Víctor Marco"}],"stats":{"awayGates":"0","awayPasses":"0","awayPossession":100.0,"awayShots":"0","homeGates":"0","homePasses":"0","homePossession":0.0,"homeShots":"0"},"competition":"Copa del Rey","date":"2013-10-16","match":"recreativo-huelva-v-lugo"}