{"result":{"awayTeamName":"FC Cartagena","homeTeamName":"Tudelano","location":"Estadio Municipal Ciudad de Tudela","score":"1 - 4","startDate":"2013-10-16T14:30:00+00:00"},"events":[{"additional":"Fernando Rodríguez","eventTime":"89'","eventType":"type-substitution","main":"Diego Segura"},{"additional":"Goal","eventTime":"88'","eventType":"type-goal","main":"Menudo"},{"additional":"Penalty Goal","eventTime":"85'","eventType":"type-penalty_goal","main":"Jordi Martí"},{"additional":"Yellow Card","eventTime":"84'","eventType":"type-yellow_card","main":"Mariano"},{"additional":"Goal","eventTime":"83'","eventType":"type-goal","main":"Fernando Rodríguez"},{"additional":"F. Ruiz","eventTime":"81'","eventType":"type-substitution","main":"Menudo"},{"additional":"Yellow Card","eventTime":"81'","eventType":"type-yellow_card","main":"Antoñito"},{"additional":"Yellow 2nd/RC","eventTime":"80'","eventType":"type-second_yellow_card","main":"Víctor Bravo"},{"additional":"Juan Azpilicueta","eventTime":"80'","eventType":"type-substitution","main":"Aitor Pons"},{"additional":"Yellow Card","eventTime":"78'","eventType":"type-yellow_card","main":"Carlos de Lerma"},{"additional":"Antonio Megías","eventTime":"72'","eventType":"type-substitution","main":"Carlos de Lerma"},{"additional":"Pérez Rubio","eventTime":"71'","eventType":"type-substitution","main":"Álvaro Barbosa"},{"additional":"Yellow Card","eventTime":"69'","eventType":"type-yellow_card","main":"Jesús Lalaguna"},{"additional":"Goal","eventTime":"66'","eventType":"type-goal","main":"F. Ruiz"},{"additional":"Álex Sánchez","eventTime":"65'","eventType":"type-substitution","main":"Fernando Esparza"},{"additional":"Goal","eventTime":"49'","eventType":"type-goal","main":"Antonio Megías"},{"additional":"Yellow Card","eventTime":"40'","eventType":"type-yellow_card","main":"Víctor Bravo"},{"additional":"Yellow Card","eventTime":"38'","eventType":"type-yellow_card","main":"Riau"},{"additional":"Yellow Card","eventTime":"34'","eventType":"type-yellow_card","main":"Carlos Moreno"}],"stats":{"awayGates":"0","awayPasses":"0","awayPossession":100.0,"awayShots":"0","homeGates":"0","homePasses":"0","homePossession":0.0,"homeShots":"0"},"competition":"Copa del Rey","date":"2013-10-16","match":"tudelano-v-fc-cartagena"}