{"result":{"awayTeamName":"Lleida Esportiu","homeTeamName":"Xerez","location":"Complejo Deportivo La Granja","score":"1 - 3","startDate":"2013-10-16T18:30:00+00:00"},"events":[{"additional":"Jaime Mata","eventTime":"90' + 16'","eventType":"type-substitution","main":"Pere Milla"},{"additional":"Goal","eventTime":"90' + 11'","eventType":"type-goal","main":"Jaime Mata"},{"additional":"Penalty Goal","eventTime":"89'","eventType":"type-penalty_goal","main":"Iván Aguilar"},{"additional":"Jairo Cordero","eventTime":"80'","eventType":"type-substitution","main":"Pedrito"},{"additional":"Penalty Goal","eventTime":"71'","eventType":"type-penalty_goal","main":"Jesús Imaz"},{"additional":"Yellow Card","eventTime":"70'","eventType":"type-yellow_card","main":"Jairo Cordero"},{"additional":"Melo","eventTime":"68'","eventType":"type-substitution","main":"Chirri"},{"additional":"Juanse Pegalajar","eventTime":"62'","eventType":"type-substitution","main":"Nico"},{"additional":"Mario Fuentes","eventTime":"59'","eventType":"type-substitution","main":"Javi Monforte"},{"additional":"Yellow Card","eventTime":"57'","eventType":"type-yellow_card","main":"Biel Medina"},{"additional":"Aitor Aldalur","eventTime":"55'","eventType":"type-substitution","main":"Raúl Fuster"},{"additional":"Yellow Card","eventTime":"51'","eventType":"type-yellow_card","main":"Dani Albacete"},{"additional":"Yellow Card","eventTime":"29'","eventType":"type-yellow_card","main":"Curro Sánchez"},{"additional":"Yellow Card","eventTime":"29'","eventType":"type-yellow_card","main":"Aitor Aldalur"},{"additional":"Goal","eventTime":"4'","eventType":"type-goal","main":"Jesús Imaz"},{"additional":"Yellow Card","eventTime":"1'","eventType":"type-yellow_card","main":"Iván Aguilar"}],"stats":{"awayGates":"0","awayPasses":"0","awayPossession":100.0,"awayShots":"0","homeGates":"0","homePasses":"0","homePossession":0.0,"homeShots":"0"},"competition":"Copa del Rey","date":"2013-10-16","match":"xerez-v-lleida-esportiu"}