{"result":{"awayTeamName":"Los Angeles FC","homeTeamName":"LA Galaxy","location":"Stubhub Center","score":"1 - 1","startDate":"2018-08-25T02:30:00+00:00"},"events":[{"additional":"D. Romney","eventTime":"89'","eventType":"type-substitution","main":"D. Steres"},{"additional":"Yellow Card","eventTime":"86'","eventType":"type-yellow_card","main":"D. Romney"},{"additional":"S. Carrasco","eventTime":"77'","eventType":"type-substitution","main":"B. Jamieson"},{"additional":"B. Feilhaber","eventTime":"77'","eventType":"type-substitution","main":"André Horta"},{"additional":"Yellow Card","eventTime":"67'","eventType":"type-yellow_card","main":"J. Skjelvik"},{"additional":"C. Ramírez","eventTime":"64'","eventType":"type-substitution","main":"L. Blessing"},{"additional":"Yellow Card","eventTime":"59'","eventType":"type-yellow_card","main":"Z. Ibrahimović"},{"additional":"Goal","eventTime":"51'","eventType":"type-goal","main":"C. Vela"},{"additional":"Yellow Card","eventTime":"48'","eventType":"type-yellow_card","main":"B. Feilhaber"},{"additional":"Yellow Card","eventTime":"45' + 2'","eventType":"type-yellow_card","main":"C. Pontius"},{"additional":"Danilo Silva","eventTime":"27'","eventType":"type-substitution","main":"D. Jaković"},{"additional":"Yellow Card","eventTime":"18'","eventType":"type-yellow_card","main":"R. Feltscher"},{"additional":"O. Kamara","eventTime":"15'","eventType":"type-goal","main":"Z. Ibrahimović"}],"stats":{"awayGates":"7","awayPasses":"385","awayPossession":50.4,"awayShots":"5","homeGates":"4","homePasses":"369","homePossession":49.6,"homeShots":"5"},"competition":"MLS","date":"2018-08-24","match":"la-galaxy-v-los-angeles-fc"}