{"result":{"awayTeamName":"Atlanta United","homeTeamName":"Orlando City","location":"Orlando City Stadium","score":"1 - 2","startDate":"2018-08-25T00:00:00+00:00"},"events":[{"additional":"Yellow Card","eventTime":"90' + 3'","eventType":"type-yellow_card","main":"J. Spector"},{"additional":"J. Martínez","eventTime":"90' + 1'","eventType":"type-substitution","main":"R. Williams"},{"additional":"E. Barco","eventTime":"90' + 1'","eventType":"type-substitution","main":"K. Kratz"},{"additional":"W. Johnson","eventTime":"87'","eventType":"type-substitution","main":"José Villarreal"},{"additional":"Yellow Card","eventTime":"86'","eventType":"type-yellow_card","main":"Oriol Rosell"},{"additional":"H. Villalba","eventTime":"83'","eventType":"type-substitution","main":"M. Robinson"},{"additional":"Yellow Card","eventTime":"75'","eventType":"type-yellow_card","main":"J. Martínez"},{"additional":"J. Gressel","eventTime":"74'","eventType":"type-goal","main":"J. Martínez"},{"additional":"C. Ascues","eventTime":"67'","eventType":"type-substitution","main":"Stéfano"},{"additional":"J. Colmán","eventTime":"61'","eventType":"type-substitution","main":"P. Da Silva"},{"additional":"Yellow Card","eventTime":"60'","eventType":"type-yellow_card","main":"W. Johnson"},{"additional":"W. Johnson","eventTime":"39'","eventType":"type-goal","main":"S. Sutter"},{"additional":"Goal","eventTime":"21'","eventType":"type-goal","main":"L. González Pírez"}],"stats":{"awayGates":"9","awayPasses":"560","awayPossession":61.6,"awayShots":"5","homeGates":"4","homePasses":"351","homePossession":38.4,"homeShots":"2"},"competition":"MLS","date":"2018-08-24","match":"orlando-city-v-atlanta-united"}