{"result":{"awayTeamName":"Wolfsburg","homeTeamName":"Hannover 96","location":"HDI-Arena","score":"0 - 1","startDate":"2018-01-28T17:00:00+00:00"},"events":[{"additional":"Y. Mallı","eventTime":"90' + 1'","eventType":"type-substitution","main":"S. Jung"},{"additional":"Yellow Card","eventTime":"90'","eventType":"type-yellow_card","main":"M. Arnold"},{"additional":"O. Sorg","eventTime":"85'","eventType":"type-substitution","main":"C. Benschop"},{"additional":"D. Didavi","eventTime":"84'","eventType":"type-substitution","main":"E. Rexhbecaj"},{"additional":"Yellow Card","eventTime":"77'","eventType":"type-yellow_card","main":"M. Harnik"},{"additional":"P. Schwegler","eventTime":"75'","eventType":"type-substitution","main":"K. Karaman"},{"additional":"M. Tisserand","eventTime":"72'","eventType":"type-goal","main":"Y. Mallı"},{"additional":"J. Elez","eventTime":"66'","eventType":"type-substitution","main":"I. Bebou"},{"additional":"Yellow Card","eventTime":"62'","eventType":"type-yellow_card","main":"P. Schwegler"},{"additional":"Yellow Card","eventTime":"59'","eventType":"type-yellow_card","main":"Y. Gerhardt"},{"additional":"Yellow Card","eventTime":"41'","eventType":"type-yellow_card","main":"M. Tisserand"}],"stats":{"awayGates":"2","awayPasses":"388","awayPossession":42.1,"awayShots":"1","homeGates":"3","homePasses":"530","homePossession":57.9,"homeShots":"5"},"competition":"Bundesliga","date":"2018-01-29","match":"hannover-96-v-wolfsburg"}