{"result":{"awayTeamName":"Guingamp","homeTeamName":"Rennes","location":"Roazhon Park","score":"1 - 0","startDate":"2016-09-30T18:45:00+00:00"},"events":[{"additional":"Yellow Card","eventTime":"90' + 3'","eventType":"type-yellow_card","main":"A. Diakhaby"},{"additional":"Pedro Henrique","eventTime":"90' + 2'","eventType":"type-goal","main":"A. Diakhaby"},{"additional":"M. Coco","eventTime":"90' + 2'","eventType":"type-substitution","main":"N. De Pauw"},{"additional":"P. Ntep","eventTime":"89'","eventType":"type-substitution","main":"Pedro Henrique"},{"additional":"Y. Salibur","eventTime":"84'","eventType":"type-substitution","main":"B. Sankoh"},{"additional":"A. Hunou","eventTime":"79'","eventType":"type-substitution","main":"A. Diakhaby"},{"additional":"T. Giresse","eventTime":"66'","eventType":"type-substitution","main":"L. Blas"},{"additional":"G. Sio","eventTime":"60'","eventType":"type-substitution","main":"W. Saïd"},{"additional":"Yellow Card","eventTime":"45' + 2'","eventType":"type-yellow_card","main":"A. Hunou"},{"additional":"Yellow Card","eventTime":"39'","eventType":"type-yellow_card","main":"M. Diallo"},{"additional":"Yellow Card","eventTime":"30'","eventType":"type-yellow_card","main":"M. Coco"}],"stats":{"awayGates":"1","awayPasses":"320","awayPossession":35.7,"awayShots":"3","homeGates":"3","homePasses":"574","homePossession":64.3,"homeShots":"5"},"competition":"Ligue 1","date":"2016-09-30","match":"rennes-v-guingamp"}