{"result":{"awayTeamName":"New York RB","homeTeamName":"Atlanta United","location":"Bobby Dodd Stadium","score":"1 - 2","startDate":"2017-03-06T00:30:00+00:00"},"events":[{"additional":"Red Card","eventTime":"88'","eventType":"type-red_card","main":"C. Carmona"},{"additional":"H. Villalba","eventTime":"85'","eventType":"type-substitution","main":"K. Jones"},{"additional":"Own Goal","eventTime":"82'","eventType":"type-own_goal","main":"A. Walkes"},{"additional":"L. González Pírez","eventTime":"81'","eventType":"type-substitution","main":"A. Walkes"},{"additional":"J. Gressel","eventTime":"81'","eventType":"type-substitution","main":"J. Larentowicz"},{"additional":"S. Klještan","eventTime":"76'","eventType":"type-goal","main":"D. Royer"},{"additional":"S. Davis","eventTime":"69'","eventType":"type-substitution","main":"D. Etienne"},{"additional":"Yellow Card","eventTime":"66'","eventType":"type-yellow_card","main":"D. Perrinelle"},{"additional":"A. Muyl","eventTime":"54'","eventType":"type-substitution","main":"M. Grella"},{"additional":"Yellow Card","eventTime":"49'","eventType":"type-yellow_card","main":"J. Martínez"},{"additional":"Yellow Card","eventTime":"38'","eventType":"type-yellow_card","main":"S. Zizzo"},{"additional":"T. Mears","eventTime":"25'","eventType":"type-goal","main":"Y. Asad"}],"stats":{"awayGates":"5","awayPasses":"348","awayPossession":45.0,"awayShots":"1","homeGates":"4","homePasses":"423","homePossession":55.0,"homeShots":"5"},"competition":"MLS","date":"2017-03-06","match":"atlanta-united-v-new-york-rb"}