{"result":{"awayTeamName":"New York City","homeTeamName":"Orlando City","location":"Orlando City Stadium","score":"1 - 0","startDate":"2017-03-05T22:00:00+00:00"},"events":[{"additional":"M. Pérez García","eventTime":"89'","eventType":"type-substitution","main":"H. Barry"},{"additional":"A. Ring","eventTime":"84'","eventType":"type-substitution","main":"S. Okoli"},{"additional":"R. Allen","eventTime":"77'","eventType":"type-substitution","main":"T. McNamara"},{"additional":"C. Larin","eventTime":"74'","eventType":"type-substitution","main":"C. Higuita"},{"additional":"Yellow Card","eventTime":"67'","eventType":"type-yellow_card","main":"A. Ring"},{"additional":"R. Wallace","eventTime":"64'","eventType":"type-substitution","main":"K. Shelton"},{"additional":"Yellow Card","eventTime":"61'","eventType":"type-yellow_card","main":"W. Johnson"},{"additional":"Yellow Card","eventTime":"30'","eventType":"type-yellow_card","main":"R. Wallace"},{"additional":"G. Barnes","eventTime":"15'","eventType":"type-goal","main":"C. Larin"},{"additional":"Kaká","eventTime":"11'","eventType":"type-substitution","main":"G. Barnes"}],"stats":{"awayGates":"7","awayPasses":"544","awayPossession":68.4,"awayShots":"7","homeGates":"1","homePasses":"260","homePossession":31.6,"homeShots":"4"},"competition":"MLS","date":"2017-03-06","match":"orlando-city-v-new-york-city"}