{"result":{"awayTeamName":"Philadelphia Union","homeTeamName":"Vancouver Whitecaps","location":"BC Place Stadium","score":"0 - 0","startDate":"2017-03-06T02:30:00+00:00"},"events":[{"additional":"Yellow Card","eventTime":"80'","eventType":"type-yellow_card","main":"F. Herbers"},{"additional":"C. Techera","eventTime":"77'","eventType":"type-substitution","main":"N. Mezquida"},{"additional":"C. Pontius","eventTime":"71'","eventType":"type-substitution","main":"F. Picault"},{"additional":"J. Simpson","eventTime":"61'","eventType":"type-substitution","main":"C. Sapong"},{"additional":"K. Manneh","eventTime":"59'","eventType":"type-substitution","main":"F. Montero"},{"additional":"E. Hurtado","eventTime":"59'","eventType":"type-substitution","main":"B. Shea"},{"additional":"Yellow Card","eventTime":"55'","eventType":"type-yellow_card","main":"M. Laba"}],"stats":{"awayGates":"5","awayPasses":"497","awayPossession":54.4,"awayShots":"0","homeGates":"1","homePasses":"412","homePossession":45.6,"homeShots":"6"},"competition":"MLS","date":"2017-03-06","match":"vancouver-whitecaps-v-philadelphia-union"}