{"result":{"awayTeamName":"Liverpool","homeTeamName":"Porto","location":"Estádio Do Dragão","score":"0 - 5","startDate":"2018-02-14T19:45:00+00:00"},"events":[{"additional":"Assist","eventTime":"85'","eventType":"type-assist","main":"D. Ings"},{"additional":"Goal","eventTime":"85'","eventType":"type-goal","main":"S. Mané"},{"additional":"Roberto Firmino","eventTime":"80'","eventType":"type-substitution","main":"D. Ings"},{"additional":"T. Alexander-Arnold","eventTime":"79'","eventType":"type-substitution","main":"J. Gomez"},{"additional":"J. Henderson","eventTime":"75'","eventType":"type-substitution","main":"J. Matip"},{"additional":"Tiquinho","eventTime":"74'","eventType":"type-substitution","main":"Gonçalo Paciência"},{"additional":"Assist","eventTime":"69'","eventType":"type-assist","main":"J. Milner"},{"additional":"Goal","eventTime":"69'","eventType":"type-goal","main":"Roberto Firmino"},{"additional":"Y. Brahimi","eventTime":"62'","eventType":"type-substitution","main":"A. Waris"},{"additional":"Goal","eventTime":"53'","eventType":"type-goal","main":"S. Mané"},{"additional":"Otavinho","eventTime":"46'","eventType":"type-substitution","main":"Jesús Corona"},{"additional":"Goal","eventTime":"29'","eventType":"type-goal","main":"Mohamed Salah"},{"additional":"Assist","eventTime":"25'","eventType":"type-assist","main":"G. Wijnaldum"},{"additional":"Goal","eventTime":"25'","eventType":"type-goal","main":"S. Mané"}],"stats":{"awayGates":"6","awayPasses":"606","awayPossession":55.3,"awayShots":"6","homeGates":"3","homePasses":"475","homePossession":44.7,"homeShots":"3"},"competition":"UEFA Champions League","date":"2018-02-15","match":"porto-v-liverpool"}