{"result":{"awayTeamName":"PSG","homeTeamName":"Real Madrid","location":"Estadio Santiago Bernabéu","score":"3 - 1","startDate":"2018-02-14T19:45:00+00:00"},"events":[{"additional":"Yellow Card","eventTime":"90'","eventType":"type-yellow_card","main":"T. Meunier"},{"additional":"Assist","eventTime":"86'","eventType":"type-assist","main":"Marco Asensio"},{"additional":"Goal","eventTime":"86'","eventType":"type-goal","main":"Marcelo"},{"additional":"G. Lo Celso","eventTime":"84'","eventType":"type-substitution","main":"J. Draxler"},{"additional":"Goal","eventTime":"83'","eventType":"type-goal","main":"Cristiano Ronaldo"},{"additional":"Isco","eventTime":"79'","eventType":"type-substitution","main":"Marco Asensio"},{"additional":"Casemiro","eventTime":"79'","eventType":"type-substitution","main":"Lucas Vázquez"},{"additional":"Yellow Card","eventTime":"78'","eventType":"type-yellow_card","main":"Nacho"},{"additional":"K. Benzema","eventTime":"68'","eventType":"type-substitution","main":"G. Bale"},{"additional":"E. Cavani","eventTime":"66'","eventType":"type-substitution","main":"T. Meunier"},{"additional":"Yellow Card","eventTime":"64'","eventType":"type-yellow_card","main":"A. Rabiot"},{"additional":"Penalty Goal","eventTime":"45'","eventType":"type-penalty_goal","main":"Cristiano Ronaldo"},{"additional":"Goal","eventTime":"33'","eventType":"type-goal","main":"A. Rabiot"},{"additional":"Yellow Card","eventTime":"32'","eventType":"type-yellow_card","main":"Isco"},{"additional":"Yellow Card","eventTime":"25'","eventType":"type-yellow_card","main":"G. Lo Celso"},{"additional":"Yellow Card","eventTime":"14'","eventType":"type-yellow_card","main":"Neymar"}],"stats":{"awayGates":"4","awayPasses":"463","awayPossession":49.6,"awayShots":"5","homeGates":"8","homePasses":"469","homePossession":50.4,"homeShots":"4"},"competition":"UEFA Champions League","date":"2018-02-15","match":"real-madrid-v-psg"}