{"result":{"awayTeamName":"Malawi","homeTeamName":"South Africa","location":"Royal Bafokeng Stadium","score":"0 - 0","startDate":"2015-05-27T17:30:00+00:00"},"events":[{"additional":"Penalty SO Miss","eventTime":"","eventType":"type-penalty_so_miss","main":"S. Nhlapo"},{"additional":"Penalty SO Goal","eventTime":"","eventType":"type-penalty_so_goal","main":"R. Ngalande"},{"additional":"Penalty SO Goal","eventTime":"","eventType":"type-penalty_so_goal","main":"L. Manyama"},{"additional":"Penalty SO Goal","eventTime":"","eventType":"type-penalty_so_goal","main":"L. Malata"},{"additional":"Penalty SO Miss","eventTime":"","eventType":"type-penalty_so_miss","main":"M. van Heerden"},{"additional":"Penalty SO Miss","eventTime":"","eventType":"type-penalty_so_miss","main":"M. Mhone"},{"additional":"Penalty SO Goal","eventTime":"","eventType":"type-penalty_so_goal","main":"M. Madisha"},{"additional":"Penalty SO Goal","eventTime":"","eventType":"type-penalty_so_goal","main":"Z. Mkanda"},{"additional":"Penalty SO Goal","eventTime":"","eventType":"type-penalty_so_goal","main":"M. Nyanda"},{"additional":"Penalty SO Goal","eventTime":"","eventType":"type-penalty_so_goal","main":"L. Mzava"},{"additional":"Penalty SO Goal","eventTime":"","eventType":"type-penalty_so_goal","main":"C. Daniels"},{"additional":"Penalty SO Goal","eventTime":"","eventType":"type-penalty_so_goal","main":"F. Banda"},{"additional":"T. Kumwenda","eventTime":"82'","eventType":"type-substitution","main":"R. Ngalande"},{"additional":"Yellow Card","eventTime":"81'","eventType":"type-yellow_card","main":"M. Madisha"},{"additional":"G. Phiri","eventTime":"78'","eventType":"type-substitution","main":"F. Banda"},{"additional":"P. Bhengu","eventTime":"63'","eventType":"type-substitution","main":"L. Manyama"},{"additional":"G. Motupa","eventTime":"60'","eventType":"type-substitution","main":"H. Ekstein"},{"additional":"T. Morena","eventTime":"41'","eventType":"type-substitution","main":"M. Nyanda"},{"additional":"M. Sulumba","eventTime":"35'","eventType":"type-substitution","main":"Z. Mkanda"}],"stats":{"awayGates":"0","awayPasses":"0","awayPossession":100.0,"awayShots":"0","homeGates":"0","homePasses":"0","homePossession":0.0,"homeShots":"0"},"competition":"Friendlies","date":"2015-05-27","match":"south-africa-v-malawi"}