{"result":{"awayTeamName":"Ghana","homeTeamName":"Zambia","location":"Royal Bafokeng Stadium","score":"3 - 0","startDate":"2015-05-27T15:00:00+00:00"},"events":[{"additional":"Yellow Card","eventTime":"90'","eventType":"type-yellow_card","main":"A. Mukuka"},{"additional":"N. Sinkala","eventTime":"85'","eventType":"type-substitution","main":"P. Katema"},{"additional":"J. Mwanza","eventTime":"82'","eventType":"type-substitution","main":"K. Mudenda"},{"additional":"Yellow Card","eventTime":"82'","eventType":"type-yellow_card","main":"N. Sinkala"},{"additional":"B. Mwape","eventTime":"70'","eventType":"type-substitution","main":"P. Daka"},{"additional":"H. Kwofie","eventTime":"67'","eventType":"type-substitution","main":"Z. Mumuni"},{"additional":"Yellow Card","eventTime":"57'","eventType":"type-yellow_card","main":"B. Mwape"},{"additional":"B. Morrison","eventTime":"51'","eventType":"type-substitution","main":"K. Boateng"},{"additional":"J. Tijani","eventTime":"44'","eventType":"type-substitution","main":"E. Asante"},{"additional":"A. Mukuka","eventTime":"42'","eventType":"type-goal","main":"N. Sinkala"},{"additional":"J. Mwanza","eventTime":"29'","eventType":"type-goal","main":"A. Katebe"},{"additional":"J. Mwanza","eventTime":"25'","eventType":"type-goal","main":"B. Mwape"},{"additional":"Yellow Card","eventTime":"11'","eventType":"type-yellow_card","main":"B. Morrison"},{"additional":"Yellow Card","eventTime":"6'","eventType":"type-yellow_card","main":"D. Nkausu"}],"stats":{"awayGates":"0","awayPasses":"0","awayPossession":100.0,"awayShots":"0","homeGates":"0","homePasses":"0","homePossession":0.0,"homeShots":"0"},"competition":"Friendlies","date":"2015-05-27","match":"zambia-v-ghana"}