{"result":{"awayTeamName":"Olympique Lyonnais","homeTeamName":"Bordeaux","location":"Stade Matmut-Atlantique","score":"3 - 1","startDate":"2018-01-28T16:00:00+00:00"},"events":[{"additional":"N. de Préville","eventTime":"90' + 4'","eventType":"type-substitution","main":"Z. Youssouf"},{"additional":"Yellow Card","eventTime":"84'","eventType":"type-yellow_card","main":"Marcelo"},{"additional":"Malcom","eventTime":"80'","eventType":"type-substitution","main":"T. Pellenard"},{"additional":"G. Laborde","eventTime":"67'","eventType":"type-substitution","main":"Y. Sankharé"},{"additional":"M. Cornet","eventTime":"63'","eventType":"type-substitution","main":"B. Traoré"},{"additional":"Yellow Card","eventTime":"61'","eventType":"type-yellow_card","main":"N. de Préville"},{"additional":"Rafael","eventTime":"45'","eventType":"type-substitution","main":"K. Tete"},{"additional":"L. Tousart","eventTime":"45'","eventType":"type-substitution","main":"M. Depay"},{"additional":"Goal","eventTime":"45' + 2'","eventType":"type-goal","main":"G. Laborde"},{"additional":"N. Fekir","eventTime":"44'","eventType":"type-goal","main":"Marcelo"},{"additional":"Yellow Card","eventTime":"36'","eventType":"type-yellow_card","main":"Otávio"},{"additional":"Goal","eventTime":"27'","eventType":"type-goal","main":"Malcom"},{"additional":"S. Meïté","eventTime":"22'","eventType":"type-goal","main":"N. de Préville"},{"additional":"Yellow Card","eventTime":"19'","eventType":"type-yellow_card","main":"Rafael"},{"additional":"Yellow Card","eventTime":"11'","eventType":"type-yellow_card","main":"N. Fekir"}],"stats":{"awayGates":"4","awayPasses":"642","awayPossession":65.6,"awayShots":"3","homeGates":"4","homePasses":"334","homePossession":34.4,"homeShots":"4"},"competition":"Ligue 1","date":"2018-01-29","match":"bordeaux-v-olympique-lyonnais"}