{"result":{"awayTeamName":"Strasbourg","homeTeamName":"Lille","location":"Stade Pierre-Mauroy","score":"2 - 1","startDate":"2018-01-28T14:00:00+00:00"},"events":[{"additional":"J. Martin","eventTime":"90' + 2'","eventType":"type-substitution","main":"J. Blayac"},{"additional":"A. El Ghazi","eventTime":"90' + 1'","eventType":"type-goal","main":"Edgar Ié"},{"additional":"F. Ballo","eventTime":"87'","eventType":"type-substitution","main":"H. Mendyl"},{"additional":"D. Liénard","eventTime":"87'","eventType":"type-substitution","main":"J. Grimm"},{"additional":"D. Foulquier","eventTime":"78'","eventType":"type-goal","main":"I. Saadi"},{"additional":"N. Pépé","eventTime":"76'","eventType":"type-goal","main":"A. El Ghazi"},{"additional":"Nuno Da Costa","eventTime":"74'","eventType":"type-substitution","main":"I. Saadi"},{"additional":"I. Faraj","eventTime":"67'","eventType":"type-substitution","main":"A. El Ghazi"},{"additional":"Y. Bissouma","eventTime":"56'","eventType":"type-substitution","main":"Y. Benzia"},{"additional":"Yellow Card","eventTime":"51'","eventType":"type-yellow_card","main":"K. Lala"},{"additional":"Yellow Card","eventTime":"28'","eventType":"type-yellow_card","main":"K. Dabila"}],"stats":{"awayGates":"2","awayPasses":"367","awayPossession":41.3,"awayShots":"5","homeGates":"5","homePasses":"523","homePossession":58.7,"homeShots":"2"},"competition":"Ligue 1","date":"2018-01-29","match":"lille-v-strasbourg"}