{"result":{"awayTeamName":"Monaco","homeTeamName":"Olympique Marseille","location":"Orange Vélodrome","score":"2 - 2","startDate":"2018-01-28T20:00:00+00:00"},"events":[{"additional":"V. Germain","eventTime":"90' + 2'","eventType":"type-substitution","main":"K. Mitroglou"},{"additional":"Yellow Card","eventTime":"85'","eventType":"type-yellow_card","main":"B. Sarr"},{"additional":"D. Payet","eventTime":"84'","eventType":"type-substitution","main":"C. N'Jie"},{"additional":"Yellow Card","eventTime":"70'","eventType":"type-yellow_card","main":"M. Sanson"},{"additional":"R. Ghezzal","eventTime":"69'","eventType":"type-substitution","main":"Rony Lopes"},{"additional":"D. Sidibé","eventTime":"51'","eventType":"type-goal","main":"Fabinho"},{"additional":"L. Ocampos","eventTime":"49'","eventType":"type-substitution","main":"A. Zambo Anguissa"},{"additional":"D. Payet","eventTime":"47'","eventType":"type-goal","main":"V. Germain"},{"additional":"Yellow Card","eventTime":"45' + 2'","eventType":"type-yellow_card","main":"R. Ghezzal"},{"additional":"Yellow Card","eventTime":"36'","eventType":"type-yellow_card","main":"D. Payet"},{"additional":"Yellow Card","eventTime":"33'","eventType":"type-yellow_card","main":"K. Glik"},{"additional":"F. Thauvin","eventTime":"7'","eventType":"type-goal","main":"A. Rami"},{"additional":"Goal","eventTime":"4'","eventType":"type-goal","main":"K. Baldé"}],"stats":{"awayGates":"3","awayPasses":"368","awayPossession":45.0,"awayShots":"2","homeGates":"6","homePasses":"451","homePossession":55.0,"homeShots":"6"},"competition":"Ligue 1","date":"2018-01-29","match":"olympique-marseille-v-monaco"}