{"result":{"awayTeamName":"Nice","homeTeamName":"Caen","location":"Stade Michel d'Ornano","score":"1 - 0","startDate":"2016-11-06T14:00:00+00:00"},"events":[{"additional":"F. Guilbert","eventTime":"90' + 3'","eventType":"type-substitution","main":"I. Diomandé"},{"additional":"M. Bodmer","eventTime":"89'","eventType":"type-substitution","main":"A. Donis"},{"additional":"R. Rodelin","eventTime":"88'","eventType":"type-substitution","main":"Y. Karamoh"},{"additional":"Yellow Card","eventTime":"84'","eventType":"type-yellow_card","main":"M. Balotelli"},{"additional":"V. Bessat","eventTime":"80'","eventType":"type-substitution","main":"S. Malbranque"},{"additional":"Yellow Card","eventTime":"79'","eventType":"type-yellow_card","main":"R. Vercoutre"},{"additional":"Yellow Card","eventTime":"79'","eventType":"type-yellow_card","main":"A. Pléa"},{"additional":"Yellow Card","eventTime":"65'","eventType":"type-yellow_card","main":"J. Makengo"},{"additional":"Goal","eventTime":"42'","eventType":"type-goal","main":"I. Santini"},{"additional":"Yellow Card","eventTime":"26'","eventType":"type-yellow_card","main":"Dante"}],"stats":{"awayGates":"1","awayPasses":"630","awayPossession":67.8,"awayShots":"3","homeGates":"7","homePasses":"293","homePossession":32.2,"homeShots":"3"},"competition":"Ligue 1","date":"2016-11-06","match":"caen-v-nice"}