{"result":{"awayTeamName":"Saint-Étienne","homeTeamName":"Metz","location":"Stade Saint-Symphorien","score":"0 - 0","startDate":"2016-11-06T16:00:00+00:00"},"events":[{"additional":"O. N'Guette","eventTime":"90' + 2'","eventType":"type-substitution","main":"G. Hein"},{"additional":"V. Pajot","eventTime":"86'","eventType":"type-substitution","main":"B. Dabo"},{"additional":"K. Lejeune","eventTime":"73'","eventType":"type-substitution","main":"Y. Jouffre"},{"additional":"A. Nordin","eventTime":"69'","eventType":"type-substitution","main":"A. Søderlund"},{"additional":"M. Erdinç","eventTime":"69'","eventType":"type-substitution","main":"I. Sarr"},{"additional":"H. Saivet","eventTime":"63'","eventType":"type-substitution","main":"K. Monnet-Paquet"},{"additional":"Yellow Card","eventTime":"45' + 2'","eventType":"type-yellow_card","main":"G. Mandjeck"},{"additional":"Yellow Card","eventTime":"35'","eventType":"type-yellow_card","main":"O. Tannane"},{"additional":"Yellow Card","eventTime":"9'","eventType":"type-yellow_card","main":"C. M'Bengue"},{"additional":"Yellow Card","eventTime":"8'","eventType":"type-yellow_card","main":"R. Cohade"}],"stats":{"awayGates":"2","awayPasses":"385","awayPossession":48.6,"awayShots":"5","homeGates":"2","homePasses":"408","homePossession":51.4,"homeShots":"5"},"competition":"Ligue 1","date":"2016-11-06","match":"metz-v-saint-%C3%A9tienne"}