{"result":{"awayTeamName":"Rennes","homeTeamName":"PSG","location":"Parc des Princes","score":"4 - 0","startDate":"2016-11-06T19:45:00+00:00"},"events":[{"additional":"Assist","eventTime":"79'","eventType":"type-assist","main":"H. Ben Arfa"},{"additional":"Goal","eventTime":"79'","eventType":"type-goal","main":"M. Verratti"},{"additional":"P. Ntep","eventTime":"78'","eventType":"type-substitution","main":"A. Diakhaby"},{"additional":"Lucas Moura","eventTime":"69'","eventType":"type-substitution","main":"H. Ben Arfa"},{"additional":"Assist","eventTime":"67'","eventType":"type-assist","main":"Á. Di María"},{"additional":"Goal","eventTime":"67'","eventType":"type-goal","main":"A. Rabiot"},{"additional":"R. Bensebaini","eventTime":"63'","eventType":"type-substitution","main":"N. Janvier"},{"additional":"B. Matuidi","eventTime":"61'","eventType":"type-substitution","main":"T. Motta"},{"additional":"Yellow Card","eventTime":"61'","eventType":"type-yellow_card","main":"Marquinhos"},{"additional":"Pedro Henrique","eventTime":"56'","eventType":"type-substitution","main":"K. Grosicki"},{"additional":"Yellow Card","eventTime":"50'","eventType":"type-yellow_card","main":"Pedro Henrique"},{"additional":"Yellow Card","eventTime":"48'","eventType":"type-yellow_card","main":"Pedro Mendes"},{"additional":"E. Cavani","eventTime":"45' + 2'","eventType":"type-substitution","main":"Jesé"},{"additional":"Goal","eventTime":"42'","eventType":"type-goal","main":"E. Cavani"},{"additional":"Own Goal","eventTime":"31'","eventType":"type-own_goal","main":"G. Fernandes"}],"stats":{"awayGates":"1","awayPasses":"429","awayPossession":36.4,"awayShots":"1","homeGates":"6","homePasses":"734","homePossession":63.6,"homeShots":"8"},"competition":"Ligue 1","date":"2016-11-06","match":"psg-v-rennes"}