{"result":{"awayTeamName":"Morelia","homeTeamName":"Pumas UNAM","location":"Estadio Olímpico de Universitario","score":"1 - 1","startDate":"2016-11-06T18:00:00+00:00"},"events":[{"additional":"Yellow Card","eventTime":"90' + 3'","eventType":"type-yellow_card","main":"Alejandro Palacios"},{"additional":"Yellow Card","eventTime":"90' + 2'","eventType":"type-yellow_card","main":"Abraham"},{"additional":"Yellow Card","eventTime":"90'","eventType":"type-yellow_card","main":"F. Rodríguez"},{"additional":"Yellow Card","eventTime":"84'","eventType":"type-yellow_card","main":"G. Alcoba"},{"additional":"D. Valdés","eventTime":"83'","eventType":"type-substitution","main":"J. Zárate"},{"additional":"Yellow Card","eventTime":"82'","eventType":"type-yellow_card","main":"S. Vegas"},{"additional":"R. Millar","eventTime":"74'","eventType":"type-substitution","main":"C. Morales"},{"additional":"Yellow Card","eventTime":"74'","eventType":"type-yellow_card","main":"L. Fuentes"},{"additional":"Goal","eventTime":"71'","eventType":"type-goal","main":"S. Palacios Macedo"},{"additional":"K. Escamilla","eventTime":"69'","eventType":"type-substitution","main":"E. Herrera"},{"additional":"Fidel Martínez","eventTime":"45'","eventType":"type-substitution","main":"S. Palacios Macedo"},{"additional":"M. Sansores","eventTime":"45'","eventType":"type-substitution","main":"D. Cabrera"},{"additional":"M. Sansores","eventTime":"5'","eventType":"type-goal","main":"R. Ruidíaz"}],"stats":{"awayGates":"2","awayPasses":"236","awayPossession":38.4,"awayShots":"4","homeGates":"7","homePasses":"352","homePossession":61.6,"homeShots":"15"},"competition":"Liga MX","date":"2016-11-06","match":"pumas-unam-v-morelia"}