{"result":{"awayTeamName":"Chiapas","homeTeamName":"Santos Laguna","location":"Estadio Nuevo Corona","score":"2 - 0","startDate":"2016-11-07T00:00:00+00:00"},"events":[{"additional":"Yellow Card","eventTime":"90' + 3'","eventType":"type-yellow_card","main":"Bruno Pires"},{"additional":"Jonathan Rodríguez","eventTime":"90' + 1'","eventType":"type-substitution","main":"M. Bravo"},{"additional":"Djaniny","eventTime":"87'","eventType":"type-substitution","main":"F. Hinestroza"},{"additional":"D. Villalpando","eventTime":"73'","eventType":"type-substitution","main":"J. Escoboza"},{"additional":"D. De La Torre","eventTime":"70'","eventType":"type-substitution","main":"H. Ruiz"},{"additional":"Yellow Card","eventTime":"69'","eventType":"type-yellow_card","main":"D. De La Torre"},{"additional":"U. Rivas","eventTime":"65'","eventType":"type-substitution","main":"D. De Buen"},{"additional":"L. Mendoza","eventTime":"60'","eventType":"type-substitution","main":"J. Ayoví"},{"additional":"Goal","eventTime":"52'","eventType":"type-goal","main":"U. Dávila"},{"additional":"Djaniny","eventTime":"47'","eventType":"type-goal","main":"W. Sandoval"},{"additional":"Yellow Card","eventTime":"5'","eventType":"type-yellow_card","main":"J. Patiño"}],"stats":{"awayGates":"1","awayPasses":"443","awayPossession":52.7,"awayShots":"8","homeGates":"2","homePasses":"394","homePossession":47.3,"homeShots":"9"},"competition":"Liga MX","date":"2016-11-06","match":"santos-laguna-v-chiapas"}