{"result":{"awayTeamName":"Jamaica","homeTeamName":"Korea Republic","location":"Mardan Stadyumu","score":"2 - 2","startDate":"2018-01-30T11:00:00+00:00"},"events":[{"additional":"Yun Young-Sun","eventTime":"83'","eventType":"type-substitution","main":"Jung Seung-Hyun"},{"additional":"D. Williams","eventTime":"83'","eventType":"type-substitution","main":"T. Shaw"},{"additional":"Jung Woo-Young","eventTime":"83'","eventType":"type-substitution","main":"Kim Min-Jae"},{"additional":"K. Lawrence","eventTime":"82'","eventType":"type-substitution","main":"S. Lawes"},{"additional":"A. Knight","eventTime":"82'","eventType":"type-substitution","main":"S. Paul"},{"additional":"Lee Keun-Ho","eventTime":"82'","eventType":"type-substitution","main":"Lee Seung-Ki"},{"additional":"Yellow Card","eventTime":"79'","eventType":"type-yellow_card","main":"Kim Jin-Su"},{"additional":"J. Watson","eventTime":"72'","eventType":"type-goal","main":"M. Foster"},{"additional":"Jung Woo-Young","eventTime":"62'","eventType":"type-goal","main":"Kim Shin-Wook"},{"additional":"J. East","eventTime":"58'","eventType":"type-substitution","main":"M. Foster"},{"additional":"R. Morris","eventTime":"57'","eventType":"type-substitution","main":"J. Hardware"},{"additional":"Choi Chul-Soon","eventTime":"55'","eventType":"type-goal","main":"Kim Shin-Wook"},{"additional":"Yellow Card","eventTime":"49'","eventType":"type-yellow_card","main":"S. Francis"},{"additional":"Son Joon-Ho","eventTime":"45'","eventType":"type-substitution","main":"Kim Seong-Jun"},{"additional":"Lee Chang-Min","eventTime":"45'","eventType":"type-substitution","main":"Kim Seung-Dae"},{"additional":"Yellow Card","eventTime":"40'","eventType":"type-yellow_card","main":"D. Kelly"},{"additional":"Goal","eventTime":"5'","eventType":"type-goal","main":"D. Kelly"}],"stats":{"awayGates":"2","awayPasses":"344","awayPossession":40.7,"awayShots":"0","homeGates":"7","homePasses":"482","homePossession":59.3,"homeShots":"11"},"competition":"Friendlies","date":"2018-01-29","match":"korea-republic-v-jamaica"}