{"result":{"awayTeamName":"Bosnia-Herzegovina","homeTeamName":"United States","location":"Stubhub Center","score":"0 - 0","startDate":"2018-01-29T02:30:00+00:00"},"events":[{"additional":"L. Menalo","eventTime":"84'","eventType":"type-substitution","main":"E. Ibisevic"},{"additional":"W. Trapp","eventTime":"83'","eventType":"type-substitution","main":"R. Rubin"},{"additional":"E. Sarić","eventTime":"80'","eventType":"type-substitution","main":"N. Bilbija"},{"additional":"Yellow Card","eventTime":"75'","eventType":"type-yellow_card","main":"D. Todorović"},{"additional":"H. Medunjanin","eventTime":"72'","eventType":"type-substitution","main":"D. Beširović"},{"additional":"Yellow Card","eventTime":"70'","eventType":"type-yellow_card","main":"O. Todorović"},{"additional":"G. Zakarić","eventTime":"69'","eventType":"type-substitution","main":"O. Todorović"},{"additional":"C. Roldan","eventTime":"68'","eventType":"type-substitution","main":"J. Agudelo"},{"additional":"Penalty Miss","eventTime":"53'","eventType":"type-penalty_miss","main":"H. Medunjanin"},{"additional":"T. Tomić","eventTime":"46'","eventType":"type-substitution","main":"M. Ćavar"},{"additional":"M. Ahmetovic","eventTime":"46'","eventType":"type-substitution","main":"E. Koljič"},{"additional":"B. Hamid","eventTime":"46'","eventType":"type-substitution","main":"Z. Steffen"},{"additional":"C. Sapong","eventTime":"46'","eventType":"type-substitution","main":"K. Rowe"},{"additional":"G. Zardes","eventTime":"46'","eventType":"type-substitution","main":"P. Arriola"},{"additional":"Yellow Card","eventTime":"36'","eventType":"type-yellow_card","main":"J. Morrow"}],"stats":{"awayGates":"2","awayPasses":"472","awayPossession":49.8,"awayShots":"6","homeGates":"3","homePasses":"460","homePossession":50.2,"homeShots":"6"},"competition":"Friendlies","date":"2018-01-29","match":"united-states-v-bosnia-herzegovina"}