{"result":{"awayTeamName":"Montreal Impact","homeTeamName":"LA Galaxy","location":"Stubhub Center","score":"1 - 0","startDate":"2013-10-17T02:30:00+00:00"},"events":[{"additional":"José Villarreal","eventTime":"83'","eventType":"type-substitution","main":"H. Jiménez"},{"additional":"Sanna Nyassi","eventTime":"81'","eventType":"type-substitution","main":"B. Smith"},{"additional":"Yellow Card","eventTime":"74'","eventType":"type-yellow_card","main":"A. Romero"},{"additional":"H. Bernardello","eventTime":"71'","eventType":"type-substitution","main":"Felipe Martins"},{"additional":"Yellow Card","eventTime":"69'","eventType":"type-yellow_card","main":"K. Opare"},{"additional":"Goal","eventTime":"68'","eventType":"type-goal","main":"K. Opare"},{"additional":"A. Pisanu","eventTime":"64'","eventType":"type-substitution","main":"A. Romero"},{"additional":"M. Stephens","eventTime":"60'","eventType":"type-substitution","main":"L. Courtois"},{"additional":"J. McBean","eventTime":"60'","eventType":"type-substitution","main":"R. Keane"},{"additional":"Yellow Card","eventTime":"48'","eventType":"type-yellow_card","main":"H. Camara"},{"additional":"Yellow Card","eventTime":"34'","eventType":"type-yellow_card","main":"C. Warner"}],"stats":{"awayGates":"0","awayPasses":"0","awayPossession":100.0,"awayShots":"0","homeGates":"0","homePasses":"0","homePossession":0.0,"homeShots":"0"},"competition":"MLS","date":"2013-10-16","match":"la-galaxy-v-montreal-impact"}