{"result":{"awayTeamName":"Greuther Fürth","homeTeamName":"Mainz 05","location":"OPEL ARENA","score":"0 - 1","startDate":"2012-08-31T18:30:00+00:00"},"events":[{"additional":"Yellow Card","eventTime":"90' + 2'","eventType":"type-yellow_card","main":"I. Azemi"},{"additional":"F. Klaus","eventTime":"90' + 1'","eventType":"type-substitution","main":"L. Sobiech"},{"additional":"Á. Szalai","eventTime":"85'","eventType":"type-substitution","main":"Y. Mallı"},{"additional":"N. Müller","eventTime":"80'","eventType":"type-substitution","main":"M. Risse"},{"additional":"J. Baumgartlinger","eventTime":"80'","eventType":"type-substitution","main":"E. Polanski"},{"additional":"D. Fall","eventTime":"66'","eventType":"type-substitution","main":"I. Azemi"},{"additional":"M. Peković","eventTime":"66'","eventType":"type-substitution","main":"T. Petsos"},{"additional":"I. Azemi","eventTime":"66'","eventType":"type-goal","main":"F. Klaus"},{"additional":"Yellow Card","eventTime":"34'","eventType":"type-yellow_card","main":"H. Schmidtgal"},{"additional":"Yellow Card","eventTime":"26'","eventType":"type-yellow_card","main":"M. Peković"},{"additional":"Yellow Card","eventTime":"23'","eventType":"type-yellow_card","main":"N. Noveski"}],"stats":{"awayGates":"0","awayPasses":"0","awayPossession":100.0,"awayShots":"0","homeGates":"0","homePasses":"0","homePossession":0.0,"homeShots":"0"},"competition":"Bundesliga","date":"2012-08-31","match":"mainz-05-v-greuther-f%C3%BCrth"}