{"result":{"awayTeamName":"Mainz 05","homeTeamName":"RB Leipzig","location":"Red Bull Arena","score":"3 - 1","startDate":"2016-11-06T14:30:00+00:00"},"events":[{"additional":"E. Forsberg","eventTime":"86'","eventType":"type-substitution","main":"D. Kaiser"},{"additional":"Yellow Card","eventTime":"85'","eventType":"type-yellow_card","main":"André Ramalho"},{"additional":"Yellow Card","eventTime":"80'","eventType":"type-yellow_card","main":"S. Bell"},{"additional":"Y. Poulsen","eventTime":"79'","eventType":"type-substitution","main":"D. Selke"},{"additional":"A. Hack","eventTime":"74'","eventType":"type-goal","main":"S. Bell"},{"additional":"T. Werner","eventTime":"69'","eventType":"type-substitution","main":"O. Burke"},{"additional":"J. Gbamin","eventTime":"67'","eventType":"type-substitution","main":"André Ramalho"},{"additional":"Yellow Card","eventTime":"55'","eventType":"type-yellow_card","main":"D. Brosinski"},{"additional":"Jairo Samperio","eventTime":"45'","eventType":"type-substitution","main":"S. Bell"},{"additional":"E. Forsberg","eventTime":"44'","eventType":"type-goal","main":"T. Werner"},{"additional":"S. Serdar","eventTime":"32'","eventType":"type-substitution","main":"Y. Mallı"},{"additional":"T. Werner","eventTime":"21'","eventType":"type-goal","main":"E. Forsberg"},{"additional":"E. Forsberg","eventTime":"3'","eventType":"type-goal","main":"T. Werner"}],"stats":{"awayGates":"3","awayPasses":"443","awayPossession":50.4,"awayShots":"4","homeGates":"5","homePasses":"456","homePossession":49.6,"homeShots":"5"},"competition":"Bundesliga","date":"2016-11-06","match":"rb-leipzig-v-mainz-05"}