{"result":{"awayTeamName":"Werder Bremen","homeTeamName":"Schalke 04","location":"VELTINS-Arena","score":"3 - 1","startDate":"2016-11-06T16:30:00+00:00"},"events":[{"additional":"E. Choupo-Moting","eventTime":"90' + 1'","eventType":"type-substitution","main":"Y. Konoplyanka"},{"additional":"M. Meyer","eventTime":"88'","eventType":"type-substitution","main":"A. Baba"},{"additional":"Yellow Card","eventTime":"84'","eventType":"type-yellow_card","main":"B. Stambouli"},{"additional":"N. Bentaleb","eventTime":"80'","eventType":"type-substitution","main":"B. Stambouli"},{"additional":"F. Bartels","eventTime":"70'","eventType":"type-substitution","main":"C. Pizarro"},{"additional":"Yellow Card","eventTime":"68'","eventType":"type-yellow_card","main":"S. García"},{"additional":"C. Fritz","eventTime":"64'","eventType":"type-substitution","main":"I. Hajrović"},{"additional":"S. Kolašinac","eventTime":"63'","eventType":"type-goal","main":"A. Schöpf"},{"additional":"Yellow Card","eventTime":"54'","eventType":"type-yellow_card","main":"N. Bentaleb"},{"additional":"Yellow Card","eventTime":"43'","eventType":"type-yellow_card","main":"T. Petsos"},{"additional":"Goal","eventTime":"42'","eventType":"type-goal","main":"S. Gnabry"},{"additional":"Goal","eventTime":"38'","eventType":"type-goal","main":"N. Bentaleb"},{"additional":"Yellow Card","eventTime":"37'","eventType":"type-yellow_card","main":"M. Veljkovic"},{"additional":"Goal","eventTime":"35'","eventType":"type-goal","main":"A. Schöpf"}],"stats":{"awayGates":"5","awayPasses":"460","awayPossession":47.4,"awayShots":"3","homeGates":"6","homePasses":"501","homePossession":52.6,"homeShots":"13"},"competition":"Bundesliga","date":"2016-11-06","match":"schalke-04-v-werder-bremen"}