{"result":{"awayTeamName":"Olympique Marseille","homeTeamName":"Lorient","location":"Stade Yves Allainmat - Le Moustoir","score":"1 - 4","startDate":"2017-03-05T14:00:00+00:00"},"events":[{"additional":"R. Cabella","eventTime":"75'","eventType":"type-substitution","main":"Dória"},{"additional":"A. Waris","eventTime":"73'","eventType":"type-goal","main":"B. Moukandjo"},{"additional":"D. Payet","eventTime":"68'","eventType":"type-substitution","main":"C. N'Jie"},{"additional":"J. Aliadière","eventTime":"66'","eventType":"type-substitution","main":"B. Moukandjo"},{"additional":"F. Thauvin","eventTime":"62'","eventType":"type-substitution","main":"B. Sarr"},{"additional":"B. Jeannot","eventTime":"60'","eventType":"type-substitution","main":"R. Philippoteaux"},{"additional":"Z. Touré","eventTime":"60'","eventType":"type-substitution","main":"F. Bellugou"},{"additional":"F. Thauvin","eventTime":"56'","eventType":"type-goal","main":"M. Sanson"},{"additional":"A. Zambo Anguissa","eventTime":"53'","eventType":"type-goal","main":"F. Thauvin"},{"additional":"Yellow Card","eventTime":"47'","eventType":"type-yellow_card","main":"M. Peybernes"},{"additional":"Yellow Card","eventTime":"25'","eventType":"type-yellow_card","main":"W. Vainqueur"},{"additional":"F. Thauvin","eventTime":"19'","eventType":"type-goal","main":"D. Payet"},{"additional":"Goal","eventTime":"6'","eventType":"type-goal","main":"Rolando"},{"additional":"Yellow Card","eventTime":"5'","eventType":"type-yellow_card","main":"Z. Touré"}],"stats":{"awayGates":"7","awayPasses":"365","awayPossession":41.1,"awayShots":"7","homeGates":"4","homePasses":"531","homePossession":58.9,"homeShots":"6"},"competition":"Ligue 1","date":"2017-03-06","match":"lorient-v-olympique-marseille"}