{"result":{"awayTeamName":"Nantes","homeTeamName":"Monaco","location":"Stade Louis II","score":"4 - 0","startDate":"2017-03-05T20:00:00+00:00"},"events":[{"additional":"Yellow Card","eventTime":"88'","eventType":"type-yellow_card","main":"Y. Bammou"},{"additional":"V. Germain","eventTime":"85'","eventType":"type-substitution","main":"I. Cardona"},{"additional":"Bernardo Silva","eventTime":"78'","eventType":"type-substitution","main":"N. Dirar"},{"additional":"K. Mbappé","eventTime":"68'","eventType":"type-substitution","main":"João Moutinho"},{"additional":"Yellow Card","eventTime":"66'","eventType":"type-yellow_card","main":"D. Sidibé"},{"additional":"E. Sala","eventTime":"62'","eventType":"type-substitution","main":"J. Iloki"},{"additional":"F. Pardo","eventTime":"62'","eventType":"type-substitution","main":"Y. Bammou"},{"additional":"Goal","eventTime":"59'","eventType":"type-goal","main":"Fabinho"},{"additional":"A. Thomasson","eventTime":"45'","eventType":"type-substitution","main":"A. Harit"},{"additional":"Bernardo Silva","eventTime":"45' + 1'","eventType":"type-goal","main":"K. Mbappé"},{"additional":"Yellow Card","eventTime":"45'","eventType":"type-yellow_card","main":"Jemerson"},{"additional":"K. Glik","eventTime":"43'","eventType":"type-goal","main":"V. Germain"},{"additional":"Yellow Card","eventTime":"42'","eventType":"type-yellow_card","main":"F. Pardo"},{"additional":"Goal","eventTime":"4'","eventType":"type-goal","main":"K. Mbappé"}],"stats":{"awayGates":"3","awayPasses":"443","awayPossession":52.2,"awayShots":"4","homeGates":"7","homePasses":"408","homePossession":47.8,"homeShots":"2"},"competition":"Ligue 1","date":"2017-03-06","match":"monaco-v-nantes"}