{"result":{"awayTeamName":"Lille","homeTeamName":"Toulouse","location":"Stadium Municipal","score":"1 - 1","startDate":"2017-03-05T16:00:00+00:00"},"events":[{"additional":"M. Braithwaite","eventTime":"90'","eventType":"type-substitution","main":"O. Toivonen"},{"additional":"C. Jean","eventTime":"88'","eventType":"type-substitution","main":"P. Ninkov"},{"additional":"Yellow Card","eventTime":"84'","eventType":"type-yellow_card","main":"V. Enyeama"},{"additional":"Yellow Card","eventTime":"80'","eventType":"type-yellow_card","main":"A. Lafont"},{"additional":"Éder","eventTime":"80'","eventType":"type-goal","main":"Y. Benzia"},{"additional":"A. Delort","eventTime":"77'","eventType":"type-substitution","main":"Issiaga Sylla"},{"additional":"Xeka","eventTime":"72'","eventType":"type-substitution","main":"É. Bauthéac"},{"additional":"Yellow Card","eventTime":"68'","eventType":"type-yellow_card","main":"S. Yago"},{"additional":"A. El Ghazi","eventTime":"61'","eventType":"type-substitution","main":"Y. Benzia"},{"additional":"Yellow Card","eventTime":"51'","eventType":"type-yellow_card","main":"Éder"},{"additional":"Y. Bissouma","eventTime":"45'","eventType":"type-substitution","main":"Rony Lopes"},{"additional":"Y. Bodiger","eventTime":"30'","eventType":"type-goal","main":"C. Jullien"}],"stats":{"awayGates":"5","awayPasses":"415","awayPossession":64.8,"awayShots":"4","homeGates":"5","homePasses":"226","homePossession":35.2,"homeShots":"4"},"competition":"Ligue 1","date":"2017-03-06","match":"toulouse-v-lille"}