{"result":{"awayTeamName":"Pumas UNAM","homeTeamName":"Atlante","location":"Estadio Olímpico Andrés Quintana Roo","score":"0 - 2","startDate":"2011-03-06T03:00:00+00:00"},"events":[{"additional":"J. Chiapas","eventTime":"85'","eventType":"type-substitution","main":"D. Cabrera"},{"additional":"J. Cortés","eventTime":"78'","eventType":"type-substitution","main":"F. Espinosa"},{"additional":"L. Marmol","eventTime":"76'","eventType":"type-substitution","main":"G. Maldonado"},{"additional":"Yellow Card","eventTime":"69'","eventType":"type-yellow_card","main":"E. Velarde"},{"additional":"F. Palencia","eventTime":"68'","eventType":"type-substitution","main":"D. Izazola"},{"additional":"Red Card","eventTime":"65'","eventType":"type-red_card","main":"E. Alfaro"},{"additional":"Yellow Card","eventTime":"64'","eventType":"type-yellow_card","main":"F. Navarro"},{"additional":"M. Ortíz","eventTime":"56'","eventType":"type-substitution","main":"E. Alfaro"},{"additional":"Jorge Hernández","eventTime":"44'","eventType":"type-substitution","main":"R. Manco"},{"additional":"Goal","eventTime":"28'","eventType":"type-goal","main":"M. Bravo"},{"additional":"Goal","eventTime":"22'","eventType":"type-goal","main":"M. Bravo"}],"stats":{"awayGates":"0","awayPasses":"0","awayPossession":100.0,"awayShots":"0","homeGates":"0","homePasses":"0","homePossession":0.0,"homeShots":"0"},"competition":"Liga MX","date":"2011-03-05","match":"atlante-v-pumas-unam"}