{"result":{"awayTeamName":"Necaxa","homeTeamName":"Cruz Azul","location":"Estadio Azul","score":"0 - 0","startDate":"2011-03-05T23:00:00+00:00"},"events":[{"additional":"Yellow Card","eventTime":"90'","eventType":"type-yellow_card","main":"Luis Francisco García"},{"additional":"F. Pinto","eventTime":"82'","eventType":"type-substitution","main":"A. Cortés"},{"additional":"Yellow Card","eventTime":"82'","eventType":"type-yellow_card","main":"D. Gandín"},{"additional":"Yellow Card","eventTime":"77'","eventType":"type-yellow_card","main":"José Castro"},{"additional":"J. Aquino","eventTime":"74'","eventType":"type-substitution","main":"Javier Orozco"},{"additional":"Red Card","eventTime":"71'","eventType":"type-red_card","main":"Juan Carlos Silva"},{"additional":"Everaldo Barbosa","eventTime":"68'","eventType":"type-substitution","main":"L. Sandoval"},{"additional":"J. Mosqueda","eventTime":"51'","eventType":"type-substitution","main":"Luis Francisco García"},{"additional":"S. Blanco","eventTime":"46'","eventType":"type-substitution","main":"D. Gandín"},{"additional":"R. Chávez","eventTime":"46'","eventType":"type-substitution","main":"A. Castro"},{"additional":"Yellow Card","eventTime":"32'","eventType":"type-yellow_card","main":"G. Torrado"},{"additional":"Yellow Card","eventTime":"31'","eventType":"type-yellow_card","main":"P. Chávez"},{"additional":"Yellow Card","eventTime":"28'","eventType":"type-yellow_card","main":"Everaldo Barbosa"}],"stats":{"awayGates":"0","awayPasses":"0","awayPossession":100.0,"awayShots":"0","homeGates":"0","homePasses":"0","homePossession":0.0,"homeShots":"0"},"competition":"Liga MX","date":"2011-03-05","match":"cruz-azul-v-necaxa"}