{"result":{"awayTeamName":"Tigres UANL","homeTeamName":"Guadalajara","location":"Estadio AKRON","score":"0 - 0","startDate":"2011-03-06T01:00:00+00:00"},"events":[{"additional":"Danilinho","eventTime":"87'","eventType":"type-substitution","main":"F. Acuña"},{"additional":"D. Toledo","eventTime":"82'","eventType":"type-substitution","main":"J. Molina"},{"additional":"Yellow Card","eventTime":"74'","eventType":"type-yellow_card","main":"D. Toledo"},{"additional":"Antonio Gallardo","eventTime":"67'","eventType":"type-substitution","main":"O. Arellano"},{"additional":"C. Ochoa","eventTime":"60'","eventType":"type-substitution","main":"A. Pulido"},{"additional":"J. Mora","eventTime":"60'","eventType":"type-substitution","main":"M. Fabián"},{"additional":"Yellow Card","eventTime":"50'","eventType":"type-yellow_card","main":"J. Mora"},{"additional":"Yellow Card","eventTime":"48'","eventType":"type-yellow_card","main":"Antonio Gallardo"}],"stats":{"awayGates":"0","awayPasses":"0","awayPossession":100.0,"awayShots":"0","homeGates":"0","homePasses":"0","homePossession":0.0,"homeShots":"0"},"competition":"Liga MX","date":"2011-03-05","match":"guadalajara-v-tigres-uanl"}