{"result":{"awayTeamName":"Querétaro","homeTeamName":"Monterrey","location":"Estadio Tecnológico","score":"2 - 0","startDate":"2011-03-05T23:00:00+00:00"},"events":[{"additional":"J. Nava","eventTime":"83'","eventType":"type-substitution","main":"D. García"},{"additional":"H. Altamirano","eventTime":"74'","eventType":"type-substitution","main":"D. Valdéz"},{"additional":"I. Acuña","eventTime":"74'","eventType":"type-substitution","main":"E. López"},{"additional":"Goal","eventTime":"74'","eventType":"type-goal","main":"L. Pérez"},{"additional":"N. Cardozo","eventTime":"73'","eventType":"type-substitution","main":"D. Davino"},{"additional":"Yellow Card","eventTime":"52'","eventType":"type-yellow_card","main":"A. Romero"},{"additional":"Goal","eventTime":"49'","eventType":"type-goal","main":"A. Carreño"},{"additional":"J. Zavala","eventTime":"46'","eventType":"type-substitution","main":"A. Carreño"},{"additional":"W. Paredes","eventTime":"46'","eventType":"type-substitution","main":"S. Santana"},{"additional":"Yellow Card","eventTime":"44'","eventType":"type-yellow_card","main":"W. Paredes"},{"additional":"Yellow Card","eventTime":"29'","eventType":"type-yellow_card","main":"J. Zavala"}],"stats":{"awayGates":"0","awayPasses":"0","awayPossession":100.0,"awayShots":"0","homeGates":"0","homePasses":"0","homePossession":0.0,"homeShots":"0"},"competition":"Liga MX","date":"2011-03-05","match":"monterrey-v-quer%C3%A9taro"}