{"result":{"awayTeamName":"Chiapas","homeTeamName":"San Luis","location":"Estadio Alfonso Lastras Ramírez","score":"0 - 0","startDate":"2011-03-06T02:45:00+00:00"},"events":[{"additional":"J. Frias","eventTime":"90'","eventType":"type-substitution","main":"Ó. Razo"},{"additional":"J. Medina","eventTime":"80'","eventType":"type-substitution","main":"N. Maya"},{"additional":"Jorge Rodríguez","eventTime":"73'","eventType":"type-substitution","main":"D. Manso"},{"additional":"J. Cuevas","eventTime":"66'","eventType":"type-substitution","main":"M. Arroyo"},{"additional":"Yellow Card","eventTime":"60'","eventType":"type-yellow_card","main":"C. Valdéz"},{"additional":"E. Andrade","eventTime":"59'","eventType":"type-substitution","main":"R. Esqueda"},{"additional":"J. Cavallo","eventTime":"58'","eventType":"type-substitution","main":"W. Aguirre"},{"additional":"Yellow Card","eventTime":"57'","eventType":"type-yellow_card","main":"Jorge Hernández"},{"additional":"Yellow Card","eventTime":"44'","eventType":"type-yellow_card","main":"M. Martínez"}],"stats":{"awayGates":"0","awayPasses":"0","awayPossession":100.0,"awayShots":"0","homeGates":"0","homePasses":"0","homePossession":0.0,"homeShots":"0"},"competition":"Liga MX","date":"2011-03-05","match":"san-luis-v-chiapas"}