{"result":{"awayTeamName":"América","homeTeamName":"Santos Laguna","location":"Estadio Nuevo Corona","score":"2 - 3","startDate":"2011-03-06T01:00:00+00:00"},"events":[{"additional":"V. Sánchez","eventTime":"90'","eventType":"type-substitution","main":"R. González"},{"additional":"Goal","eventTime":"89'","eventType":"type-goal","main":"Á. Reyna"},{"additional":"Yellow Card","eventTime":"85'","eventType":"type-yellow_card","main":"F. Baloy"},{"additional":"D. Ludueña","eventTime":"81'","eventType":"type-substitution","main":"G. Ruelas"},{"additional":"D. Montenegro","eventTime":"80'","eventType":"type-substitution","main":"J. Martínez"},{"additional":"N. Olivera","eventTime":"77'","eventType":"type-substitution","main":"D. Márquez"},{"additional":"Yellow Card","eventTime":"72'","eventType":"type-yellow_card","main":"V. Sánchez"},{"additional":"O. Peralta","eventTime":"68'","eventType":"type-substitution","main":"Rodolfo Salinas"},{"additional":"Yellow Card","eventTime":"67'","eventType":"type-yellow_card","main":"N. Olivera"},{"additional":"Goal","eventTime":"65'","eventType":"type-goal","main":"O. Peralta"},{"additional":"Goal","eventTime":"62'","eventType":"type-goal","main":"V. Sánchez"},{"additional":"Goal","eventTime":"53'","eventType":"type-goal","main":"Á. Reyna"},{"additional":"J. Estrada","eventTime":"41'","eventType":"type-substitution","main":"J. Lacerda"},{"additional":"Yellow Card","eventTime":"37'","eventType":"type-yellow_card","main":"J. Estrada"},{"additional":"Goal","eventTime":"30'","eventType":"type-goal","main":"O. Peralta"},{"additional":"Yellow Card","eventTime":"23'","eventType":"type-yellow_card","main":"F. Arce"}],"stats":{"awayGates":"0","awayPasses":"0","awayPossession":100.0,"awayShots":"0","homeGates":"0","homePasses":"0","homePossession":0.0,"homeShots":"0"},"competition":"Liga MX","date":"2011-03-05","match":"santos-laguna-v-am%C3%A9rica"}