{"result":{"awayTeamName":"Bosnia-Herzegovina","homeTeamName":"Poland","location":"Mardan Stadyumu","score":"1 - 0","startDate":"2011-12-16T19:30:00+00:00"},"events":[{"eventType":"type-substitution"},{"eventType":"type-substitution"},{"eventType":"type-substitution"},{"eventType":"type-substitution"},{"eventType":"type-substitution"},{"eventType":"type-substitution"},{"eventType":"type-substitution"},{"eventType":"type-substitution"},{"eventType":"type-substitution"},{"eventType":"type-substitution"},{"eventType":"type-substitution"},{"additional":"Goal","eventTime":"26'","eventType":"type-goal","main":"W. Sobota"},{"eventType":"type-yellow_card"}],"stats":{},"competition":"Friendlies","date":"2011-12-16","match":"poland-v-bosnia-herzegovina"}