{"result":{"awayTeamName":"Villarreal","homeTeamName":"Atlético Madrid","location":"Estadio Vicente Calderón","score":"3 - 1","startDate":"2011-03-05T21:00:00+00:00"},"events":[{"additional":"S. Agüero","eventTime":"88'","eventType":"type-substitution","main":"Juanfran"},{"additional":"Yellow Card","eventTime":"85'","eventType":"type-yellow_card","main":"M. Musacchio"},{"additional":"Mario Suárez","eventTime":"82'","eventType":"type-substitution","main":"Paulo Assunção"},{"additional":"José Antonio Reyes","eventTime":"72'","eventType":"type-goal","main":"D. Forlán"},{"additional":"Cani","eventTime":"71'","eventType":"type-substitution","main":"M. Rubén"},{"additional":"Elias","eventTime":"70'","eventType":"type-substitution","main":"Koke"},{"additional":"Filipe Luis","eventTime":"69'","eventType":"type-goal","main":"S. Agüero"},{"additional":"Yellow Card","eventTime":"60'","eventType":"type-yellow_card","main":"G. Rodríguez"},{"additional":"Yellow Card","eventTime":"56'","eventType":"type-yellow_card","main":"José Antonio Reyes"},{"additional":"Yellow Card","eventTime":"52'","eventType":"type-yellow_card","main":"Cani"},{"additional":"Yellow Card","eventTime":"33'","eventType":"type-yellow_card","main":"Álvaro Domínguez"},{"additional":"Santi Cazorla","eventTime":"33'","eventType":"type-goal","main":"G. Rossi"},{"additional":"Yellow Card","eventTime":"14'","eventType":"type-yellow_card","main":"Mario Suárez"},{"additional":"Mario Suárez","eventTime":"5'","eventType":"type-goal","main":"José Antonio Reyes"}],"stats":{"awayGates":"0","awayPasses":"0","awayPossession":100.0,"awayShots":"0","homeGates":"0","homePasses":"0","homePossession":0.0,"homeShots":"0"},"competition":"Primera División","date":"2011-03-05","match":"atl%C3%A9tico-madrid-v-villarreal"}