{"result":{"awayTeamName":"Real Zaragoza","homeTeamName":"Barcelona","location":"Camp Nou","score":"1 - 0","startDate":"2011-03-05T19:00:00+00:00"},"events":[{"additional":"Yellow Card","eventTime":"90' + 2'","eventType":"type-yellow_card","main":"M. Lanzaro"},{"additional":"Pedro","eventTime":"86'","eventType":"type-substitution","main":"Iniesta"},{"additional":"Maxwell","eventTime":"76'","eventType":"type-substitution","main":"E. Abidal"},{"additional":"Ander Herrera","eventTime":"71'","eventType":"type-substitution","main":"Jorge López"},{"additional":"Bojan","eventTime":"66'","eventType":"type-substitution","main":"David Villa"},{"additional":"Yellow Card","eventTime":"59'","eventType":"type-yellow_card","main":"G. Milito"},{"additional":"Á. Pintér","eventTime":"57'","eventType":"type-substitution","main":"Edmilson"},{"additional":"N. Bertolo","eventTime":"51'","eventType":"type-substitution","main":"I. Uche"},{"additional":"L. Messi","eventTime":"43'","eventType":"type-goal","main":"S. Kéita"}],"stats":{"awayGates":"0","awayPasses":"0","awayPossession":100.0,"awayShots":"0","homeGates":"0","homePasses":"0","homePossession":0.0,"homeShots":"0"},"competition":"Primera División","date":"2011-03-05","match":"barcelona-v-real-zaragoza"}