{"result":{"awayTeamName":"Valencia","homeTeamName":"Mallorca","location":"Iberostar Estadi","score":"1 - 2","startDate":"2011-03-05T17:00:00+00:00"},"events":[{"additional":"É. Banega","eventTime":"88'","eventType":"type-substitution","main":"Albelda"},{"additional":"J. de Guzmán","eventTime":"85'","eventType":"type-substitution","main":"João Victor"},{"additional":"Jose Martí","eventTime":"82'","eventType":"type-substitution","main":"Tejera"},{"additional":"Mata","eventTime":"81'","eventType":"type-substitution","main":"Vicente"},{"additional":"Yellow Card","eventTime":"74'","eventType":"type-yellow_card","main":"Ramis"},{"additional":"Yellow Card","eventTime":"73'","eventType":"type-yellow_card","main":"P. Webó"},{"additional":"Jonas","eventTime":"71'","eventType":"type-substitution","main":"Joaquín"},{"additional":"M. Pereira","eventTime":"65'","eventType":"type-substitution","main":"A. Ienaga"},{"additional":"Jonas","eventTime":"56'","eventType":"type-goal","main":"Pablo Hernández"},{"additional":"Aduriz","eventTime":"33'","eventType":"type-goal","main":"Pablo Hernández"},{"additional":"P. Webó","eventTime":"31'","eventType":"type-penalty_goal","main":"Ramis"}],"stats":{"awayGates":"0","awayPasses":"0","awayPossession":100.0,"awayShots":"0","homeGates":"0","homePasses":"0","homePossession":0.0,"homeShots":"0"},"competition":"Primera División","date":"2011-03-05","match":"mallorca-v-valencia"}