{"result":{"awayTeamName":"Augsburg","homeTeamName":"RB Leipzig","location":"Red Bull Arena","score":"2 - 1","startDate":"2016-09-30T18:30:00+00:00"},"events":[{"additional":"D. Demme","eventTime":"89'","eventType":"type-substitution","main":"S. Ilsanker"},{"additional":"T. Werner","eventTime":"87'","eventType":"type-substitution","main":"O. Burke"},{"additional":"G. Kačar","eventTime":"85'","eventType":"type-substitution","main":"Halil Altıntop"},{"additional":"Yellow Card","eventTime":"84'","eventType":"type-yellow_card","main":"M. Hinteregger"},{"additional":"E. Forsberg","eventTime":"80'","eventType":"type-substitution","main":"D. Kaiser"},{"additional":"Koo Ja-Cheol","eventTime":"78'","eventType":"type-substitution","main":"G. Teigl"},{"additional":"P. Max","eventTime":"66'","eventType":"type-substitution","main":"J. Schmid"},{"additional":"Yellow Card","eventTime":"53'","eventType":"type-yellow_card","main":"G. Kačar"},{"additional":"M. Sabitzer","eventTime":"52'","eventType":"type-goal","main":"Y. Poulsen"},{"additional":"Yellow Card","eventTime":"26'","eventType":"type-yellow_card","main":"Koo Ja-Cheol"},{"additional":"D. Baier","eventTime":"14'","eventType":"type-goal","main":"Ji Dong-Won"},{"additional":"Goal","eventTime":"11'","eventType":"type-goal","main":"E. Forsberg"}],"stats":{"awayGates":"2","awayPasses":"436","awayPossession":42.9,"awayShots":"1","homeGates":"10","homePasses":"576","homePossession":57.1,"homeShots":"3"},"competition":"Bundesliga","date":"2016-09-30","match":"rb-leipzig-v-augsburg"}