{"result":{"awayTeamName":"Strasbourg","homeTeamName":"Olympique Lyonnais","location":"Groupama Stadium","score":"2 - 0","startDate":"2018-08-24T18:45:00+00:00"},"events":[{"additional":"T. NDombèlé","eventTime":"87'","eventType":"type-substitution","main":"M. Díaz"},{"additional":"I. Sissoko","eventTime":"84'","eventType":"type-substitution","main":"Y. Fofana"},{"additional":"Pape Diop","eventTime":"79'","eventType":"type-substitution","main":"N. Fekir"},{"additional":"A. Caci","eventTime":"75'","eventType":"type-substitution","main":"L. Zohi"},{"additional":"M. Terrier","eventTime":"75'","eventType":"type-substitution","main":"H. Aouar"},{"additional":"M. Depay","eventTime":"64'","eventType":"type-goal","main":"B. Traoré"},{"additional":"A. Gonçalves","eventTime":"63'","eventType":"type-substitution","main":"L. Ajorque"},{"additional":"Yellow Card","eventTime":"45'","eventType":"type-yellow_card","main":"A. Thomasson"},{"additional":"F. Mendy","eventTime":"42'","eventType":"type-goal","main":"M. Terrier"},{"additional":"Yellow Card","eventTime":"15'","eventType":"type-yellow_card","main":"I. Sissoko"},{"additional":"Yellow Card","eventTime":"10'","eventType":"type-yellow_card","main":"F. Mendy"}],"stats":{"awayGates":"1","awayPasses":"361","awayPossession":39.2,"awayShots":"6","homeGates":"10","homePasses":"565","homePossession":60.8,"homeShots":"6"},"competition":"Ligue 1","date":"2018-08-24","match":"olympique-lyonnais-v-strasbourg"}