{"result":{"awayTeamName":"Guadalajara","homeTeamName":"América","location":"Estadio Azteca","score":"2 - 1","startDate":"2016-05-15T23:00:00+00:00"},"events":[{"eventType":"type-yellow_card"},{"eventType":"type-substitution"},{"eventType":"type-yellow_card"},{"eventType":"type-substitution"},{"eventType":"type-substitution"},{"eventType":"type-substitution"},{"eventType":"type-substitution"},{"eventType":"type-substitution"},{"eventType":"type-goal"},{"eventType":"type-yellow_card"},{"eventType":"type-yellow_card"},{"eventType":"type-goal"},{"eventType":"type-yellow_card"},{"eventType":"type-yellow_card"},{"eventType":"type-goal"}],"stats":{"awayGates":"3","awayPasses":"329","awayPossession":52.1,"awayShots":"10","homeGates":"4","homePasses":"301","homePossession":47.9,"homeShots":"7"},"competition":"Liga MX","date":"2016-05-16","match":"am%C3%A9rica-v-guadalajara"}