{"result":{"awayTeamName":"Santos Laguna","homeTeamName":"Pachuca","location":"Estadio Hidalgo","score":"3 - 2","startDate":"2016-05-16T01:06:00+00:00"},"events":[{"eventType":"type-goal"},{"eventType":"type-substitution"},{"eventType":"type-substitution"},{"eventType":"type-goal"},{"eventType":"type-substitution"},{"eventType":"type-substitution"},{"eventType":"type-substitution"},{"eventType":"type-substitution"},{"eventType":"type-yellow_card"},{"eventType":"type-yellow_card"},{"eventType":"type-goal"},{"eventType":"type-yellow_card"},{"eventType":"type-yellow_card"},{"eventType":"type-yellow_card"},{"eventType":"type-yellow_card"},{"eventType":"type-goal"},{"eventType":"type-yellow_card"},{"eventType":"type-goal"},{"eventType":"type-yellow_card"}],"stats":{"awayGates":"8","awayPasses":"351","awayPossession":48.6,"awayShots":"2","homeGates":"8","homePasses":"369","homePossession":51.4,"homeShots":"10"},"competition":"Liga MX","date":"2016-05-16","match":"pachuca-v-santos-laguna"}