{"result":{"awayTeamName":"LA Galaxy","homeTeamName":"Colorado Rapids","location":"Dick's Sporting Goods Park","score":"1 - 0","startDate":"2016-11-06T19:00:00+00:00"},"events":[{"additional":"Goal","eventTime":"124'","eventType":"type-goal","main":"M. Pappa"},{"additional":"Goal","eventTime":"123'","eventType":"type-goal","main":"S. Le Toux"},{"additional":"Penalty Miss","eventTime":"122'","eventType":"type-penalty_miss","main":"G. dos Santos"},{"additional":"Goal","eventTime":"121'","eventType":"type-goal","main":"K. Doyle"},{"additional":"Goal","eventTime":"121'","eventType":"type-goal","main":"S. Gerrard"},{"additional":"D. Badji","eventTime":"112'","eventType":"type-substitution","main":"M. Pappa"},{"additional":"Yellow Card","eventTime":"112'","eventType":"type-yellow_card","main":"B. Husidic"},{"additional":"J. Jones","eventTime":"83'","eventType":"type-substitution","main":"D. Powers"},{"additional":"M. Magee","eventTime":"76'","eventType":"type-substitution","main":"S. Gerrard"},{"additional":"A. Gordon","eventTime":"61'","eventType":"type-substitution","main":"R. Keane"},{"additional":"Yellow Card","eventTime":"57'","eventType":"type-yellow_card","main":"S. Cronin"},{"additional":"S. Gashi","eventTime":"45'","eventType":"type-substitution","main":"M. Hairston"},{"additional":"L. Donovan","eventTime":"45'","eventType":"type-substitution","main":"J. Larentowicz"},{"additional":"S. Cronin","eventTime":"36'","eventType":"type-goal","main":"S. Gashi"},{"additional":"Yellow Card","eventTime":"30'","eventType":"type-yellow_card","main":"S. Gashi"}],"stats":{"awayGates":"1","awayPasses":"497","awayPossession":44.9,"awayShots":"3","homeGates":"4","homePasses":"598","homePossession":55.1,"homeShots":"7"},"competition":"MLS","date":"2016-11-06","match":"colorado-rapids-v-la-galaxy"}