{"result":{"awayTeamName":"Seattle Sounders","homeTeamName":"Dallas","location":"Toyota Stadium","score":"2 - 1","startDate":"2016-11-07T02:00:00+00:00"},"events":[{"additional":"E. Friberg","eventTime":"77'","eventType":"type-substitution","main":"B. Evans"},{"additional":"M. Barrios","eventTime":"74'","eventType":"type-substitution","main":"R. Hollingshead"},{"additional":"M. Rosales","eventTime":"74'","eventType":"type-substitution","main":"C. Lizarazo"},{"additional":"Yellow Card","eventTime":"67'","eventType":"type-yellow_card","main":"S. Frei"},{"additional":"W. Zimmerman","eventTime":"62'","eventType":"type-substitution","main":"C. Ruíz"},{"additional":"N. Valdez","eventTime":"58'","eventType":"type-substitution","main":"H. Gómez"},{"additional":"M. Rosales","eventTime":"56'","eventType":"type-goal","main":"M. Urruti"},{"additional":"T. Mears","eventTime":"54'","eventType":"type-goal","main":"N. Lodeiro"},{"additional":"J. Morris","eventTime":"45'","eventType":"type-substitution","main":"O. Fisher"},{"additional":"Yellow Card","eventTime":"27'","eventType":"type-yellow_card","main":"A. Harris"},{"additional":"Yellow Card","eventTime":"27'","eventType":"type-yellow_card","main":"C. Roldan"},{"additional":"A. Harris","eventTime":"25'","eventType":"type-goal","main":"T. Akindele"}],"stats":{"awayGates":"2","awayPasses":"297","awayPossession":42.2,"awayShots":"5","homeGates":"6","homePasses":"385","homePossession":57.8,"homeShots":"11"},"competition":"MLS","date":"2016-11-06","match":"dallas-v-seattle-sounders"}