{"result":{"awayTeamName":"Montreal Impact","homeTeamName":"New York RB","location":"Red Bull Arena","score":"1 - 2","startDate":"2016-11-06T21:00:00+00:00"},"events":[{"additional":"Yellow Card","eventTime":"90'","eventType":"type-yellow_card","main":"J. Venegas"},{"additional":"Yellow Card","eventTime":"89'","eventType":"type-yellow_card","main":"S. Klještan"},{"additional":"H. Bernardello","eventTime":"88'","eventType":"type-substitution","main":"J. Venegas"},{"additional":"D. Drogba","eventTime":"85'","eventType":"type-goal","main":"I. Piatti"},{"additional":"M. Mancosu","eventTime":"80'","eventType":"type-substitution","main":"D. Drogba"},{"additional":"D. Royer","eventTime":"77'","eventType":"type-goal","main":"B. Wright-Phillips"},{"additional":"Yellow Card","eventTime":"74'","eventType":"type-yellow_card","main":"D. McCarty"},{"additional":"P. Bernier","eventTime":"65'","eventType":"type-substitution","main":"C. Mallace"},{"additional":"Yellow Card","eventTime":"63'","eventType":"type-yellow_card","main":"L. Ciman"},{"additional":"Felipe Martins","eventTime":"59'","eventType":"type-substitution","main":"M. Grella"},{"additional":"Yellow Card","eventTime":"56'","eventType":"type-yellow_card","main":"E. Bush"},{"additional":"A. Muyl","eventTime":"53'","eventType":"type-substitution","main":"D. Royer"},{"additional":"D. Oduro","eventTime":"51'","eventType":"type-goal","main":"I. Piatti"},{"additional":"Yellow Card","eventTime":"19'","eventType":"type-yellow_card","main":"Felipe Martins"}],"stats":{"awayGates":"4","awayPasses":"276","awayPossession":35.2,"awayShots":"2","homeGates":"4","homePasses":"487","homePossession":64.8,"homeShots":"8"},"competition":"MLS","date":"2016-11-06","match":"new-york-rb-v-montreal-impact"}