{"result":{"awayTeamName":"Toronto","homeTeamName":"New York City","location":"Yankee Stadium","score":"0 - 5","startDate":"2016-11-06T23:30:00+00:00"},"events":[{"additional":"N. Hagglund","eventTime":"90' + 1'","eventType":"type-goal","main":"S. Giovinco"},{"additional":"A. Pirlo","eventTime":"74'","eventType":"type-substitution","main":"F. Bravo"},{"additional":"J. Altidore","eventTime":"73'","eventType":"type-substitution","main":"T. Ricketts"},{"additional":"S. Beitashour","eventTime":"65'","eventType":"type-substitution","main":"M. Bloom"},{"additional":"T. McNamara","eventTime":"56'","eventType":"type-substitution","main":"T. Taylor"},{"additional":"W. Johnson","eventTime":"50'","eventType":"type-goal","main":"J. Osorio"},{"additional":"R. Allen","eventTime":"45'","eventType":"type-substitution","main":"K. Shelton"},{"additional":"A. Cooper","eventTime":"45'","eventType":"type-substitution","main":"W. Johnson"},{"additional":"E. Zavaleta","eventTime":"30'","eventType":"type-goal","main":"J. Altidore"},{"additional":"Goal","eventTime":"20'","eventType":"type-goal","main":"S. Giovinco"},{"additional":"J. Altidore","eventTime":"6'","eventType":"type-goal","main":"S. Giovinco"}],"stats":{"awayGates":"10","awayPasses":"327","awayPossession":36.0,"awayShots":"3","homeGates":"4","homePasses":"564","homePossession":64.0,"homeShots":"8"},"competition":"MLS","date":"2016-11-06","match":"new-york-city-v-toronto"}