{"result":{"awayTeamName":"Burton Albion","homeTeamName":"Altrincham","location":"The J. Davidson Stadium","score":"0 - 2","startDate":"2012-11-15T19:45:00+00:00"},"events":[{"additional":"J. Maghoma","eventTime":"90' + 1'","eventType":"type-substitution","main":"M. Palmer"},{"additional":"C. Zola","eventTime":"85'","eventType":"type-substitution","main":"B. Kee"},{"additional":"R. Weir","eventTime":"84'","eventType":"type-substitution","main":"J. McGrath"},{"additional":"N. Clee","eventTime":"79'","eventType":"type-substitution","main":"P. Lacey"},{"additional":"D. Watmore","eventTime":"79'","eventType":"type-substitution","main":"R. Brooke"},{"additional":"Goal","eventTime":"75'","eventType":"type-goal","main":"C. Zola"},{"additional":"Goal","eventTime":"65'","eventType":"type-goal","main":"C. Palmer"}],"stats":{"awayGates":"0","awayPasses":"0","awayPossession":100.0,"awayShots":"0","homeGates":"0","homePasses":"0","homePossession":0.0,"homeShots":"0"},"competition":"FA Cup","date":"2012-11-15","match":"altrincham-v-burton-albion"}