{"result":{"awayTeamName":"Leyton Orient","homeTeamName":"Gloucester City","location":"Jonny-Rocks Stadium","score":"0 - 2","startDate":"2012-11-14T19:45:00+00:00"},"events":[{"additional":"Jack Harris","eventTime":"88'","eventType":"type-substitution","main":"J. Tillson"},{"additional":"Goal","eventTime":"88'","eventType":"type-goal","main":"D. Cox"},{"additional":"Goal","eventTime":"87'","eventType":"type-goal","main":"D. Mooney"},{"additional":"J. Smith","eventTime":"85'","eventType":"type-substitution","main":"M. Rowlands"},{"additional":"R. Brunt","eventTime":"59'","eventType":"type-substitution","main":"K. Lisbie"},{"additional":"J. Goddard","eventTime":"58'","eventType":"type-substitution","main":"S. Davies"},{"additional":"M. Odubajo","eventTime":"56'","eventType":"type-substitution","main":"L. McSweeney"},{"additional":"M. Harding","eventTime":"53'","eventType":"type-substitution","main":"W. Morford"},{"additional":"Yellow Card","eventTime":"46'","eventType":"type-yellow_card","main":"L. Hogg"}],"stats":{"awayGates":"0","awayPasses":"0","awayPossession":100.0,"awayShots":"0","homeGates":"0","homePasses":"0","homePossession":0.0,"homeShots":"0"},"competition":"FA Cup","date":"2012-11-15","match":"gloucester-city-v-leyton-orient"}