{"result":{"awayTeamName":"Argentina","homeTeamName":"Brazil","location":"Beijing National Stadium","score":"2 - 0","startDate":"2014-10-11T12:05:00+00:00"},"events":[{"additional":"Neymar","eventTime":"90' + 5'","eventType":"type-substitution","main":"Robinho"},{"additional":"David Luiz","eventTime":"90'","eventType":"type-substitution","main":"Gil"},{"additional":"Diego Tardelli","eventTime":"82'","eventType":"type-substitution","main":"Kaká"},{"additional":"R. Pereyra","eventTime":"76'","eventType":"type-substitution","main":"E. Pérez"},{"additional":"David Luiz","eventTime":"64'","eventType":"type-goal","main":"Diego Tardelli"},{"additional":"E. Lamela","eventTime":"61'","eventType":"type-substitution","main":"J. Pastore"},{"additional":"S. Agüero","eventTime":"61'","eventType":"type-substitution","main":"G. Higuaín"},{"additional":"Yellow Card","eventTime":"50'","eventType":"type-yellow_card","main":"F. Fernández"},{"additional":"Yellow Card","eventTime":"47'","eventType":"type-yellow_card","main":"J. Mascherano"},{"additional":"Penalty Miss","eventTime":"41'","eventType":"type-penalty_miss","main":"L. Messi"},{"additional":"Yellow Card","eventTime":"40'","eventType":"type-yellow_card","main":"Danilo"},{"additional":"Goal","eventTime":"28'","eventType":"type-goal","main":"Diego Tardelli"},{"additional":"Yellow Card","eventTime":"19'","eventType":"type-yellow_card","main":"David Luiz"}],"stats":{"awayGates":"0","awayPasses":"0","awayPossession":100.0,"awayShots":"0","homeGates":"0","homePasses":"0","homePossession":0.0,"homeShots":"0"},"competition":"Friendlies","date":"2014-10-12","match":"brazil-v-argentina"}