{"result":{"awayTeamName":"Portugal","homeTeamName":"France","location":"Stade de France","score":"2 - 1","startDate":"2014-10-11T18:45:00+00:00"},"events":[{"additional":"K. Benzema","eventTime":"90'","eventType":"type-substitution","main":"A. Gignac"},{"additional":"Danny","eventTime":"84'","eventType":"type-substitution","main":"Vieirinha"},{"additional":"A. Griezmann","eventTime":"84'","eventType":"type-substitution","main":"M. Schneiderlin"},{"additional":"Penalty Goal","eventTime":"77'","eventType":"type-penalty_goal","main":"Ricardo Quaresma"},{"additional":"Cristiano Ronaldo","eventTime":"76'","eventType":"type-substitution","main":"João Mário"},{"additional":"Y. Cabaye","eventTime":"71'","eventType":"type-substitution","main":"M. Sissoko"},{"additional":"K. Benzema","eventTime":"69'","eventType":"type-goal","main":"P. Pogba"},{"additional":"Tiago","eventTime":"68'","eventType":"type-substitution","main":"Éder"},{"additional":"Nani","eventTime":"68'","eventType":"type-substitution","main":"Ricardo Quaresma"},{"additional":"M. Valbuena","eventTime":"58'","eventType":"type-substitution","main":"D. Payet"},{"additional":"André Gomes","eventTime":"46'","eventType":"type-substitution","main":"William Carvalho"},{"additional":"Bruno Alves","eventTime":"46'","eventType":"type-substitution","main":"Ricardo Carvalho"},{"additional":"Yellow Card","eventTime":"33'","eventType":"type-yellow_card","main":"E. Mangala"},{"additional":"Yellow Card","eventTime":"28'","eventType":"type-yellow_card","main":"Y. Cabaye"},{"additional":"Goal","eventTime":"3'","eventType":"type-goal","main":"K. Benzema"}],"stats":{"awayGates":"0","awayPasses":"0","awayPossession":100.0,"awayShots":"0","homeGates":"0","homePasses":"0","homePossession":0.0,"homeShots":"0"},"competition":"Friendlies","date":"2014-10-12","match":"france-v-portugal"}