{"result":{"awayTeamName":"León","homeTeamName":"Cruz Azul","location":"Estadio Azul","score":"2 - 1","startDate":"2012-11-15T01:00:00+00:00"},"events":[{"additional":"G. Torrado","eventTime":"82'","eventType":"type-substitution","main":"R. Chávez"},{"additional":"S. Maz","eventTime":"68'","eventType":"type-substitution","main":"O. Arce"},{"additional":"L. Montes","eventTime":"68'","eventType":"type-substitution","main":"M. Britos"},{"additional":"C. Giménez","eventTime":"67'","eventType":"type-substitution","main":"O. Bravo"},{"additional":"L. Delgado","eventTime":"66'","eventType":"type-substitution","main":"J. Rojas"},{"additional":"A. Vela","eventTime":"64'","eventType":"type-substitution","main":"Maranhão"},{"additional":"Goal","eventTime":"59'","eventType":"type-goal","main":"M. Pavone"},{"additional":"Goal","eventTime":"56'","eventType":"type-goal","main":"S. Maz"},{"additional":"Yellow Card","eventTime":"48'","eventType":"type-yellow_card","main":"M. Pavone"},{"additional":"Yellow Card","eventTime":"42'","eventType":"type-yellow_card","main":"G. Torrado"},{"additional":"Yellow Card","eventTime":"31'","eventType":"type-yellow_card","main":"A. Castro"},{"additional":"Yellow Card","eventTime":"22'","eventType":"type-yellow_card","main":"J. Magallón"},{"additional":"Yellow Card","eventTime":"19'","eventType":"type-yellow_card","main":"Juan González"},{"additional":"Goal","eventTime":"17'","eventType":"type-goal","main":"G. Flores"},{"additional":"Yellow Card","eventTime":"16'","eventType":"type-yellow_card","main":"J. Pereira"}],"stats":{"awayGates":"0","awayPasses":"0","awayPossession":100.0,"awayShots":"0","homeGates":"0","homePasses":"0","homePossession":0.0,"homeShots":"0"},"competition":"Liga MX","date":"2012-11-15","match":"cruz-azul-v-le%C3%B3n"}