{"result":{"awayTeamName":"Toluca","homeTeamName":"Guadalajara","location":"Estadio AKRON","score":"1 - 2","startDate":"2012-11-16T03:00:00+00:00"},"events":[{"additional":"Yellow Card","eventTime":"90' + 3'","eventType":"type-yellow_card","main":"L. Morales"},{"additional":"Yellow Card","eventTime":"90' + 3'","eventType":"type-yellow_card","main":"E. Benítez"},{"additional":"Yellow Card","eventTime":"90' + 2'","eventType":"type-yellow_card","main":"O. Arellano"},{"additional":"Sinha","eventTime":"90'","eventType":"type-substitution","main":"F. Gamboa"},{"additional":"L. Pérez","eventTime":"86'","eventType":"type-substitution","main":"G. Hernández"},{"additional":"A. Ríos","eventTime":"82'","eventType":"type-substitution","main":"E. Brambila"},{"additional":"Yellow Card","eventTime":"82'","eventType":"type-yellow_card","main":"G. Rodríguez"},{"additional":"Penalty Goal","eventTime":"75'","eventType":"type-penalty_goal","main":"R. Márquez Lugo"},{"additional":"Yellow Card","eventTime":"74'","eventType":"type-yellow_card","main":"A. Talavera"},{"additional":"Yellow Card","eventTime":"68'","eventType":"type-yellow_card","main":"D. Novaretti"},{"additional":"Yellow Card","eventTime":"63'","eventType":"type-yellow_card","main":"L. Tejada"},{"additional":"M. Cabrera","eventTime":"59'","eventType":"type-substitution","main":"E. Benítez"},{"additional":"J. Enríquez","eventTime":"46'","eventType":"type-substitution","main":"L. Morales"},{"additional":"J. Sánchez","eventTime":"46'","eventType":"type-substitution","main":"O. Arellano"},{"additional":"Goal","eventTime":"30'","eventType":"type-goal","main":"Sinha"},{"additional":"Goal","eventTime":"26'","eventType":"type-goal","main":"A. Ríos"}],"stats":{"awayGates":"0","awayPasses":"0","awayPossession":100.0,"awayShots":"0","homeGates":"0","homePasses":"0","homePossession":0.0,"homeShots":"0"},"competition":"Liga MX","date":"2012-11-15","match":"guadalajara-v-toluca"}