{"result":{"awayTeamName":"Tijuana","homeTeamName":"Monterrey","location":"Estadio Tecnológico","score":"0 - 1","startDate":"2012-11-16T01:00:00+00:00"},"events":[{"additional":"F. Arce","eventTime":"89'","eventType":"type-substitution","main":"Jorge Hernández"},{"additional":"Goal","eventTime":"86'","eventType":"type-goal","main":"G. Garza"},{"additional":"Jesús Corona","eventTime":"79'","eventType":"type-substitution","main":"C. De la Peña"},{"additional":"Leandro Augusto","eventTime":"78'","eventType":"type-substitution","main":"G. Garza"},{"additional":"N. Cardozo","eventTime":"76'","eventType":"type-substitution","main":"G. Madrigal"},{"additional":"Yellow Card","eventTime":"72'","eventType":"type-yellow_card","main":"Leandro Augusto"},{"additional":"Alfredo Moreno","eventTime":"68'","eventType":"type-substitution","main":"R. Nava"},{"additional":"Yellow Card","eventTime":"46'","eventType":"type-yellow_card","main":"W. Ayoví"},{"additional":"Yellow Card","eventTime":"45'","eventType":"type-yellow_card","main":"J. Gandolfi"}],"stats":{"awayGates":"0","awayPasses":"0","awayPossession":100.0,"awayShots":"0","homeGates":"0","homePasses":"0","homePossession":0.0,"homeShots":"0"},"competition":"Liga MX","date":"2012-11-15","match":"monterrey-v-tijuana"}