{"result":{"awayTeamName":"América","homeTeamName":"Morelia","location":"Estadio Generalísimo José María Morelos y Pavón","score":"0 - 2","startDate":"2012-11-15T03:05:00+00:00"},"events":[{"additional":"R. Jiménez","eventTime":"88'","eventType":"type-substitution","main":"M. Layún"},{"additional":"J. Medina","eventTime":"88'","eventType":"type-substitution","main":"C. Bermúdez"},{"additional":"Red Card","eventTime":"82'","eventType":"type-red_card","main":"M. Romero"},{"additional":"J. Montero","eventTime":"76'","eventType":"type-substitution","main":"Enrique Pérez"},{"additional":"Goal","eventTime":"76'","eventType":"type-goal","main":"C. Benítez"},{"additional":"D. Montenegro","eventTime":"70'","eventType":"type-substitution","main":"R. Sambueza"},{"additional":"U. Álvarez","eventTime":"66'","eventType":"type-substitution","main":"C. Ochoa"},{"additional":"Yellow Card","eventTime":"63'","eventType":"type-yellow_card","main":"U. Álvarez"},{"additional":"Goal","eventTime":"58'","eventType":"type-goal","main":"C. Benítez"},{"additional":"Yellow Card","eventTime":"53'","eventType":"type-yellow_card","main":"J. Cárdenas"},{"additional":"A. Olvera","eventTime":"46'","eventType":"type-substitution","main":"F. Torres"}],"stats":{"awayGates":"0","awayPasses":"0","awayPossession":100.0,"awayShots":"0","homeGates":"0","homePasses":"0","homePossession":0.0,"homeShots":"0"},"competition":"Liga MX","date":"2012-11-15","match":"morelia-v-am%C3%A9rica"}