{"result":{"awayTeamName":"Guadalajara","homeTeamName":"Atlas","location":"Estadio Jalisco","score":"0 - 1","startDate":"2018-08-25T02:00:00+00:00"},"events":[{"additional":"Á. Zaldívar","eventTime":"90'","eventType":"type-substitution","main":"J. Godínez"},{"additional":"Yellow Card","eventTime":"90'","eventType":"type-yellow_card","main":"Á. Zaldívar"},{"additional":"Yellow Card","eventTime":"86'","eventType":"type-yellow_card","main":"J. Pereira"},{"additional":"E. López","eventTime":"83'","eventType":"type-substitution","main":"A. Pulido"},{"additional":"E. Ortega","eventTime":"75'","eventType":"type-substitution","main":"O. Rivero"},{"additional":"Goal","eventTime":"64'","eventType":"type-goal","main":"O. Pineda"},{"additional":"I. Govea","eventTime":"45'","eventType":"type-substitution","main":"G. Aguirre"},{"additional":"R. Álvarez","eventTime":"23'","eventType":"type-substitution","main":"B. Garnica"},{"additional":"Yellow Card","eventTime":"16'","eventType":"type-yellow_card","main":"M. Pérez"},{"additional":"M. De Luna","eventTime":"3'","eventType":"type-substitution","main":"M. Basulto"}],"stats":{"awayGates":"7","awayPasses":"388","awayPossession":58.7,"awayShots":"0","homeGates":"4","homePasses":"269","homePossession":41.3,"homeShots":"11"},"competition":"Liga MX","date":"2018-08-24","match":"atlas-v-guadalajara"}