{"result":{"awayTeamName":"Wolfsburg","homeTeamName":"Bayer Leverkusen","location":"BayArena","score":"3 - 0","startDate":"2011-03-05T17:30:00+00:00"},"events":[{"additional":"Yellow Card","eventTime":"84'","eventType":"type-yellow_card","main":"Koo Ja-Cheol"},{"additional":"Renato Augusto","eventTime":"83'","eventType":"type-substitution","main":"N. Jørgensen"},{"additional":"S. Sam","eventTime":"80'","eventType":"type-substitution","main":"E. Derdiyok"},{"additional":"Yellow Card","eventTime":"71'","eventType":"type-yellow_card","main":"A. Friedrich"},{"additional":"P. Pekarík","eventTime":"70'","eventType":"type-substitution","main":"Grafite"},{"additional":"Yellow Card","eventTime":"69'","eventType":"type-yellow_card","main":"D. Mbokani"},{"additional":"J. Polák","eventTime":"65'","eventType":"type-substitution","main":"Koo Ja-Cheol"},{"additional":"P. Helmes","eventTime":"46'","eventType":"type-substitution","main":"D. Mbokani"},{"additional":"G. Castro","eventTime":"46'","eventType":"type-goal","main":"S. Kießling"},{"additional":"Yellow Card","eventTime":"45'","eventType":"type-yellow_card","main":"Cícero"},{"additional":"S. Rolfes","eventTime":"29'","eventType":"type-goal","main":"Renato Augusto"},{"additional":"S. Sam","eventTime":"21'","eventType":"type-goal","main":"L. Bender"},{"additional":"M. Friedrich","eventTime":"14'","eventType":"type-substitution","main":"D. Vida"}],"stats":{"awayGates":"0","awayPasses":"0","awayPossession":100.0,"awayShots":"0","homeGates":"0","homePasses":"0","homePossession":0.0,"homeShots":"0"},"competition":"Bundesliga","date":"2011-03-05","match":"bayer-leverkusen-v-wolfsburg"}