{"result":{"awayTeamName":"Hoffenheim","homeTeamName":"Borussia M'gladbach","location":"Stadion im BORUSSIA-PARK","score":"2 - 0","startDate":"2011-03-05T14:30:00+00:00"},"events":[{"additional":"M. Fink","eventTime":"90' + 2'","eventType":"type-substitution","main":"S. Schachten"},{"additional":"I. de Camargo","eventTime":"90'","eventType":"type-substitution","main":"M. Idrissou"},{"additional":"Dante","eventTime":"88'","eventType":"type-substitution","main":"R. Brouwers"},{"additional":"Yellow Card","eventTime":"84'","eventType":"type-yellow_card","main":"P. Mlapa"},{"additional":"M. Compper","eventTime":"71'","eventType":"type-substitution","main":"I. Vorsah"},{"additional":"J. Arango","eventTime":"70'","eventType":"type-goal","main":"I. de Camargo"},{"additional":"B. Vukčević","eventTime":"69'","eventType":"type-substitution","main":"Roberto Firmino"},{"additional":"I. de Camargo","eventTime":"66'","eventType":"type-penalty_goal","main":"F. Daems"},{"additional":"Yellow Card","eventTime":"65'","eventType":"type-yellow_card","main":"T. Starke"},{"additional":"G. Sigurðsson","eventTime":"59'","eventType":"type-substitution","main":"P. Mlapa"},{"additional":"Yellow Card","eventTime":"48'","eventType":"type-yellow_card","main":"D. Alaba"},{"additional":"Yellow Card","eventTime":"37'","eventType":"type-yellow_card","main":"M. Compper"},{"additional":"Yellow Card","eventTime":"36'","eventType":"type-yellow_card","main":"Dante"}],"stats":{"awayGates":"0","awayPasses":"0","awayPossession":100.0,"awayShots":"0","homeGates":"0","homePasses":"0","homePossession":0.0,"homeShots":"0"},"competition":"Bundesliga","date":"2011-03-05","match":"borussia-mgladbach-v-hoffenheim"}