{"result":{"awayTeamName":"Kaiserslautern","homeTeamName":"Eintracht Frankfurt","location":"Commerzbank-Arena","score":"0 - 0","startDate":"2011-03-05T14:45:00+00:00"},"events":[{"additional":"Yellow Card","eventTime":"89'","eventType":"type-yellow_card","main":"M. Franz"},{"additional":"J. Morávek","eventTime":"88'","eventType":"type-substitution","main":"E. Hoffer"},{"additional":"T. Gekas","eventTime":"85'","eventType":"type-substitution","main":"M. Fenin"},{"additional":"Yellow Card","eventTime":"79'","eventType":"type-yellow_card","main":"A. Hloušek"},{"additional":"P. De Wit","eventTime":"76'","eventType":"type-substitution","main":"T. Petsos"},{"additional":"S. Rivić","eventTime":"76'","eventType":"type-substitution","main":"O. Kirch"},{"additional":"Yellow Card","eventTime":"74'","eventType":"type-yellow_card","main":"B. Köhler"},{"additional":"S. Rode","eventTime":"72'","eventType":"type-substitution","main":"I. Amanatidis"},{"additional":"Yellow Card","eventTime":"57'","eventType":"type-yellow_card","main":"S. Rivić"},{"additional":"G. Tzavellas","eventTime":"46'","eventType":"type-substitution","main":"Halil Altıntop"},{"additional":"Yellow Card","eventTime":"39'","eventType":"type-yellow_card","main":"S. Rode"},{"additional":"Yellow Card","eventTime":"36'","eventType":"type-yellow_card","main":"M. Abel"},{"additional":"Yellow Card","eventTime":"36'","eventType":"type-yellow_card","main":"G. Tzavellas"}],"stats":{"awayGates":"0","awayPasses":"0","awayPossession":100.0,"awayShots":"0","homeGates":"0","homePasses":"0","homePossession":0.0,"homeShots":"0"},"competition":"Bundesliga","date":"2011-03-05","match":"eintracht-frankfurt-v-kaiserslautern"}