{"result":{"awayTeamName":"Bayern München","homeTeamName":"Hannover 96","location":"HDI-Arena","score":"3 - 1","startDate":"2011-03-05T14:30:00+00:00"},"events":[{"additional":"L. Stindl","eventTime":"87'","eventType":"type-substitution","main":"M. Eggimann"},{"additional":"J. Schlaudraff","eventTime":"81'","eventType":"type-substitution","main":"M. Stoppelkamp"},{"additional":"Yellow Card","eventTime":"80'","eventType":"type-yellow_card","main":"Sérgio Pinto"},{"additional":"K. Rausch","eventTime":"76'","eventType":"type-substitution","main":"Sofian Chahed"},{"additional":"Red Card","eventTime":"73'","eventType":"type-red_card","main":"Breno"},{"additional":"Yellow Card","eventTime":"73'","eventType":"type-yellow_card","main":"L. Stindl"},{"additional":"T. Kroos","eventTime":"69'","eventType":"type-substitution","main":"M. Klose"},{"additional":"Goal","eventTime":"62'","eventType":"type-goal","main":"Sérgio Pinto"},{"additional":"Yellow Card","eventTime":"60'","eventType":"type-yellow_card","main":"M. Abdellaoue"},{"additional":"F. Ribéry","eventTime":"55'","eventType":"type-goal","main":"A. Robben"},{"additional":"J. Schlaudraff","eventTime":"51'","eventType":"type-goal","main":"K. Rausch"},{"additional":"H. Badstuber","eventTime":"46'","eventType":"type-substitution","main":"A. Ottl"},{"additional":"A. Tymoshchuk","eventTime":"46'","eventType":"type-substitution","main":"D. Van Buyten"},{"additional":"Yellow Card","eventTime":"42'","eventType":"type-yellow_card","main":"T. Kroos"},{"additional":"K. Rausch","eventTime":"16'","eventType":"type-goal","main":"M. Abdellaoue"}],"stats":{"awayGates":"0","awayPasses":"0","awayPossession":100.0,"awayShots":"0","homeGates":"0","homePasses":"0","homePossession":0.0,"homeShots":"0"},"competition":"Bundesliga","date":"2011-03-05","match":"hannover-96-v-bayern-m%C3%BCnchen"}