{"result":{"awayTeamName":"St. Pauli","homeTeamName":"Nürnberg","location":"Max-Morlock-Stadion","score":"5 - 0","startDate":"2011-03-05T14:30:00+00:00"},"events":[{"additional":"M. Mintál","eventTime":"87'","eventType":"type-goal","main":"C. Eigler"},{"additional":"N. Ben Khalifa","eventTime":"86'","eventType":"type-goal","main":"C. Eigler"},{"additional":"R. Mak","eventTime":"82'","eventType":"type-substitution","main":"N. Ben Khalifa"},{"additional":"A. Cohen","eventTime":"79'","eventType":"type-substitution","main":"M. Mintál"},{"additional":"Yellow Card","eventTime":"77'","eventType":"type-yellow_card","main":"M. Lehmann"},{"additional":"Yellow Card","eventTime":"70'","eventType":"type-yellow_card","main":"M. Kruse"},{"additional":"J. Hegeler","eventTime":"64'","eventType":"type-substitution","main":"İ. Gündoğan"},{"additional":"Yellow Card","eventTime":"63'","eventType":"type-yellow_card","main":"A. Wolf"},{"additional":"Yellow Card","eventTime":"62'","eventType":"type-yellow_card","main":"J. Kalla"},{"additional":"F. Bartels","eventTime":"61'","eventType":"type-substitution","main":"C. Takyi"},{"additional":"F. Boll","eventTime":"61'","eventType":"type-substitution","main":"D. Naki"},{"additional":"M. Ekici","eventTime":"17'","eventType":"type-goal","main":"C. Eigler"},{"additional":"R. Mak","eventTime":"14'","eventType":"type-goal","main":"C. Eigler"},{"additional":"C. Zambrano","eventTime":"6'","eventType":"type-substitution","main":"M. Eger"},{"additional":"M. Ekici","eventTime":"3'","eventType":"type-goal","main":"P. Wollscheid"}],"stats":{"awayGates":"0","awayPasses":"0","awayPossession":100.0,"awayShots":"0","homeGates":"0","homePasses":"0","homePossession":0.0,"homeShots":"0"},"competition":"Bundesliga","date":"2011-03-05","match":"n%C3%BCrnberg-v-st-pauli"}