{"result":{"awayTeamName":"Schalke 04","homeTeamName":"Stuttgart","location":"Mercedes-Benz-Arena","score":"1 - 0","startDate":"2011-03-05T14:30:00+00:00"},"events":[{"additional":"Yellow Card","eventTime":"89'","eventType":"type-yellow_card","main":"K. Papadopoulos"},{"additional":"P. Pogrebnyak","eventTime":"88'","eventType":"type-substitution","main":"S. Schipplock"},{"additional":"Yellow Card","eventTime":"82'","eventType":"type-yellow_card","main":"M. Harnik"},{"additional":"T. Hajnal","eventTime":"71'","eventType":"type-substitution","main":"T. Gebhart"},{"additional":"Yellow Card","eventTime":"65'","eventType":"type-yellow_card","main":"Hao Junmin"},{"additional":"José Jurado","eventTime":"46'","eventType":"type-substitution","main":"Hao Junmin"},{"additional":"A. Uchida","eventTime":"46'","eventType":"type-substitution","main":"K. Papadopoulos"},{"additional":"M. Gavranović","eventTime":"46'","eventType":"type-substitution","main":"Edu"},{"additional":"K. Boulahrouz","eventTime":"46'","eventType":"type-substitution","main":"C. Gentner"},{"additional":"Penalty Goal","eventTime":"15'","eventType":"type-penalty_goal","main":"Z. Kuzmanović"},{"additional":"Red Card","eventTime":"14'","eventType":"type-red_card","main":"B. Höwedes"}],"stats":{"awayGates":"0","awayPasses":"0","awayPossession":100.0,"awayShots":"0","homeGates":"0","homePasses":"0","homePossession":0.0,"homeShots":"0"},"competition":"Bundesliga","date":"2011-03-05","match":"stuttgart-v-schalke-04"}