{"result":{"awayTeamName":"Málaga","homeTeamName":"Athletic Club","location":"San Mamés Barria","score":"1 - 0","startDate":"2017-03-05T19:45:00+00:00"},"events":[{"additional":"Yellow Card","eventTime":"90' + 3'","eventType":"type-yellow_card","main":"Saborit"},{"additional":"Yellow Card","eventTime":"90'","eventType":"type-yellow_card","main":"Raúl García"},{"additional":"Yellow Card","eventTime":"90'","eventType":"type-yellow_card","main":"Charles"},{"additional":"Ignacio Camacho","eventTime":"86'","eventType":"type-substitution","main":"Sandro Ramírez"},{"additional":"Susaeta","eventTime":"86'","eventType":"type-substitution","main":"Saborit"},{"additional":"Yellow Card","eventTime":"80'","eventType":"type-yellow_card","main":"Ignacio Camacho"},{"additional":"Keko","eventTime":"79'","eventType":"type-substitution","main":"Y. En-Nesyri"},{"additional":"Iñaki Williams","eventTime":"77'","eventType":"type-substitution","main":"Bóveda"},{"additional":"Yellow Card","eventTime":"74'","eventType":"type-yellow_card","main":"Juan Carlos"},{"additional":"Jony","eventTime":"73'","eventType":"type-substitution","main":"G. Castro"},{"additional":"Goal","eventTime":"72'","eventType":"type-goal","main":"Raúl García"},{"additional":"Yellow Card","eventTime":"72'","eventType":"type-yellow_card","main":"Keko"},{"additional":"Yellow Card","eventTime":"67'","eventType":"type-yellow_card","main":"Pablo Fornals"},{"additional":"Muniain","eventTime":"62'","eventType":"type-substitution","main":"Asier Villalibre"},{"additional":"Yellow Card","eventTime":"48'","eventType":"type-yellow_card","main":"Beñat"}],"stats":{"awayGates":"2","awayPasses":"335","awayPossession":41.1,"awayShots":"6","homeGates":"3","homePasses":"475","homePossession":58.9,"homeShots":"8"},"competition":"Primera División","date":"2017-03-06","match":"athletic-club-v-m%C3%A1laga"}