{"result":{"awayTeamName":"Valencia","homeTeamName":"Atlético Madrid","location":"Estadio Vicente Calderón","score":"3 - 0","startDate":"2017-03-05T15:15:00+00:00"},"events":[{"additional":"Yellow Card","eventTime":"90' + 2'","eventType":"type-yellow_card","main":"Santi Mina"},{"additional":"A. Griezmann","eventTime":"85'","eventType":"type-substitution","main":"Á. Correa"},{"additional":"Goal","eventTime":"83'","eventType":"type-goal","main":"A. Griezmann"},{"additional":"Assist","eventTime":"83'","eventType":"type-assist","main":"T. Partey"},{"additional":"Y. Carrasco","eventTime":"77'","eventType":"type-substitution","main":"T. Partey"},{"additional":"K. Gameiro","eventTime":"71'","eventType":"type-substitution","main":"N. Gaitán"},{"additional":"Munir","eventTime":"67'","eventType":"type-substitution","main":"Santi Mina"},{"additional":"E. Pérez","eventTime":"67'","eventType":"type-substitution","main":"Z. Bakkali"},{"additional":"Assist","eventTime":"48'","eventType":"type-assist","main":"Filipe Luis"},{"additional":"Goal","eventTime":"48'","eventType":"type-goal","main":"K. Gameiro"},{"additional":"Yellow Card","eventTime":"30'","eventType":"type-yellow_card","main":"Y. Carrasco"},{"additional":"Yellow Card","eventTime":"20'","eventType":"type-yellow_card","main":"E. Pérez"},{"additional":"Assist","eventTime":"10'","eventType":"type-assist","main":"Koke"},{"additional":"Goal","eventTime":"10'","eventType":"type-goal","main":"A. Griezmann"}],"stats":{"awayGates":"1","awayPasses":"592","awayPossession":56.7,"awayShots":"4","homeGates":"8","homePasses":"453","homePossession":43.3,"homeShots":"7"},"competition":"Primera División","date":"2017-03-06","match":"atl%C3%A9tico-madrid-v-valencia"}