{"result":{"awayTeamName":"Sevilla","homeTeamName":"Deportivo Alavés","location":"Estadio de Mendizorroza","score":"1 - 1","startDate":"2017-03-06T19:45:00+00:00"},"events":[{"additional":"Víctor Camarasa","eventTime":"89'","eventType":"type-substitution","main":"N. Krstičić"},{"additional":"Yellow Card","eventTime":"87'","eventType":"type-yellow_card","main":"T. Hernández"},{"additional":"W. Ben Yedder","eventTime":"85'","eventType":"type-substitution","main":"S. Jovetić"},{"additional":"Yellow Card","eventTime":"83'","eventType":"type-yellow_card","main":"Mariano"},{"additional":"G. Mercado","eventTime":"83'","eventType":"type-substitution","main":"J. Correa"},{"additional":"Goal","eventTime":"75'","eventType":"type-goal","main":"A. Katai"},{"additional":"Vitolo","eventTime":"74'","eventType":"type-substitution","main":"Mariano"},{"additional":"Yellow Card","eventTime":"73'","eventType":"type-yellow_card","main":"Vitolo"},{"additional":"Yellow Card","eventTime":"68'","eventType":"type-yellow_card","main":"Iborra"},{"additional":"Toquero","eventTime":"65'","eventType":"type-substitution","main":"Óscar Romero"},{"additional":"Ibai Gómez","eventTime":"65'","eventType":"type-substitution","main":"A. Katai"},{"additional":"Yellow Card","eventTime":"31'","eventType":"type-yellow_card","main":"M. Kranevitter"},{"additional":"Yellow Card","eventTime":"29'","eventType":"type-yellow_card","main":"Toquero"},{"additional":"Pablo Sarabia","eventTime":"23'","eventType":"type-goal","main":"W. Ben Yedder"},{"additional":"Yellow Card","eventTime":"20'","eventType":"type-yellow_card","main":"C. Lenglet"}],"stats":{"awayGates":"1","awayPasses":"486","awayPossession":55.1,"awayShots":"7","homeGates":"4","homePasses":"386","homePossession":44.9,"homeShots":"9"},"competition":"Primera División","date":"2017-03-06","match":"deportivo-alav%C3%A9s-v-sevilla"}