{"result":{"awayTeamName":"Osasuna","homeTeamName":"Las Palmas","location":"Estadio de Gran Canaria","score":"5 - 2","startDate":"2017-03-05T17:30:00+00:00"},"events":[{"additional":"Jonathan Viera","eventTime":"87'","eventType":"type-goal","main":"Jesé"},{"additional":"M. Lemos","eventTime":"83'","eventType":"type-substitution","main":"David García"},{"additional":"Yellow Card","eventTime":"82'","eventType":"type-yellow_card","main":"R. Loé"},{"additional":"A. Halilović","eventTime":"76'","eventType":"type-goal","main":"Roque Mesa"},{"additional":"Yellow Card","eventTime":"75'","eventType":"type-yellow_card","main":"Fran Mérida"},{"additional":"M. Livaja","eventTime":"73'","eventType":"type-substitution","main":"A. Halilović"},{"additional":"De las Cuevas","eventTime":"73'","eventType":"type-substitution","main":"Sergio León"},{"additional":"Own Goal","eventTime":"70'","eventType":"type-own_goal","main":"Unai García"},{"additional":"Álex Berenguer","eventTime":"69'","eventType":"type-substitution","main":"Roberto Torres"},{"additional":"Tana","eventTime":"68'","eventType":"type-substitution","main":"K. Boateng"},{"additional":"Yellow Card","eventTime":"63'","eventType":"type-yellow_card","main":"Kenan"},{"additional":"Olavide","eventTime":"59'","eventType":"type-substitution","main":"Álex Berenguer"},{"additional":"Roque Mesa","eventTime":"55'","eventType":"type-goal","main":"M. Livaja"},{"additional":"Yellow Card","eventTime":"43'","eventType":"type-yellow_card","main":"Dani Castellano"},{"additional":"Oier","eventTime":"37'","eventType":"type-goal","main":"Kenan"},{"additional":"Goal","eventTime":"31'","eventType":"type-goal","main":"Kenan"},{"additional":"Yellow Card","eventTime":"22'","eventType":"type-yellow_card","main":"Roque Mesa"},{"additional":"Yellow Card","eventTime":"19'","eventType":"type-yellow_card","main":"K. Boateng"},{"additional":"Yellow Card","eventTime":"18'","eventType":"type-yellow_card","main":"M. Livaja"},{"additional":"Yellow Card","eventTime":"11'","eventType":"type-yellow_card","main":"David García"},{"additional":"Jonathan Viera","eventTime":"7'","eventType":"type-goal","main":"Jesé"}],"stats":{"awayGates":"4","awayPasses":"255","awayPossession":27.200000000000003,"awayShots":"5","homeGates":"8","homePasses":"681","homePossession":72.8,"homeShots":"6"},"competition":"Primera División","date":"2017-03-06","match":"las-palmas-v-osasuna"}