{"result":{"awayTeamName":"Tigres UANL","homeTeamName":"Puebla","location":"Estadio Cuauhtémoc","score":"0 - 2","startDate":"2017-03-05T18:00:00+00:00"},"events":[{"additional":"Yellow Card","eventTime":"90' + 2'","eventType":"type-yellow_card","main":"C. Campestrini"},{"additional":"J. Damm","eventTime":"89'","eventType":"type-substitution","main":"L. Zelarayán"},{"additional":"A. Gignac","eventTime":"84'","eventType":"type-substitution","main":"J. Quiñones"},{"additional":"Yellow Card","eventTime":"83'","eventType":"type-yellow_card","main":"A. Canelo"},{"additional":"E. Vargas","eventTime":"76'","eventType":"type-substitution","main":"I. Sosa"},{"additional":"F. Acuña","eventTime":"71'","eventType":"type-substitution","main":"E. Orrantía"},{"additional":"P. Míguez","eventTime":"67'","eventType":"type-substitution","main":"Á. Navarro"},{"additional":"Yellow Card","eventTime":"66'","eventType":"type-yellow_card","main":"L. Advíncula"},{"additional":"Goal","eventTime":"63'","eventType":"type-goal","main":"E. Vargas"},{"additional":"Yellow Card","eventTime":"62'","eventType":"type-yellow_card","main":"C. Pérez"},{"additional":"J. Amione","eventTime":"45'","eventType":"type-substitution","main":"F. Torres"},{"additional":"Yellow Card","eventTime":"38'","eventType":"type-yellow_card","main":"L. Quiñónes"},{"additional":"Goal","eventTime":"35'","eventType":"type-goal","main":"J. Dueñas"},{"additional":"Yellow Card","eventTime":"19'","eventType":"type-yellow_card","main":"D. Toledo"},{"additional":"Yellow Card","eventTime":"5'","eventType":"type-yellow_card","main":"F. Meza"}],"stats":{"awayGates":"5","awayPasses":"559","awayPossession":59.4,"awayShots":"3","homeGates":"3","homePasses":"363","homePossession":40.6,"homeShots":"7"},"competition":"Liga MX","date":"2017-03-06","match":"puebla-v-tigres-uanl"}