{"result":{"awayTeamName":"Santos Laguna","homeTeamName":"Pumas UNAM","location":"Estadio Olímpico de Universitario","score":"2 - 1","startDate":"2017-03-05T18:00:00+00:00"},"events":[{"additional":"Yellow Card","eventTime":"90' + 2'","eventType":"type-yellow_card","main":"N. Castillo"},{"additional":"O. Martínez","eventTime":"90' + 1'","eventType":"type-goal","main":"Djaniny"},{"additional":"A. Castro","eventTime":"82'","eventType":"type-substitution","main":"J. García"},{"additional":"P. Barrera","eventTime":"74'","eventType":"type-substitution","main":"K. Escamilla"},{"additional":"C. Izquierdoz","eventTime":"71'","eventType":"type-substitution","main":"C. Antuna"},{"additional":"W. Sandoval","eventTime":"69'","eventType":"type-substitution","main":"M. Cuero"},{"additional":"P. Barrera","eventTime":"66'","eventType":"type-goal","main":"N. Castillo"},{"additional":"U. Rivas","eventTime":"59'","eventType":"type-substitution","main":"U. Dávila"},{"additional":"P. Barrera","eventTime":"48'","eventType":"type-goal","main":"N. Castillo"},{"additional":"A. Mendoza","eventTime":"32'","eventType":"type-substitution","main":"M. Britos"},{"additional":"Yellow Card","eventTime":"30'","eventType":"type-yellow_card","main":"A. Mendoza"},{"additional":"Yellow Card","eventTime":"26'","eventType":"type-yellow_card","main":"B. Rabello"}],"stats":{"awayGates":"5","awayPasses":"366","awayPossession":46.7,"awayShots":"8","homeGates":"5","homePasses":"429","homePossession":53.3,"homeShots":"6"},"competition":"Liga MX","date":"2017-03-06","match":"pumas-unam-v-santos-laguna"}