{"result":{"awayTeamName":"Manchester City","homeTeamName":"Liverpool","location":"Anfield","score":"2 - 2","startDate":"2012-08-26T15:00:00+00:00"},"events":[{"additional":"Yellow Card","eventTime":"90' + 4'","eventType":"type-yellow_card","main":"L. Suárez"},{"additional":"F. Borini","eventTime":"83'","eventType":"type-substitution","main":"A. Carroll"},{"additional":"Goal","eventTime":"80'","eventType":"type-goal","main":"C. Tevez"},{"additional":"J. Milner","eventTime":"76'","eventType":"type-substitution","main":"David Silva"},{"additional":"M. Kelly","eventTime":"66'","eventType":"type-substitution","main":"José Enrique"},{"additional":"Goal","eventTime":"66'","eventType":"type-goal","main":"L. Suárez"},{"additional":"Goal","eventTime":"63'","eventType":"type-goal","main":"Y. Touré"},{"additional":"M. Balotelli","eventTime":"62'","eventType":"type-substitution","main":"E. Džeko"},{"additional":"S. Nasri","eventTime":"60'","eventType":"type-substitution","main":"J. Rodwell"},{"additional":"S. Gerrard","eventTime":"34'","eventType":"type-goal","main":"M. Škrtel"},{"additional":"Lucas Leiva","eventTime":"5'","eventType":"type-substitution","main":"J. Shelvey"}],"stats":{"awayGates":"0","awayPasses":"0","awayPossession":100.0,"awayShots":"0","homeGates":"0","homePasses":"0","homePossession":0.0,"homeShots":"0"},"competition":"Premier League","date":"2012-08-27","match":"liverpool-v-manchester-city"}