{"result":{"awayTeamName":"Arsenal","homeTeamName":"Stoke City","location":"Bet365 Stadium","score":"0 - 0","startDate":"2012-08-26T12:30:00+00:00"},"events":[{"additional":"Santi Cazorla","eventTime":"81'","eventType":"type-substitution","main":"A. Ramsey"},{"additional":"G. Whelan","eventTime":"81'","eventType":"type-substitution","main":"W. Palacios"},{"additional":"P. Crouch","eventTime":"79'","eventType":"type-substitution","main":"R. Shotton"},{"additional":"L. Podolski","eventTime":"72'","eventType":"type-substitution","main":"A. Oxlade-Chamberlain"},{"additional":"Y. Gervinho","eventTime":"72'","eventType":"type-substitution","main":"T. Walcott"},{"additional":"J. Pennant","eventTime":"65'","eventType":"type-substitution","main":"C. Jerome"},{"additional":"Yellow Card","eventTime":"64'","eventType":"type-yellow_card","main":"A. Wilkinson"},{"additional":"Yellow Card","eventTime":"16'","eventType":"type-yellow_card","main":"R. Huth"}],"stats":{"awayGates":"0","awayPasses":"0","awayPossession":100.0,"awayShots":"0","homeGates":"0","homePasses":"0","homePossession":0.0,"homeShots":"0"},"competition":"Premier League","date":"2012-08-27","match":"stoke-city-v-arsenal"}