{"result":{"awayTeamName":"Leicester City","homeTeamName":"Arsenal","location":"Emirates Stadium","score":"4 - 3","startDate":"2017-08-11T18:45:00+00:00"},"events":[{"additional":"Yellow Card","eventTime":"90' + 4'","eventType":"type-yellow_card","main":"W. Morgan"},{"additional":"M. Albrighton","eventTime":"88'","eventType":"type-substitution","main":"D. Gray"},{"additional":"Assist","eventTime":"85'","eventType":"type-assist","main":"G. Xhaka"},{"additional":"Goal","eventTime":"85'","eventType":"type-goal","main":"O. Giroud"},{"additional":"Assist","eventTime":"83'","eventType":"type-assist","main":"G. Xhaka"},{"additional":"Goal","eventTime":"83'","eventType":"type-goal","main":"A. Ramsey"},{"additional":"M. James","eventTime":"82'","eventType":"type-substitution","main":"K. Iheanacho"},{"additional":"D. Welbeck","eventTime":"75'","eventType":"type-substitution","main":"T. Walcott"},{"additional":"S. Okazaki","eventTime":"72'","eventType":"type-substitution","main":"D. Amartey"},{"additional":"R. Holding","eventTime":"67'","eventType":"type-substitution","main":"O. Giroud"},{"additional":"Mohamed Elneny","eventTime":"67'","eventType":"type-substitution","main":"A. Ramsey"},{"additional":"Assist","eventTime":"56'","eventType":"type-assist","main":"R. Mahrez"},{"additional":"Goal","eventTime":"56'","eventType":"type-goal","main":"J. Vardy"},{"additional":"Assist","eventTime":"45' + 2'","eventType":"type-assist","main":"S. Kolašinac"},{"additional":"Goal","eventTime":"45' + 2'","eventType":"type-goal","main":"D. Welbeck"},{"additional":"Assist","eventTime":"29'","eventType":"type-assist","main":"M. Albrighton"},{"additional":"Goal","eventTime":"29'","eventType":"type-goal","main":"J. Vardy"},{"additional":"Goal","eventTime":"5'","eventType":"type-goal","main":"S. Okazaki"},{"additional":"Assist","eventTime":"5'","eventType":"type-assist","main":"H. Maguire"},{"additional":"Assist","eventTime":"2'","eventType":"type-assist","main":"Mohamed Elneny"},{"additional":"Goal","eventTime":"2'","eventType":"type-goal","main":"A. Lacazette"}],"stats":{"awayGates":"3","awayPasses":"263","awayPossession":30.0,"awayShots":"3","homeGates":"10","homePasses":"632","homePossession":70.0,"homeShots":"9"},"competition":"Premier League","date":"2017-08-11","match":"arsenal-v-leicester-city"}