{"result":{"awayTeamName":"Liverpool","homeTeamName":"Watford","location":"Vicarage Road Stadium","score":"3 - 3","startDate":"2017-08-12T11:30:00+00:00"},"events":[{"additional":"Goal","eventTime":"90' + 3'","eventType":"type-goal","main":"M. Britos"},{"additional":"T. Alexander-Arnold","eventTime":"90' + 1'","eventType":"type-substitution","main":"J. Gomez"},{"additional":"Yellow Card","eventTime":"88'","eventType":"type-yellow_card","main":"S. Mignolet"},{"additional":"Mohamed Salah","eventTime":"86'","eventType":"type-substitution","main":"J. Milner"},{"additional":"Roberto Firmino","eventTime":"81'","eventType":"type-substitution","main":"D. Origi"},{"additional":"S. Okaka","eventTime":"63'","eventType":"type-substitution","main":"A. Gray"},{"additional":"Yellow Card","eventTime":"61'","eventType":"type-yellow_card","main":"T. Alexander-Arnold"},{"additional":"Goal","eventTime":"57'","eventType":"type-goal","main":"Mohamed Salah"},{"additional":"Assist","eventTime":"57'","eventType":"type-assist","main":"Roberto Firmino"},{"additional":"Penalty Goal","eventTime":"55'","eventType":"type-penalty_goal","main":"Roberto Firmino"},{"additional":"R. Pereyra","eventTime":"49'","eventType":"type-substitution","main":"Richarlison"},{"additional":"Yellow Card","eventTime":"37'","eventType":"type-yellow_card","main":"S. Mané"},{"additional":"Goal","eventTime":"32'","eventType":"type-goal","main":"A. Doucouré"},{"additional":"Assist","eventTime":"29'","eventType":"type-assist","main":"E. Can"},{"additional":"Goal","eventTime":"29'","eventType":"type-goal","main":"S. Mané"},{"additional":"D. Janmaat","eventTime":"18'","eventType":"type-substitution","main":"Kiko Femenía"},{"additional":"Assist","eventTime":"8'","eventType":"type-assist","main":"J. Holebas"},{"additional":"Goal","eventTime":"8'","eventType":"type-goal","main":"S. Okaka"}],"stats":{"awayGates":"5","awayPasses":"477","awayPossession":54.4,"awayShots":"8","homeGates":"4","homePasses":"395","homePossession":45.6,"homeShots":"4"},"competition":"Premier League","date":"2017-08-11","match":"watford-v-liverpool"}