{"result":{"awayTeamName":"Sunderland","homeTeamName":"Arsenal","location":"Emirates Stadium","score":"0 - 0","startDate":"2011-03-05T15:00:00+00:00"},"events":[{"additional":"Yellow Card","eventTime":"90' + 3'","eventType":"type-yellow_card","main":"J. Colback"},{"additional":"J. Henderson","eventTime":"88'","eventType":"type-substitution","main":"J. Colback"},{"additional":"Yellow Card","eventTime":"85'","eventType":"type-yellow_card","main":"S. Nasri"},{"additional":"Yellow Card","eventTime":"82'","eventType":"type-yellow_card","main":"L. Koscielny"},{"additional":"A. Gyan","eventTime":"78'","eventType":"type-substitution","main":"Ahmed El Mohamady"},{"additional":"A. Diaby","eventTime":"76'","eventType":"type-substitution","main":"T. Rosický"},{"additional":"S. Malbranque","eventTime":"68'","eventType":"type-substitution","main":"D. Welbeck"},{"additional":"Yellow Card","eventTime":"65'","eventType":"type-yellow_card","main":"J. Wilshere"},{"additional":"Denílson","eventTime":"61'","eventType":"type-substitution","main":"M. Chamakh"},{"additional":"Yellow Card","eventTime":"59'","eventType":"type-yellow_card","main":"J. Henderson"},{"additional":"Yellow Card","eventTime":"23'","eventType":"type-yellow_card","main":"K. Richardson"}],"stats":{"awayGates":"0","awayPasses":"0","awayPossession":100.0,"awayShots":"0","homeGates":"0","homePasses":"0","homePossession":0.0,"homeShots":"0"},"competition":"Premier League","date":"2011-03-05","match":"arsenal-v-sunderland"}