{"result":{"awayTeamName":"West Bromwich Albion","homeTeamName":"Birmingham City","location":"St. Andrew's Stadium","score":"1 - 3","startDate":"2011-03-05T12:45:00+00:00"},"events":[{"additional":"Yellow Card","eventTime":"88'","eventType":"type-yellow_card","main":"K. Fahey"},{"additional":"L. Ridgewell","eventTime":"80'","eventType":"type-substitution","main":"D. Murphy"},{"additional":"J. Morrison","eventTime":"78'","eventType":"type-substitution","main":"G. Tamaş"},{"additional":"J. Morrison","eventTime":"72'","eventType":"type-goal","main":"P. Scharner"},{"additional":"J. Thomas","eventTime":"67'","eventType":"type-substitution","main":"G. Jara"},{"additional":"J. Beausejour","eventTime":"67'","eventType":"type-substitution","main":"K. Phillips"},{"additional":"S. Reid","eventTime":"58'","eventType":"type-goal","main":"J. Morrison"},{"additional":"Yellow Card","eventTime":"52'","eventType":"type-yellow_card","main":"P. Scharner"},{"additional":"Yellow Card","eventTime":"52'","eventType":"type-yellow_card","main":"L. Ridgewell"},{"additional":"Yellow Card","eventTime":"51'","eventType":"type-yellow_card","main":"L. Bowyer"},{"additional":"L. Bowyer","eventTime":"48'","eventType":"type-goal","main":"J. Beausejour"},{"additional":"P. Odemwingie","eventTime":"47'","eventType":"type-goal","main":"Y. Mulumbu"},{"additional":"M. Fortuné","eventTime":"46'","eventType":"type-substitution","main":"P. Odemwingie"}],"stats":{"awayGates":"0","awayPasses":"0","awayPossession":100.0,"awayShots":"0","homeGates":"0","homePasses":"0","homePossession":0.0,"homeShots":"0"},"competition":"Premier League","date":"2011-03-05","match":"birmingham-city-v-west-bromwich-albion"}