{"result":{"awayTeamName":"Aston Villa","homeTeamName":"Bolton Wanderers","location":"Macron Stadium","score":"3 - 2","startDate":"2011-03-05T15:00:00+00:00"},"events":[{"additional":"Yellow Card","eventTime":"90' + 2'","eventType":"type-yellow_card","main":"K. Walker"},{"additional":"Goal","eventTime":"86'","eventType":"type-goal","main":"I. Klasnić"},{"additional":"M. Albrighton","eventTime":"83'","eventType":"type-substitution","main":"G. Agbonlahor"},{"additional":"F. Delph","eventTime":"77'","eventType":"type-substitution","main":"S. Petrov"},{"additional":"Yellow Card","eventTime":"77'","eventType":"type-yellow_card","main":"D. Wheater"},{"additional":"Goal","eventTime":"75'","eventType":"type-goal","main":"G. Cahill"},{"additional":"Penalty Miss","eventTime":"70'","eventType":"type-penalty_miss","main":"A. Young"},{"additional":"Yellow Card","eventTime":"70'","eventType":"type-yellow_card","main":"G. Steinsson"},{"additional":"Yellow Card","eventTime":"70'","eventType":"type-yellow_card","main":"J. Jääskeläinen"},{"additional":"Penalty Save","eventTime":"70'","eventType":"type-penalty_save","main":"J. Jääskeläinen"},{"additional":"J. Elmander","eventTime":"67'","eventType":"type-substitution","main":"I. Klasnić"},{"additional":"S. Downing","eventTime":"65'","eventType":"type-goal","main":"M. Albrighton"},{"additional":"Yellow Card","eventTime":"61'","eventType":"type-yellow_card","main":"S. Holden"},{"additional":"M. Petrov","eventTime":"60'","eventType":"type-substitution","main":"Lee Chung-Yong"},{"additional":"F. Muamba","eventTime":"60'","eventType":"type-substitution","main":"M. Davies"},{"additional":"M. Petrov","eventTime":"45' + 1'","eventType":"type-goal","main":"G. Cahill"},{"additional":"Yellow Card","eventTime":"39'","eventType":"type-yellow_card","main":"J. Elmander"},{"additional":"Yellow Card","eventTime":"36'","eventType":"type-yellow_card","main":"C. Clark"},{"additional":"K. Walker","eventTime":"15'","eventType":"type-goal","main":"D. Bent"}],"stats":{"awayGates":"0","awayPasses":"0","awayPossession":100.0,"awayShots":"0","homeGates":"0","homePasses":"0","homePossession":0.0,"homeShots":"0"},"competition":"Premier League","date":"2011-03-05","match":"bolton-wanderers-v-aston-villa"}