{"result":{"awayTeamName":"Blackburn Rovers","homeTeamName":"Fulham","location":"Craven Cottage","score":"3 - 2","startDate":"2011-03-05T15:00:00+00:00"},"events":[{"additional":"Yellow Card","eventTime":"90' + 4'","eventType":"type-yellow_card","main":"J. Jones"},{"additional":"Míchel Salgado","eventTime":"90' + 2'","eventType":"type-substitution","main":"B. Emerton"},{"additional":"Yellow Card","eventTime":"89'","eventType":"type-yellow_card","main":"G. Hanley"},{"additional":"A. Hughes","eventTime":"87'","eventType":"type-penalty_goal","main":"B. Zamora"},{"additional":"J. Hoilett","eventTime":"82'","eventType":"type-substitution","main":"Rubén Rochina"},{"additional":"Yellow Card","eventTime":"81'","eventType":"type-yellow_card","main":"J. Roberts"},{"additional":"M. Dembélé","eventTime":"78'","eventType":"type-substitution","main":"G. Kakuta"},{"additional":"G. Givet","eventTime":"77'","eventType":"type-substitution","main":"Morten Pedersen"},{"additional":"D. Murphy","eventTime":"70'","eventType":"type-substitution","main":"B. Zamora"},{"additional":"J. Roberts","eventTime":"65'","eventType":"type-goal","main":"J. Hoilett"},{"additional":"Yellow Card","eventTime":"62'","eventType":"type-yellow_card","main":"C. Baird"},{"additional":"M. Dembélé","eventTime":"59'","eventType":"type-goal","main":"D. Duff"},{"additional":"Own Goal","eventTime":"45' + 1'","eventType":"type-own_goal","main":"B. Hangeland"},{"additional":"D. Etuhu","eventTime":"37'","eventType":"type-goal","main":"D. Duff"},{"additional":"Yellow Card","eventTime":"9'","eventType":"type-yellow_card","main":"D. Etuhu"}],"stats":{"awayGates":"0","awayPasses":"0","awayPossession":100.0,"awayShots":"0","homeGates":"0","homePasses":"0","homePossession":0.0,"homeShots":"0"},"competition":"Premier League","date":"2011-03-05","match":"fulham-v-blackburn-rovers"}