{"result":{"awayTeamName":"Wigan Athletic","homeTeamName":"Manchester City","location":"Etihad Stadium","score":"1 - 0","startDate":"2011-03-05T17:30:00+00:00"},"events":[{"additional":"C. Tevez","eventTime":"86'","eventType":"type-substitution","main":"E. Džeko"},{"additional":"M. Diamé","eventTime":"84'","eventType":"type-substitution","main":"C. Sammon"},{"additional":"David Silva","eventTime":"84'","eventType":"type-substitution","main":"N. de Jong"},{"additional":"Piscu","eventTime":"69'","eventType":"type-substitution","main":"S. Gohouri"},{"additional":"M. Balotelli","eventTime":"68'","eventType":"type-substitution","main":"A. Kolarov"},{"additional":"V. Moses","eventTime":"60'","eventType":"type-substitution","main":"C. N'Zogbia"},{"additional":"Yellow Card","eventTime":"56'","eventType":"type-yellow_card","main":"V. Kompany"},{"additional":"Yellow Card","eventTime":"45' + 1'","eventType":"type-yellow_card","main":"G. Caldwell"},{"additional":"Y. Touré","eventTime":"37'","eventType":"type-goal","main":"David Silva"},{"additional":"Yellow Card","eventTime":"32'","eventType":"type-yellow_card","main":"G. Barry"},{"additional":"Yellow Card","eventTime":"17'","eventType":"type-yellow_card","main":"M. Richards"}],"stats":{"awayGates":"0","awayPasses":"0","awayPossession":100.0,"awayShots":"0","homeGates":"0","homePasses":"0","homePossession":0.0,"homeShots":"0"},"competition":"Premier League","date":"2011-03-05","match":"manchester-city-v-wigan-athletic"}