{"result":{"awayTeamName":"Everton","homeTeamName":"Newcastle United","location":"St. James' Park","score":"1 - 2","startDate":"2011-03-05T15:00:00+00:00"},"events":[{"additional":"L. Osman","eventTime":"85'","eventType":"type-substitution","main":"S. Coleman"},{"additional":"L. Best","eventTime":"85'","eventType":"type-substitution","main":"S. Kuqi"},{"additional":"Yellow Card","eventTime":"83'","eventType":"type-yellow_card","main":"L. Baines"},{"additional":"Yellow Card","eventTime":"82'","eventType":"type-yellow_card","main":"J. Heitinga"},{"additional":"Yellow Card","eventTime":"76'","eventType":"type-yellow_card","main":"V. Anichebe"},{"additional":"Yellow Card","eventTime":"76'","eventType":"type-yellow_card","main":"K. Nolan"},{"additional":"J. Beckford","eventTime":"69'","eventType":"type-substitution","main":"V. Anichebe"},{"additional":"S. Taylor","eventTime":"65'","eventType":"type-substitution","main":"S. Ferguson"},{"additional":"P. Neville","eventTime":"52'","eventType":"type-substitution","main":"J. Heitinga"},{"additional":"José Enrique","eventTime":"43'","eventType":"type-substitution","main":"Shola Ameobi"},{"additional":"Yellow Card","eventTime":"39'","eventType":"type-yellow_card","main":"S. Taylor"},{"additional":"L. Baines","eventTime":"36'","eventType":"type-goal","main":"P. Jagielka"},{"additional":"Arteta","eventTime":"31'","eventType":"type-goal","main":"L. Osman"},{"additional":"Yellow Card","eventTime":"25'","eventType":"type-yellow_card","main":"T. Hibbert"},{"additional":"K. Nolan","eventTime":"23'","eventType":"type-goal","main":"L. Best"}],"stats":{"awayGates":"0","awayPasses":"0","awayPossession":100.0,"awayShots":"0","homeGates":"0","homePasses":"0","homePossession":0.0,"homeShots":"0"},"competition":"Premier League","date":"2011-03-05","match":"newcastle-united-v-everton"}