{"result":{"awayTeamName":"Stoke City","homeTeamName":"West Ham United","location":"Boleyn Ground","score":"3 - 0","startDate":"2011-03-05T15:00:00+00:00"},"events":[{"additional":"S. Parker","eventTime":"90' + 3'","eventType":"type-substitution","main":"D. Gabbidon"},{"additional":"C. Cole","eventTime":"86'","eventType":"type-substitution","main":"V. Obinna"},{"additional":"F. Piquionne","eventTime":"83'","eventType":"type-goal","main":"T. Hitzlsperger"},{"additional":"D. Ba","eventTime":"82'","eventType":"type-substitution","main":"G. O'Neil"},{"additional":"R. Delap","eventTime":"69'","eventType":"type-substitution","main":"K. Jones"},{"additional":"J. Carew","eventTime":"65'","eventType":"type-substitution","main":"R. Fuller"},{"additional":"J. Pennant","eventTime":"51'","eventType":"type-substitution","main":"M. Etherington"},{"additional":"Yellow Card","eventTime":"45'","eventType":"type-yellow_card","main":"D. Pugh"},{"additional":"Yellow Card","eventTime":"29'","eventType":"type-yellow_card","main":"R. Shawcross"},{"additional":"T. Hitzlsperger","eventTime":"29'","eventType":"type-goal","main":"M. da Costa"},{"additional":"Yellow Card","eventTime":"27'","eventType":"type-yellow_card","main":"M. Wilson"},{"additional":"M. Noble","eventTime":"21'","eventType":"type-goal","main":"D. Ba"}],"stats":{"awayGates":"0","awayPasses":"0","awayPossession":100.0,"awayShots":"0","homeGates":"0","homePasses":"0","homePossession":0.0,"homeShots":"0"},"competition":"Premier League","date":"2011-03-05","match":"west-ham-united-v-stoke-city"}