{"result":{"awayTeamName":"América","homeTeamName":"Atlas","location":"Estadio Jalisco","score":"0 - 1","startDate":"2017-08-12T02:00:00+00:00"},"events":[{"additional":"Goal","eventTime":"90' + 4'","eventType":"type-goal","main":"O. Peralta"},{"additional":"Yellow Card","eventTime":"90' + 3'","eventType":"type-yellow_card","main":"D. Arreola"},{"additional":"C. Quintero","eventTime":"86'","eventType":"type-substitution","main":"Manuel Pérez"},{"additional":"C. Aboagye","eventTime":"86'","eventType":"type-substitution","main":"L. Robles"},{"additional":"Yellow Card","eventTime":"74'","eventType":"type-yellow_card","main":"A. Marchesín"},{"additional":"S. Romero","eventTime":"72'","eventType":"type-substitution","main":"C. Vargas"},{"additional":"Red Card","eventTime":"68'","eventType":"type-red_card","main":"B. Valdez"},{"additional":"C. Domínguez","eventTime":"63'","eventType":"type-substitution","main":"R. Ibarra"},{"additional":"Yellow Card","eventTime":"54'","eventType":"type-yellow_card","main":"Paul Aguilar"},{"additional":"J. Salas","eventTime":"45'","eventType":"type-substitution","main":"R. Reyes"},{"additional":"C. González","eventTime":"45'","eventType":"type-substitution","main":"A. Tabó"},{"additional":"Yellow Card","eventTime":"43'","eventType":"type-yellow_card","main":"S. Romero"},{"additional":"Yellow Card","eventTime":"36'","eventType":"type-yellow_card","main":"M. Samudio"},{"additional":"Yellow Card","eventTime":"35'","eventType":"type-yellow_card","main":"M. Caraglio"},{"additional":"Yellow Card","eventTime":"32'","eventType":"type-yellow_card","main":"J. Barreiro"}],"stats":{"awayGates":"4","awayPasses":"282","awayPossession":48.4,"awayShots":"5","homeGates":"4","homePasses":"296","homePossession":51.6,"homeShots":"8"},"competition":"Liga MX","date":"2017-08-11","match":"atlas-v-am%C3%A9rica"}