{"result":{"awayTeamName":"Tijuana","homeTeamName":"Puebla","location":"Estadio Cuauhtémoc","score":"1 - 1","startDate":"2017-08-12T00:00:00+00:00"},"events":[{"additional":"Yellow Card","eventTime":"86'","eventType":"type-yellow_card","main":"I. Villaseñor"},{"additional":"Yellow Card","eventTime":"86'","eventType":"type-yellow_card","main":"M. Orozco"},{"additional":"C. Salom","eventTime":"78'","eventType":"type-substitution","main":"J. Aguirre"},{"additional":"L. Mendoza","eventTime":"72'","eventType":"type-substitution","main":"E. López"},{"additional":"L. Chávez","eventTime":"72'","eventType":"type-substitution","main":"A. Guido"},{"additional":"Yellow Card","eventTime":"70'","eventType":"type-yellow_card","main":"G. Bou"},{"additional":"A. Zamora","eventTime":"63'","eventType":"type-substitution","main":"G. Esparza"},{"additional":"L. Mendoza","eventTime":"57'","eventType":"type-goal","main":"G. Bou"},{"additional":"F. Micolta","eventTime":"56'","eventType":"type-substitution","main":"C. Gutiérrez"},{"additional":"F. Acuña","eventTime":"48'","eventType":"type-goal","main":"C. Marrugo"}],"stats":{"awayGates":"3","awayPasses":"319","awayPossession":43.7,"awayShots":"7","homeGates":"5","homePasses":"417","homePossession":56.3,"homeShots":"9"},"competition":"Liga MX","date":"2017-08-11","match":"puebla-v-tijuana"}