{"result":{"awayTeamName":"Bologna","homeTeamName":"Chievo","location":"Stadio Marc'Antonio Bentegodi","score":"0 - 0","startDate":"2016-05-15T16:00:00+00:00"},"events":[{"eventType":"type-substitution"},{"eventType":"type-substitution"},{"eventType":"type-substitution"},{"eventType":"type-substitution"},{"eventType":"type-substitution"},{"eventType":"type-yellow_card"},{"eventType":"type-substitution"},{"eventType":"type-yellow_card"},{"eventType":"type-yellow_card"}],"stats":{"awayGates":"4","awayPasses":"561","awayPossession":54.1,"awayShots":"8","homeGates":"0","homePasses":"478","homePossession":45.9,"homeShots":"2"},"competition":"Serie A","date":"2016-05-16","match":"chievo-v-bologna"}