{"result":{"awayTeamName":"Torino","homeTeamName":"Empoli","location":"Stadio Carlo Castellani","score":"2 - 1","startDate":"2016-05-15T16:00:00+00:00"},"events":[{"eventType":"type-substitution"},{"eventType":"type-substitution"},{"eventType":"type-substitution"},{"eventType":"type-substitution"},{"eventType":"type-substitution"},{"eventType":"type-goal"},{"eventType":"type-goal"},{"eventType":"type-substitution"},{"eventType":"type-yellow_card"},{"eventType":"type-yellow_card"},{"eventType":"type-yellow_card"},{"eventType":"type-goal"}],"stats":{"awayGates":"5","awayPasses":"510","awayPossession":53.3,"awayShots":"9","homeGates":"3","homePasses":"459","homePossession":46.7,"homeShots":"3"},"competition":"Serie A","date":"2016-05-16","match":"empoli-v-torino"}