{"result":{"awayTeamName":"Atalanta","homeTeamName":"Genoa","location":"Stadio Comunale Luigi Ferraris","score":"1 - 2","startDate":"2016-05-15T16:00:00+00:00"},"events":[{"eventType":"type-goal"},{"eventType":"type-substitution"},{"eventType":"type-substitution"},{"eventType":"type-substitution"},{"eventType":"type-substitution"},{"eventType":"type-yellow_card"},{"eventType":"type-yellow_card"},{"eventType":"type-yellow_card"},{"eventType":"type-goal"},{"eventType":"type-yellow_card"},{"eventType":"type-substitution"},{"eventType":"type-yellow_card"},{"eventType":"type-goal"},{"eventType":"type-substitution"},{"eventType":"type-yellow_card"}],"stats":{"awayGates":"3","awayPasses":"397","awayPossession":46.6,"awayShots":"6","homeGates":"2","homePasses":"456","homePossession":53.4,"homeShots":"8"},"competition":"Serie A","date":"2016-05-16","match":"genoa-v-atalanta"}