{"result":{"awayTeamName":"Fiorentina","homeTeamName":"Lazio","location":"Stadio Olimpico","score":"2 - 4","startDate":"2016-05-15T18:45:00+00:00"},"events":[{"additional":"Yellow Card","eventTime":"89'","eventType":"type-yellow_card","main":"A. Costa"},{"additional":"O. Onazi","eventTime":"84'","eventType":"type-substitution","main":"S. Mauri"},{"additional":"Cristian Tello","eventTime":"84'","eventType":"type-substitution","main":"N. Kalinić"},{"additional":"M. Vecino","eventTime":"80'","eventType":"type-substitution","main":"A. Costa"},{"additional":"Goal","eventTime":"74'","eventType":"type-goal","main":"M. Klose"},{"additional":"M. Fernández","eventTime":"70'","eventType":"type-goal","main":"M. Vecino"},{"additional":"A. Candreva","eventTime":"68'","eventType":"type-substitution","main":"Felipe Anderson"},{"additional":"D. Cataldi","eventTime":"60'","eventType":"type-substitution","main":"S. Milinković-Savić"},{"additional":"F. Bernardeschi","eventTime":"45'","eventType":"type-goal","main":"Cristian Tello"},{"additional":"Cristian Tello","eventTime":"40'","eventType":"type-goal","main":"F. Bernardeschi"},{"additional":"Goal","eventTime":"31'","eventType":"type-goal","main":"M. Vecino"},{"additional":"Marcos Alonso","eventTime":"29'","eventType":"type-substitution","main":"F. Roncaglia"},{"additional":"Goal","eventTime":"2'","eventType":"type-goal","main":"S. Lulić"}],"stats":{"awayGates":"5","awayPasses":"558","awayPossession":55.4,"awayShots":"7","homeGates":"6","homePasses":"424","homePossession":44.6,"homeShots":"8"},"competition":"Serie A","date":"2016-05-16","match":"lazio-v-fiorentina"}