{"result":{"awayTeamName":"Hellas Verona","homeTeamName":"Palermo","location":"Stadio Renzo Barbera","score":"3 - 2","startDate":"2016-05-15T18:45:00+00:00"},"events":[{"eventType":"type-substitution"},{"eventType":"type-yellow_card"},{"eventType":"type-yellow_card"},{"eventType":"type-goal"},{"eventType":"type-substitution"},{"eventType":"type-substitution"},{"eventType":"type-substitution"},{"eventType":"type-yellow_card"},{"eventType":"type-yellow_card"},{"eventType":"type-goal"},{"eventType":"type-substitution"},{"eventType":"type-goal"},{"eventType":"type-goal"},{"eventType":"type-substitution"},{"eventType":"type-red_card"},{"eventType":"type-red_card"},{"eventType":"type-goal"}],"stats":{"awayGates":"4","awayPasses":"575","awayPossession":62.7,"awayShots":"3","homeGates":"3","homePasses":"331","homePossession":37.3,"homeShots":"2"},"competition":"Serie A","date":"2016-05-16","match":"palermo-v-hellas-verona"}