{"result":{"awayTeamName":"Carpi","homeTeamName":"Udinese","location":"Dacia Arena","score":"1 - 2","startDate":"2016-05-15T18:45:00+00:00"},"events":[{"eventType":"type-yellow_card"},{"eventType":"type-substitution"},{"eventType":"type-substitution"},{"eventType":"type-substitution"},{"eventType":"type-goal"},{"eventType":"type-substitution"},{"eventType":"type-yellow_card"},{"eventType":"type-yellow_card"},{"eventType":"type-substitution"},{"eventType":"type-yellow_card"},{"eventType":"type-substitution"},{"eventType":"type-yellow_card"},{"eventType":"type-goal"},{"eventType":"type-red_card"},{"eventType":"type-goal"},{"eventType":"type-yellow_card"}],"stats":{"awayGates":"5","awayPasses":"402","awayPossession":47.5,"awayShots":"3","homeGates":"5","homePasses":"433","homePossession":52.5,"homeShots":"5"},"competition":"Serie A","date":"2016-05-16","match":"udinese-v-carpi"}