{"result":{"awayTeamName":"Cameroon","homeTeamName":"Albania","location":"Stade de Genève","score":"0 - 0","startDate":"2012-11-14T19:45:00+00:00"},"events":[{"eventType":"type-substitution"},{"eventType":"type-substitution"},{"eventType":"type-substitution"},{"eventType":"type-substitution"},{"eventType":"type-substitution"},{"eventType":"type-substitution"},{"eventType":"type-substitution"},{"eventType":"type-substitution"},{"eventType":"type-substitution"},{"eventType":"type-substitution"},{"eventType":"type-substitution"},{"additional":"Yellow Card","eventTime":"0'","eventType":"type-yellow_card","main":"H. Bedimo"}],"stats":{},"competition":"Friendlies","date":"2012-11-15","match":"albania-v-cameroon"}