{"result":{"awayTeamName":"Bosnia-Herzegovina","homeTeamName":"Algeria","location":"Stade du 5 Juillet 1962","score":"0 - 1","startDate":"2012-11-14T17:00:00+00:00"},"events":[{"eventType":"type-goal"},{"eventType":"type-substitution"},{"eventType":"type-yellow_card"},{"eventType":"type-substitution"},{"eventType":"type-substitution"},{"eventType":"type-substitution"},{"eventType":"type-substitution"},{"eventType":"type-substitution"},{"eventType":"type-substitution"},{"eventType":"type-substitution"},{"eventType":"type-substitution"},{"eventType":"type-substitution"},{"eventType":"type-substitution"},{"eventType":"type-substitution"}],"stats":{},"competition":"Friendlies","date":"2012-11-15","match":"algeria-v-bosnia-herzegovina"}