{"result":{"awayTeamName":"Iceland","homeTeamName":"Andorra","location":"Camp de Futbol d'Aixovall","score":"0 - 2","startDate":"2012-11-14T18:00:00+00:00"},"events":[{"eventType":"type-substitution"},{"eventType":"type-substitution"},{"eventType":"type-substitution"},{"eventType":"type-substitution"},{"eventType":"type-substitution"},{"additional":"Goal","eventTime":"58'","eventType":"type-goal","main":"R. Sigurjónsson"},{"eventType":"type-substitution"},{"eventType":"type-substitution"},{"eventType":"type-substitution"},{"eventType":"type-substitution"},{"eventType":"type-substitution"},{"eventType":"type-substitution"},{"eventType":"type-substitution"},{"additional":"Yellow Card","eventTime":"46'","eventType":"type-yellow_card","main":"M. Vilhjálmsson"},{"additional":"Goal","eventTime":"10'","eventType":"type-goal","main":"J. Guðmunds­son"}],"stats":{},"competition":"Friendlies","date":"2012-11-15","match":"andorra-v-iceland"}