{"result":{"awayTeamName":"Lithuania","homeTeamName":"Armenia","location":"Vazgen Sargsyan anvan Hanrapetakan Marzadasht","score":"4 - 2","startDate":"2012-11-14T15:00:00+00:00"},"events":[{"eventType":"type-yellow_card"},{"additional":"Yellow Card","eventTime":"85'","eventType":"type-yellow_card","main":"M. Stankevičius"},{"eventType":"type-substitution"},{"eventType":"type-penalty_goal"},{"eventType":"type-substitution"},{"eventType":"type-substitution"},{"eventType":"type-substitution"},{"additional":"Goal","eventTime":"72'","eventType":"type-goal","main":"A. Özbiliz"},{"eventType":"type-goal"},{"eventType":"type-substitution"},{"eventType":"type-substitution"},{"eventType":"type-substitution"},{"eventType":"type-yellow_card"},{"eventType":"type-substitution"},{"additional":"Goal","eventTime":"55'","eventType":"type-goal","main":"H. Mkhitaryan"},{"additional":"Goal","eventTime":"50'","eventType":"type-goal","main":"K. Mkrtchyan"},{"additional":"Yellow Card","eventTime":"47'","eventType":"type-yellow_card","main":"M. Panka"},{"eventType":"type-substitution"},{"eventType":"type-substitution"},{"additional":"Yellow Card","eventTime":"42'","eventType":"type-yellow_card","main":"L. Pilibaitis"},{"eventType":"type-substitution"},{"eventType":"type-substitution"},{"additional":"Goal","eventTime":"7'","eventType":"type-goal","main":"E. Manucharyan"},{"eventType":"type-substitution"}],"stats":{},"competition":"Friendlies","date":"2012-11-15","match":"armenia-v-lithuania"}