{"result":{"awayTeamName":"Côte d'Ivoire","homeTeamName":"Austria","location":"Linzer Stadion","score":"0 - 3","startDate":"2012-11-14T19:30:00+00:00"},"events":[{"eventType":"type-substitution"},{"eventType":"type-substitution"},{"eventType":"type-goal"},{"eventType":"type-substitution"},{"eventType":"type-substitution"},{"eventType":"type-goal"},{"eventType":"type-substitution"},{"eventType":"type-substitution"},{"eventType":"type-substitution"},{"eventType":"type-substitution"},{"eventType":"type-substitution"},{"eventType":"type-substitution"},{"eventType":"type-substitution"},{"eventType":"type-substitution"},{"additional":"A. Koné","eventTime":"44'","eventType":"type-goal","main":"D. Ya Konan"}],"stats":{},"competition":"Friendlies","date":"2012-11-15","match":"austria-v-c%C3%B4te-divoire"}