{"result":{"awayTeamName":"Costa Rica","homeTeamName":"Bolivia","location":"Estadio Ramón Aguilera Costas","score":"1 - 1","startDate":"2012-11-15T00:37:00+00:00"},"events":[{"additional":"Goal","eventTime":"90' + 1'","eventType":"type-goal","main":"C. Saucedo"},{"eventType":"type-substitution"},{"eventType":"type-substitution"},{"eventType":"type-substitution"},{"additional":"Goal","eventTime":"72'","eventType":"type-goal","main":"J. Campbell"},{"eventType":"type-substitution"},{"additional":"Yellow Card","eventTime":"64'","eventType":"type-yellow_card","main":"M. Barrantes"},{"eventType":"type-substitution"},{"eventType":"type-substitution"},{"eventType":"type-substitution"},{"eventType":"type-substitution"},{"eventType":"type-substitution"},{"additional":"Yellow Card","eventTime":"50'","eventType":"type-yellow_card","main":"D. Bejarano"},{"eventType":"type-substitution"},{"eventType":"type-substitution"}],"stats":{},"competition":"Friendlies","date":"2012-11-15","match":"bolivia-v-costa-rica"}