{"result":{"awayTeamName":"Colombia","homeTeamName":"Brazil","location":"MetLife Stadium","score":"1 - 1","startDate":"2012-11-15T00:30:00+00:00"},"events":[{"eventType":"type-substitution"},{"eventType":"type-substitution"},{"eventType":"type-substitution"},{"additional":"Yellow Card","eventTime":"82'","eventType":"type-yellow_card","main":"P. Armero"},{"eventType":"type-substitution"},{"additional":"Yellow Card","eventTime":"78'","eventType":"type-yellow_card","main":"Ramires"},{"additional":"Yellow Card","eventTime":"74'","eventType":"type-yellow_card","main":"M. Yepes"},{"eventType":"type-substitution"},{"additional":"Yellow Card","eventTime":"72'","eventType":"type-yellow_card","main":"Leandro Castán"},{"additional":"Goal","eventTime":"64'","eventType":"type-goal","main":"Neymar"},{"additional":"J. Rodríguez","eventTime":"44'","eventType":"type-goal","main":"Juan Cuadrado"}],"stats":{},"competition":"Friendlies","date":"2012-11-15","match":"brazil-v-colombia"}