{"result":{"awayTeamName":"Ukraine","homeTeamName":"Bulgaria","location":"Stadion Vasil Levski","score":"0 - 1","startDate":"2012-11-14T16:00:00+00:00"},"events":[{"eventType":"type-yellow_card"},{"eventType":"type-substitution"},{"eventType":"type-substitution"},{"eventType":"type-substitution"},{"additional":"Yellow Card","eventTime":"75'","eventType":"type-yellow_card","main":"S. Manolev"},{"additional":"Yellow Card","eventTime":"75'","eventType":"type-yellow_card","main":"V. Shevchuk"},{"eventType":"type-substitution"},{"eventType":"type-substitution"},{"eventType":"type-substitution"},{"eventType":"type-substitution"},{"eventType":"type-substitution"},{"eventType":"type-substitution"},{"eventType":"type-substitution"},{"eventType":"type-substitution"},{"eventType":"type-substitution"},{"additional":"R. Rotan","eventTime":"33'","eventType":"type-goal","main":"O. Kucher"},{"additional":"Yellow Card","eventTime":"33'","eventType":"type-yellow_card","main":"T. Stepanenko"}],"stats":{},"competition":"Friendlies","date":"2012-11-15","match":"bulgaria-v-ukraine"}