{"result":{"awayTeamName":"Serbia","homeTeamName":"Chile","location":"Kybunpark","score":"1 - 3","startDate":"2012-11-14T19:00:00+00:00"},"events":[{"eventType":"type-goal"},{"eventType":"type-substitution"},{"eventType":"type-yellow_card"},{"additional":"Yellow Card","eventTime":"80'","eventType":"type-yellow_card","main":"G. Medel"},{"additional":"Red Card","eventTime":"78'","eventType":"type-red_card","main":"A. Vidal"},{"eventType":"type-substitution"},{"eventType":"type-substitution"},{"eventType":"type-substitution"},{"eventType":"type-substitution"},{"additional":"Goal","eventTime":"59'","eventType":"type-goal","main":"F. Đuričić"},{"eventType":"type-substitution"},{"eventType":"type-goal"},{"eventType":"type-substitution"},{"eventType":"type-substitution"},{"eventType":"type-substitution"},{"eventType":"type-substitution"},{"additional":"Yellow Card","eventTime":"29'","eventType":"type-yellow_card","main":"R. Petrović"},{"additional":"M. Sulejmani","eventTime":"23'","eventType":"type-goal","main":"L. Marković"},{"eventType":"type-substitution"},{"additional":"Yellow Card","eventTime":"19'","eventType":"type-yellow_card","main":"G. Jara"},{"eventType":"type-yellow_card"}],"stats":{},"competition":"Friendlies","date":"2012-11-15","match":"chile-v-serbia"}