{"result":{"awayTeamName":"Finland","homeTeamName":"Cyprus","location":"Neo GSP","score":"0 - 3","startDate":"2012-11-14T17:00:00+00:00"},"events":[{"eventType":"type-substitution"},{"eventType":"type-goal"},{"eventType":"type-substitution"},{"eventType":"type-substitution"},{"eventType":"type-substitution"},{"eventType":"type-substitution"},{"eventType":"type-substitution"},{"eventType":"type-substitution"},{"eventType":"type-substitution"},{"eventType":"type-substitution"},{"eventType":"type-substitution"},{"eventType":"type-substitution"},{"eventType":"type-substitution"},{"additional":"Penalty Goal","eventTime":"29'","eventType":"type-penalty_goal","main":"P. Hetemaj"},{"additional":"Goal","eventTime":"15'","eventType":"type-goal","main":"T. Pukki"},{"additional":"Yellow Card","eventTime":"0'","eventType":"type-yellow_card","main":"K. Hämäläinen"},{"eventType":"type-yellow_card"},{"additional":"Yellow Card","eventTime":"0'","eventType":"type-yellow_card","main":"Dossa Júnior"},{"additional":"Yellow Card","eventTime":"0'","eventType":"type-yellow_card","main":"V. Laban"}],"stats":{},"competition":"Friendlies","date":"2012-11-15","match":"cyprus-v-finland"}