{"result":{"awayTeamName":"Slovakia","homeTeamName":"Czech Republic","location":"Andrův stadion","score":"3 - 0","startDate":"2012-11-14T16:30:00+00:00"},"events":[{"eventType":"type-substitution"},{"eventType":"type-substitution"},{"eventType":"type-substitution"},{"eventType":"type-substitution"},{"additional":"Goal","eventTime":"72'","eventType":"type-goal","main":"B. Dočkal"},{"eventType":"type-substitution"},{"eventType":"type-substitution"},{"eventType":"type-substitution"},{"eventType":"type-substitution"},{"eventType":"type-substitution"},{"eventType":"type-substitution"},{"additional":"Yellow Card","eventTime":"18'","eventType":"type-yellow_card","main":"M. Stoch"},{"eventType":"type-substitution"},{"additional":"L. Krejčí","eventTime":"6'","eventType":"type-goal","main":"D. Lafata"},{"additional":"T. Gebre Selassie","eventTime":"3'","eventType":"type-goal","main":"D. Lafata"}],"stats":{},"competition":"Friendlies","date":"2012-11-15","match":"czech-republic-v-slovakia"}