{"result":{"awayTeamName":"Slovenia","homeTeamName":"FYR Macedonia","location":"Telekom Arena","score":"3 - 2","startDate":"2012-11-14T17:00:00+00:00"},"events":[{"eventType":"type-substitution"},{"eventType":"type-substitution"},{"eventType":"type-substitution"},{"eventType":"type-substitution"},{"eventType":"type-substitution"},{"eventType":"type-substitution"},{"eventType":"type-goal"},{"eventType":"type-substitution"},{"eventType":"type-substitution"},{"eventType":"type-substitution"},{"additional":"Goal","eventTime":"51'","eventType":"type-goal","main":"A. Ibraimi"},{"eventType":"type-goal"},{"eventType":"type-substitution"},{"eventType":"type-substitution"},{"eventType":"type-substitution"},{"additional":"Goal","eventTime":"41'","eventType":"type-goal","main":"A. Jahović"},{"additional":"Goal","eventTime":"27'","eventType":"type-goal","main":"D. Tasevski"},{"additional":"Yellow Card","eventTime":"8'","eventType":"type-yellow_card","main":"F. Hasani"}],"stats":{},"competition":"Friendlies","date":"2012-11-15","match":"fyr-macedonia-v-slovenia"}