{"result":{"awayTeamName":"Portugal","homeTeamName":"Gabon","location":"Stade Omnisport Président Omar Bongo Ondimba","score":"2 - 2","startDate":"2012-11-14T19:30:00+00:00"},"events":[{"eventType":"type-substitution"},{"eventType":"type-yellow_card"},{"eventType":"type-yellow_card"},{"eventType":"type-substitution"},{"eventType":"type-substitution"},{"additional":"Penalty Goal","eventTime":"69'","eventType":"type-penalty_goal","main":"A. Biyogo Poko"},{"eventType":"type-substitution"},{"eventType":"type-substitution"},{"eventType":"type-substitution"},{"eventType":"type-goal"},{"eventType":"type-substitution"},{"eventType":"type-substitution"},{"eventType":"type-yellow_card"},{"eventType":"type-substitution"},{"eventType":"type-substitution"},{"eventType":"type-substitution"},{"additional":"Yellow Card","eventTime":"35'","eventType":"type-yellow_card","main":"P. Kessany"},{"additional":"Penalty Goal","eventTime":"35'","eventType":"type-penalty_goal","main":"Pizzi"},{"additional":"Yellow Card","eventTime":"34'","eventType":"type-yellow_card","main":"H. Ndong"},{"additional":"Penalty Goal","eventTime":"33'","eventType":"type-penalty_goal","main":"L. Madinda"},{"additional":"Yellow Card","eventTime":"28'","eventType":"type-yellow_card","main":"Rúben Micael"}],"stats":{},"competition":"Friendlies","date":"2012-11-15","match":"gabon-v-portugal"}