{"result":{"awayTeamName":"Egypt","homeTeamName":"Georgia","location":"Mikheil Meskhis sakhelobis Stadioni","score":"0 - 0","startDate":"2012-11-14T14:00:00+00:00"},"events":[{"eventType":"type-substitution"},{"additional":"Yellow Card","eventTime":"73'","eventType":"type-yellow_card","main":"Ibrahim Salah"},{"eventType":"type-substitution"},{"eventType":"type-substitution"},{"additional":"Yellow Card","eventTime":"58'","eventType":"type-yellow_card","main":"A. Amisulashvili"},{"eventType":"type-substitution"},{"eventType":"type-substitution"},{"eventType":"type-substitution"},{"eventType":"type-substitution"},{"eventType":"type-substitution"}],"stats":{},"competition":"Friendlies","date":"2012-11-15","match":"georgia-v-egypt"}