{"result":{"awayTeamName":"Peru","homeTeamName":"Honduras","location":"BBVA Compass Stadium","score":"0 - 0","startDate":"2012-11-15T01:52:00+00:00"},"events":[{"eventType":"type-substitution"},{"additional":"Yellow Card","eventTime":"80'","eventType":"type-yellow_card","main":"O. Chávez"},{"eventType":"type-substitution"},{"eventType":"type-substitution"},{"eventType":"type-substitution"},{"additional":"Yellow Card","eventTime":"68'","eventType":"type-yellow_card","main":"R. Cruzado"},{"additional":"Yellow Card","eventTime":"67'","eventType":"type-yellow_card","main":"A. Najar"},{"eventType":"type-substitution"},{"eventType":"type-substitution"},{"eventType":"type-substitution"},{"eventType":"type-substitution"},{"eventType":"type-substitution"},{"eventType":"type-substitution"},{"eventType":"type-substitution"},{"additional":"Yellow Card","eventTime":"32'","eventType":"type-yellow_card","main":"A. Peralta"}],"stats":{},"competition":"Friendlies","date":"2012-11-15","match":"honduras-v-peru"}