{"result":{"awayTeamName":"Norway","homeTeamName":"Hungary","location":"Puskás Ferenc Stadion","score":"0 - 2","startDate":"2012-11-14T19:30:00+00:00"},"events":[{"eventType":"type-substitution"},{"additional":"Yellow Card","eventTime":"86'","eventType":"type-yellow_card","main":"V. Forren"},{"eventType":"type-substitution"},{"eventType":"type-substitution"},{"eventType":"type-goal"},{"eventType":"type-substitution"},{"additional":"Yellow Card","eventTime":"69'","eventType":"type-yellow_card","main":"R. Juhász"},{"eventType":"type-substitution"},{"eventType":"type-substitution"},{"eventType":"type-substitution"},{"eventType":"type-substitution"},{"eventType":"type-substitution"},{"eventType":"type-substitution"},{"additional":"Yellow Card","eventTime":"51'","eventType":"type-yellow_card","main":"Á. Szalai"},{"eventType":"type-substitution"},{"eventType":"type-substitution"},{"additional":"D. Braaten","eventTime":"39'","eventType":"type-goal","main":"H. Nielsen"}],"stats":{},"competition":"Friendlies","date":"2012-11-15","match":"hungary-v-norway"}