{"result":{"awayTeamName":"Belarus","homeTeamName":"Israel","location":"National Stadium Ramat Gan","score":"1 - 2","startDate":"2012-11-14T18:35:00+00:00"},"events":[{"additional":"Yellow Card","eventTime":"90' + 4'","eventType":"type-yellow_card","main":"S. Veremko"},{"eventType":"type-substitution"},{"eventType":"type-yellow_card"},{"eventType":"type-yellow_card"},{"eventType":"type-substitution"},{"additional":"Yellow Card","eventTime":"83'","eventType":"type-yellow_card","main":"S. Kislyak"},{"eventType":"type-substitution"},{"eventType":"type-substitution"},{"eventType":"type-substitution"},{"eventType":"type-substitution"},{"eventType":"type-substitution"},{"additional":"Yellow Card","eventTime":"53'","eventType":"type-yellow_card","main":"V. Trubila"},{"eventType":"type-yellow_card"},{"additional":"Goal","eventTime":"45' + 1'","eventType":"type-goal","main":"S. Kislyak"},{"additional":"Goal","eventTime":"46'","eventType":"type-goal","main":"S. Balanovich"},{"eventType":"type-substitution"},{"eventType":"type-substitution"},{"eventType":"type-substitution"},{"eventType":"type-substitution"},{"eventType":"type-substitution"},{"additional":"Goal","eventTime":"19'","eventType":"type-goal","main":"O. Damari"}],"stats":{},"competition":"Friendlies","date":"2012-11-15","match":"israel-v-belarus"}