{"result":{"awayTeamName":"France","homeTeamName":"Italy","location":"Stadio Ennio Tardini","score":"1 - 2","startDate":"2012-11-14T19:50:00+00:00"},"events":[{"eventType":"type-substitution"},{"eventType":"type-substitution"},{"eventType":"type-substitution"},{"eventType":"type-substitution"},{"eventType":"type-substitution"},{"eventType":"type-goal"},{"additional":"Yellow Card","eventTime":"64'","eventType":"type-yellow_card","main":"M. Balotelli"},{"eventType":"type-substitution"},{"eventType":"type-substitution"},{"eventType":"type-substitution"},{"eventType":"type-substitution"},{"eventType":"type-substitution"},{"eventType":"type-substitution"},{"eventType":"type-substitution"},{"additional":"Goal","eventTime":"37'","eventType":"type-goal","main":"M. Valbuena"},{"additional":"R. Montolivo","eventTime":"35'","eventType":"type-goal","main":"S. El Shaarawy"}],"stats":{},"competition":"Friendlies","date":"2012-11-15","match":"italy-v-france"}