{"result":{"awayTeamName":"Malta","homeTeamName":"Liechtenstein","location":"Rheinpark Stadion","score":"0 - 1","startDate":"2012-11-14T18:00:00+00:00"},"events":[{"additional":"Yellow Card","eventTime":"90' + 2'","eventType":"type-yellow_card","main":"J. Haber"},{"eventType":"type-substitution"},{"eventType":"type-substitution"},{"additional":"Yellow Card","eventTime":"87'","eventType":"type-yellow_card","main":"S. Wieser"},{"eventType":"type-substitution"},{"eventType":"type-substitution"},{"eventType":"type-substitution"},{"eventType":"type-substitution"},{"eventType":"type-substitution"},{"additional":"Yellow Card","eventTime":"60'","eventType":"type-yellow_card","main":"D. Hasler"},{"additional":"Yellow Card","eventTime":"47'","eventType":"type-yellow_card","main":"C. Failla"},{"eventType":"type-substitution"},{"additional":"Goal","eventTime":"38'","eventType":"type-goal","main":"J. Caruana"}],"stats":{},"competition":"Friendlies","date":"2012-11-15","match":"liechtenstein-v-malta"}