{"result":{"awayTeamName":"Scotland","homeTeamName":"Luxembourg","location":"Stade Josy Barthel","score":"1 - 2","startDate":"2012-11-14T19:15:00+00:00"},"events":[{"eventType":"type-substitution"},{"eventType":"type-substitution"},{"eventType":"type-substitution"},{"eventType":"type-substitution"},{"eventType":"type-substitution"},{"eventType":"type-substitution"},{"additional":"Goal","eventTime":"47'","eventType":"type-goal","main":"L. Gerson"},{"eventType":"type-substitution"},{"eventType":"type-substitution"},{"additional":"Goal","eventTime":"23'","eventType":"type-goal","main":"J. Rhodes"},{"additional":"Goal","eventTime":"11'","eventType":"type-goal","main":"J. Rhodes"}],"stats":{},"competition":"Friendlies","date":"2012-11-15","match":"luxembourg-v-scotland"}