{"result":{"awayTeamName":"Germany","homeTeamName":"Netherlands","location":"Johan Cruijff Arena","score":"0 - 0","startDate":"2012-11-14T19:30:00+00:00"},"events":[{"eventType":"type-substitution"},{"eventType":"type-substitution"},{"eventType":"type-substitution"},{"eventType":"type-substitution"},{"eventType":"type-substitution"},{"eventType":"type-substitution"},{"eventType":"type-substitution"},{"eventType":"type-substitution"},{"eventType":"type-substitution"},{"eventType":"type-substitution"}],"stats":{},"competition":"Friendlies","date":"2012-11-15","match":"netherlands-v-germany"}