{"result":{"awayTeamName":"Spain","homeTeamName":"Panama","location":"Estadio Rommel Fernández Gutiérrez","score":"1 - 5","startDate":"2012-11-14T21:30:00+00:00"},"events":[{"additional":"Penalty Goal","eventTime":"87'","eventType":"type-penalty_goal","main":"G. Gómez"},{"eventType":"type-goal"},{"eventType":"type-goal"},{"additional":"Yellow Card","eventTime":"81'","eventType":"type-yellow_card","main":"F. Baloy"},{"eventType":"type-yellow_card"},{"eventType":"type-substitution"},{"eventType":"type-substitution"},{"eventType":"type-substitution"},{"eventType":"type-substitution"},{"eventType":"type-substitution"},{"eventType":"type-substitution"},{"eventType":"type-substitution"},{"eventType":"type-substitution"},{"eventType":"type-substitution"},{"eventType":"type-substitution"},{"eventType":"type-substitution"},{"eventType":"type-substitution"},{"additional":"Mata","eventTime":"43'","eventType":"type-goal","main":"Pedro"},{"additional":"Iniesta","eventTime":"30'","eventType":"type-goal","main":"David Villa"},{"additional":"Iniesta","eventTime":"16'","eventType":"type-goal","main":"Pedro"}],"stats":{},"competition":"Friendlies","date":"2012-11-15","match":"panama-v-spain"}