{"result":{"awayTeamName":"Guatemala","homeTeamName":"Paraguay","location":"Estadio Feliciano Cáceres","score":"3 - 1","startDate":"2012-11-14T23:05:00+00:00"},"events":[{"additional":"Goal","eventTime":"90' + 1'","eventType":"type-goal","main":"Pablo Aguilar"},{"additional":"Goal","eventTime":"87'","eventType":"type-goal","main":"M. López"},{"additional":"Yellow Card","eventTime":"85'","eventType":"type-yellow_card","main":"W. Velásquez"},{"eventType":"type-substitution"},{"eventType":"type-substitution"},{"additional":"Goal","eventTime":"59'","eventType":"type-goal","main":"Pablo Aguilar"},{"eventType":"type-substitution"},{"eventType":"type-substitution"},{"eventType":"type-substitution"},{"eventType":"type-substitution"},{"eventType":"type-substitution"},{"eventType":"type-substitution"},{"eventType":"type-substitution"},{"eventType":"type-substitution"},{"eventType":"type-substitution"},{"additional":"Goal","eventTime":"37'","eventType":"type-goal","main":"L. Caballero"},{"additional":"Yellow Card","eventTime":"20'","eventType":"type-yellow_card","main":"M. León"},{"additional":"Yellow Card","eventTime":"15'","eventType":"type-yellow_card","main":"E. Morales"}],"stats":{},"competition":"Friendlies","date":"2012-11-15","match":"paraguay-v-guatemala"}