{"result":{"awayTeamName":"Uruguay","homeTeamName":"Poland","location":"Stadion Energa Gdańsk","score":"1 - 3","startDate":"2012-11-14T19:45:00+00:00"},"events":[{"eventType":"type-substitution"},{"eventType":"type-substitution"},{"eventType":"type-substitution"},{"eventType":"type-substitution"},{"eventType":"type-substitution"},{"eventType":"type-substitution"},{"eventType":"type-substitution"},{"additional":"M. Cáceres","eventTime":"66'","eventType":"type-goal","main":"L. Suárez"},{"additional":"Ł. Piszczek","eventTime":"64'","eventType":"type-goal","main":"L. Obraniak"},{"eventType":"type-substitution"},{"eventType":"type-substitution"},{"eventType":"type-substitution"},{"eventType":"type-substitution"},{"eventType":"type-substitution"},{"additional":"L. Suárez","eventTime":"34'","eventType":"type-goal","main":"E. Cavani"},{"additional":"Yellow Card","eventTime":"25'","eventType":"type-yellow_card","main":"M. Wasilewski"},{"additional":"Own Goal","eventTime":"22'","eventType":"type-own_goal","main":"K. Glik"}],"stats":{},"competition":"Friendlies","date":"2012-11-15","match":"poland-v-uruguay"}