{"result":{"awayTeamName":"Greece","homeTeamName":"Republic of Ireland","location":"Aviva Stadium","score":"0 - 1","startDate":"2012-11-14T19:45:00+00:00"},"events":[{"eventType":"type-yellow_card"},{"eventType":"type-substitution"},{"eventType":"type-substitution"},{"eventType":"type-substitution"},{"eventType":"type-substitution"},{"eventType":"type-substitution"},{"eventType":"type-substitution"},{"eventType":"type-substitution"},{"eventType":"type-substitution"},{"eventType":"type-substitution"},{"eventType":"type-substitution"},{"additional":"Yellow Card","eventTime":"42'","eventType":"type-yellow_card","main":"C. Clark"},{"additional":"Yellow Card","eventTime":"36'","eventType":"type-yellow_card","main":"S. Long"},{"eventType":"type-substitution"},{"additional":"G. Samaras","eventTime":"29'","eventType":"type-goal","main":"J. Holebas"}],"stats":{},"competition":"Friendlies","date":"2012-11-15","match":"republic-of-ireland-v-greece"}