{"result":{"awayTeamName":"Belgium","homeTeamName":"Romania","location":"Arena Naţională","score":"2 - 1","startDate":"2012-11-14T19:00:00+00:00"},"events":[{"eventType":"type-substitution"},{"eventType":"type-penalty_goal"},{"eventType":"type-substitution"},{"eventType":"type-substitution"},{"eventType":"type-substitution"},{"eventType":"type-substitution"},{"eventType":"type-substitution"},{"eventType":"type-substitution"},{"eventType":"type-substitution"},{"eventType":"type-substitution"},{"eventType":"type-substitution"},{"eventType":"type-substitution"},{"additional":"D. Nistor","eventTime":"32'","eventType":"type-goal","main":"A. Maxim"},{"additional":"Goal","eventTime":"23'","eventType":"type-goal","main":"C. Benteke"}],"stats":{},"competition":"Friendlies","date":"2012-11-15","match":"romania-v-belgium"}