{"result":{"awayTeamName":"United States","homeTeamName":"Russia","location":"Stadion Kuban'","score":"2 - 2","startDate":"2012-11-14T15:00:00+00:00"},"events":[{"eventType":"type-yellow_card"},{"eventType":"type-goal"},{"eventType":"type-substitution"},{"eventType":"type-substitution"},{"eventType":"type-yellow_card"},{"additional":"Penalty Goal","eventTime":"84'","eventType":"type-penalty_goal","main":"R. Shirokov"},{"eventType":"type-substitution"},{"additional":"Yellow Card","eventTime":"77'","eventType":"type-yellow_card","main":"R. Shirokov"},{"additional":"Goal","eventTime":"76'","eventType":"type-goal","main":"M. Bradley"},{"eventType":"type-substitution"},{"eventType":"type-substitution"},{"eventType":"type-substitution"},{"eventType":"type-substitution"},{"eventType":"type-substitution"},{"additional":"Yellow Card","eventTime":"52'","eventType":"type-yellow_card","main":"A. Kokorin"},{"eventType":"type-yellow_card"},{"eventType":"type-substitution"},{"eventType":"type-substitution"},{"additional":"Yellow Card","eventTime":"26'","eventType":"type-yellow_card","main":"M. Bradley"},{"eventType":"type-substitution"},{"eventType":"type-substitution"},{"additional":"A. Kerzhakov","eventTime":"9'","eventType":"type-goal","main":"F. Smolov"}],"stats":{},"competition":"Friendlies","date":"2012-11-15","match":"russia-v-united-states"}