{"result":{"awayTeamName":"Argentina","homeTeamName":"Saudi Arabia","location":"King Fahd International Stadium","score":"0 - 0","startDate":"2012-11-14T17:00:00+00:00"},"events":[{"additional":"Yellow Card","eventTime":"90' + 3'","eventType":"type-yellow_card","main":"Waleed Abdullah"},{"eventType":"type-substitution"},{"additional":"Yellow Card","eventTime":"61'","eventType":"type-yellow_card","main":"P. Zabaleta"},{"eventType":"type-substitution"},{"eventType":"type-substitution"},{"eventType":"type-substitution"}],"stats":{},"competition":"Friendlies","date":"2012-11-15","match":"saudi-arabia-v-argentina"}