{"result":{"awayTeamName":"Zambia","homeTeamName":"South Africa","location":"FNB Stadium (Soccer City)","score":"0 - 1","startDate":"2012-11-14T18:00:00+00:00"},"events":[{"eventType":"type-substitution"},{"eventType":"type-substitution"},{"eventType":"type-substitution"},{"eventType":"type-substitution"},{"eventType":"type-substitution"},{"eventType":"type-goal"},{"eventType":"type-substitution"},{"eventType":"type-substitution"},{"eventType":"type-substitution"},{"eventType":"type-substitution"},{"eventType":"type-substitution"},{"eventType":"type-substitution"},{"eventType":"type-substitution"},{"additional":"Yellow Card","eventTime":"0'","eventType":"type-yellow_card","main":"N. Sinkala"},{"eventType":"type-yellow_card"},{"additional":"Yellow Card","eventTime":"0'","eventType":"type-yellow_card","main":"E. Mayuka"},{"additional":"Yellow Card","eventTime":"0'","eventType":"type-yellow_card","main":"A. Ngcongca"}],"stats":{},"competition":"Friendlies","date":"2012-11-15","match":"south-africa-v-zambia"}