{"result":{"awayTeamName":"England","homeTeamName":"Sweden","location":"Friends Arena","score":"4 - 2","startDate":"2012-11-14T19:30:00+00:00"},"events":[{"additional":"Yellow Card","eventTime":"90' + 2'","eventType":"type-yellow_card","main":"Z. Ibrahimović"},{"additional":"Goal","eventTime":"90' + 1'","eventType":"type-goal","main":"Z. Ibrahimović"},{"eventType":"type-substitution"},{"eventType":"type-yellow_card"},{"eventType":"type-substitution"},{"eventType":"type-substitution"},{"additional":"Goal","eventTime":"84'","eventType":"type-goal","main":"Z. Ibrahimović"},{"additional":"Goal","eventTime":"77'","eventType":"type-goal","main":"Z. Ibrahimović"},{"eventType":"type-substitution"},{"eventType":"type-substitution"},{"eventType":"type-substitution"},{"eventType":"type-substitution"},{"eventType":"type-substitution"},{"additional":"Yellow Card","eventTime":"68'","eventType":"type-yellow_card","main":"A. Granqvist"},{"eventType":"type-substitution"},{"eventType":"type-substitution"},{"eventType":"type-substitution"},{"eventType":"type-substitution"},{"additional":"S. Gerrard","eventTime":"38'","eventType":"type-goal","main":"S. Caulker"},{"additional":"A. Young","eventTime":"35'","eventType":"type-goal","main":"D. Welbeck"},{"additional":"Goal","eventTime":"20'","eventType":"type-goal","main":"Z. Ibrahimović"}],"stats":{"awayGates":"6","awayPasses":"471","awayPossession":55.6,"awayShots":"4","homeGates":"5","homePasses":"368","homePossession":44.4,"homeShots":"9"},"competition":"Friendlies","date":"2012-11-15","match":"sweden-v-england"}