{"result":{"awayTeamName":"Switzerland","homeTeamName":"Tunisia","location":"Stade Olympique de Sousse","score":"1 - 2","startDate":"2012-11-14T17:15:00+00:00"},"events":[{"additional":"E. Derdiyok","eventTime":"90' + 5'","eventType":"type-goal","main":"X. Shaqiri"},{"additional":"Yellow Card","eventTime":"90' + 2'","eventType":"type-yellow_card","main":"J. Djourou"},{"eventType":"type-yellow_card"},{"eventType":"type-substitution"},{"eventType":"type-substitution"},{"additional":"Yellow 2nd/RC","eventTime":"74'","eventType":"type-second_yellow_card","main":"R. Bedoui"},{"eventType":"type-substitution"},{"eventType":"type-substitution"},{"eventType":"type-substitution"},{"eventType":"type-substitution"},{"additional":"Yellow Card","eventTime":"63'","eventType":"type-yellow_card","main":"G. Xhaka"},{"eventType":"type-goal"},{"eventType":"type-substitution"},{"eventType":"type-substitution"},{"eventType":"type-substitution"},{"eventType":"type-substitution"},{"eventType":"type-substitution"},{"additional":"T. Barnetta","eventTime":"39'","eventType":"type-goal","main":"E. Derdiyok"},{"additional":"Yellow Card","eventTime":"23'","eventType":"type-yellow_card","main":"R. Bedoui"},{"additional":"Yellow Card","eventTime":"18'","eventType":"type-yellow_card","main":"E. Derdiyok"}],"stats":{},"competition":"Friendlies","date":"2012-11-15","match":"tunisia-v-switzerland"}