{"result":{"awayTeamName":"Denmark","homeTeamName":"Turkey","location":"Türk Telekom Stadyumu","score":"1 - 1","startDate":"2012-11-14T19:00:00+00:00"},"events":[{"eventType":"type-substitution"},{"eventType":"type-substitution"},{"eventType":"type-substitution"},{"eventType":"type-substitution"},{"additional":"Yellow Card","eventTime":"71'","eventType":"type-yellow_card","main":"N. Stokholm"},{"additional":"Goal","eventTime":"69'","eventType":"type-goal","main":"M. Erdinç"},{"eventType":"type-substitution"},{"eventType":"type-substitution"},{"additional":"Penalty Goal","eventTime":"65'","eventType":"type-penalty_goal","main":"N. Bendtner"},{"eventType":"type-substitution"},{"eventType":"type-substitution"},{"eventType":"type-substitution"},{"eventType":"type-substitution"}],"stats":{},"competition":"Friendlies","date":"2012-11-15","match":"turkey-v-denmark"}