{"result":{"awayTeamName":"Estonia","homeTeamName":"UAE","location":"Mohammed Bin Zayed Stadium","score":"2 - 1","startDate":"2012-11-14T15:30:00+00:00"},"events":[{"eventType":"type-substitution"},{"eventType":"type-substitution"},{"additional":"Goal","eventTime":"70'","eventType":"type-goal","main":"Ali Ahmed Mabkhout"},{"eventType":"type-substitution"},{"eventType":"type-substitution"},{"eventType":"type-substitution"},{"additional":"Yellow Card","eventTime":"52'","eventType":"type-yellow_card","main":"Ali Ahmed Mabkhout"},{"eventType":"type-substitution"},{"eventType":"type-substitution"},{"eventType":"type-substitution"},{"eventType":"type-substitution"},{"eventType":"type-substitution"},{"eventType":"type-substitution"},{"eventType":"type-substitution"},{"additional":"Goal","eventTime":"45'","eventType":"type-goal","main":"J. Ahjupera"},{"additional":"Yellow Card","eventTime":"30'","eventType":"type-yellow_card","main":"A. Bärengrub"},{"additional":"Penalty Goal","eventTime":"30'","eventType":"type-penalty_goal","main":"Hamdan Al Kamali"}],"stats":{},"competition":"Friendlies","date":"2012-11-15","match":"uae-v-estonia"}