{"result":{"awayTeamName":"Nigeria","homeTeamName":"Venezuela","location":"Marlins Park","score":"1 - 3","startDate":"2012-11-15T01:08:00+00:00"},"events":[{"additional":"Goal","eventTime":"90' + 3'","eventType":"type-goal","main":"O. Onazi"},{"eventType":"type-substitution"},{"eventType":"type-substitution"},{"eventType":"type-goal"},{"eventType":"type-substitution"},{"eventType":"type-substitution"},{"eventType":"type-substitution"},{"eventType":"type-substitution"},{"additional":"Yellow Card","eventTime":"56'","eventType":"type-yellow_card","main":"S. Rondón"},{"additional":"Goal","eventTime":"52'","eventType":"type-goal","main":"N. Igiebor"},{"additional":"Goal","eventTime":"49'","eventType":"type-goal","main":"B. Ideye"},{"eventType":"type-substitution"},{"eventType":"type-substitution"}],"stats":{},"competition":"Friendlies","date":"2012-11-15","match":"venezuela-v-nigeria"}