{"result":{"awayTeamName":"Real Valladolid","homeTeamName":"Espanyol","location":"RCDE Stadium","score":"0 - 0","startDate":"2013-03-03T16:00:00+00:00"},"events":[{"additional":"Manucho Gonçalves","eventTime":"80'","eventType":"type-substitution","main":"Javi Guerra"},{"additional":"Bueno","eventTime":"67'","eventType":"type-substitution","main":"Óscar"},{"additional":"Yellow Card","eventTime":"48'","eventType":"type-yellow_card","main":"D. Larsson"},{"additional":"S. Longo","eventTime":"46'","eventType":"type-substitution","main":"M. Wakaso"},{"additional":"D. Colotto","eventTime":"37'","eventType":"type-substitution","main":"Cristian Gómez"}],"stats":{"awayGates":"0","awayPasses":"0","awayPossession":100.0,"awayShots":"0","homeGates":"0","homePasses":"0","homePossession":0.0,"homeShots":"0"},"competition":"Primera División","date":"2013-03-04","match":"espanyol-v-real-valladolid"}