{"result":{"awayTeamName":"Atlético Madrid","homeTeamName":"Málaga","location":"Estadio La Rosaleda","score":"0 - 0","startDate":"2013-03-03T18:00:00+00:00"},"events":[{"additional":"Yellow Card","eventTime":"86'","eventType":"type-yellow_card","main":"J. Toulalan"},{"additional":"Yellow Card","eventTime":"81'","eventType":"type-yellow_card","main":"Koke"},{"additional":"Isco","eventTime":"73'","eventType":"type-substitution","main":"S. Fernández"},{"additional":"Cristian Rodríguez","eventTime":"67'","eventType":"type-substitution","main":"Raúl García"},{"additional":"Joaquín","eventTime":"66'","eventType":"type-substitution","main":"M. Iturra"},{"additional":"M. Demichelis","eventTime":"63'","eventType":"type-substitution","main":"D. Lugano"},{"additional":"Diego Costa","eventTime":"62'","eventType":"type-substitution","main":"Adrián"},{"additional":"Yellow Card","eventTime":"58'","eventType":"type-yellow_card","main":"Diego Costa"},{"additional":"Yellow Card","eventTime":"38'","eventType":"type-yellow_card","main":"Mario Suárez"},{"additional":"Yellow Card","eventTime":"34'","eventType":"type-yellow_card","main":"Weligton"},{"additional":"Yellow Card","eventTime":"17'","eventType":"type-yellow_card","main":"Juanfran"}],"stats":{"awayGates":"0","awayPasses":"0","awayPossession":100.0,"awayShots":"0","homeGates":"0","homePasses":"0","homePossession":0.0,"homeShots":"0"},"competition":"Primera División","date":"2013-03-04","match":"m%C3%A1laga-v-atl%C3%A9tico-madrid"}