{"result":{"awayTeamName":"Real Betis","homeTeamName":"Real Sociedad","location":"Estadio Municipal de Anoeta","score":"3 - 3","startDate":"2013-03-03T20:00:00+00:00"},"events":[{"additional":"Yellow Card","eventTime":"90' + 1'","eventType":"type-yellow_card","main":"Javi Chica"},{"additional":"Beñat","eventTime":"83'","eventType":"type-substitution","main":"Javi Chica"},{"additional":"Xabi Prieto","eventTime":"80'","eventType":"type-substitution","main":"D. Ifrán"},{"additional":"Zurutuza","eventTime":"73'","eventType":"type-substitution","main":"Rubén Pardo"},{"additional":"J. Campbell","eventTime":"72'","eventType":"type-substitution","main":"Nono Delgado"},{"additional":"Yellow Card","eventTime":"72'","eventType":"type-yellow_card","main":"Cañas"},{"additional":"Rubén Castro","eventTime":"66'","eventType":"type-goal","main":"D. Pabón"},{"additional":"Juan Carlos","eventTime":"63'","eventType":"type-substitution","main":"Rubén Castro"},{"additional":"Penalty Goal","eventTime":"62'","eventType":"type-penalty_goal","main":"Xabi Prieto"},{"additional":"Yellow Card","eventTime":"61'","eventType":"type-yellow_card","main":"Ángel López"},{"additional":"C. Vela","eventTime":"56'","eventType":"type-goal","main":"Íñigo Martínez"},{"additional":"Agirretxe","eventTime":"51'","eventType":"type-goal","main":"C. Vela"},{"additional":"Goal","eventTime":"49'","eventType":"type-goal","main":"D. Pabón"},{"additional":"Yellow Card","eventTime":"42'","eventType":"type-yellow_card","main":"Beñat"},{"additional":"Yellow Card","eventTime":"38'","eventType":"type-yellow_card","main":"J. Campbell"},{"additional":"Yellow Card","eventTime":"36'","eventType":"type-yellow_card","main":"Carlos Martínez"},{"additional":"J. Campbell","eventTime":"29'","eventType":"type-goal","main":"Jorge Molina"}],"stats":{"awayGates":"0","awayPasses":"0","awayPossession":100.0,"awayShots":"0","homeGates":"0","homePasses":"0","homePossession":0.0,"homeShots":"0"},"competition":"Primera División","date":"2013-03-04","match":"real-sociedad-v-real-betis"}