{"result":{"awayTeamName":"Celta de Vigo","homeTeamName":"Sevilla","location":"Estadio Ramón Sánchez Pizjuán","score":"4 - 1","startDate":"2013-03-04T20:30:00+00:00"},"events":[{"additional":"Álvaro Negredo","eventTime":"84'","eventType":"type-substitution","main":"B. Diawara"},{"additional":"Bellvís","eventTime":"81'","eventType":"type-substitution","main":"Roberto Lago"},{"additional":"G. Kondogbia","eventTime":"77'","eventType":"type-substitution","main":"H. Maduro"},{"additional":"A. Fernández","eventTime":"75'","eventType":"type-substitution","main":"Enrique de Lucas"},{"additional":"Goal","eventTime":"68'","eventType":"type-goal","main":"Álvaro Negredo"},{"additional":"Goal","eventTime":"66'","eventType":"type-goal","main":"G. Medel"},{"additional":"F. Orellana","eventTime":"60'","eventType":"type-substitution","main":"D. Pranjić"},{"additional":"Yellow Card","eventTime":"54'","eventType":"type-yellow_card","main":"I. Rakitić"},{"additional":"Yellow Card","eventTime":"53'","eventType":"type-yellow_card","main":"Jonny Castro"},{"additional":"Manu del Moral","eventTime":"46'","eventType":"type-substitution","main":"José Antonio Reyes"},{"additional":"Iago Aspas","eventTime":"40'","eventType":"type-goal","main":"A. Fernández"},{"additional":"Goal","eventTime":"29'","eventType":"type-goal","main":"Álvaro Negredo"},{"additional":"Goal","eventTime":"12'","eventType":"type-goal","main":"Álvaro Negredo"}],"stats":{"awayGates":"0","awayPasses":"0","awayPossession":100.0,"awayShots":"0","homeGates":"0","homePasses":"0","homePossession":0.0,"homeShots":"0"},"competition":"Primera División","date":"2013-03-04","match":"sevilla-v-celta-de-vigo"}