{"result":{"awayTeamName":"Portland Timbers","homeTeamName":"DC United","location":"Robert F. Kennedy Memorial Stadium","score":"1 - 1","startDate":"2011-10-20T00:05:00+00:00"},"events":[{"additional":"E. White","eventTime":"90' + 1'","eventType":"type-substitution","main":"J. Ngwenya"},{"additional":"Yellow Card","eventTime":"90'","eventType":"type-yellow_card","main":"A. da Luz"},{"additional":"Yellow Card","eventTime":"85'","eventType":"type-yellow_card","main":"B. Dike"},{"additional":"K. Cooper","eventTime":"84'","eventType":"type-substitution","main":"B. Dike"},{"additional":"R. Wallace","eventTime":"79'","eventType":"type-substitution","main":"M. Chabala"},{"additional":"Goal","eventTime":"73'","eventType":"type-goal","main":"D. De Rosario"},{"additional":"D. Woolard","eventTime":"71'","eventType":"type-substitution","main":"A. da Luz"},{"additional":"E. Alexander","eventTime":"63'","eventType":"type-substitution","main":"B. Umony"},{"additional":"Yellow Card","eventTime":"58'","eventType":"type-yellow_card","main":"B. McDonald"},{"additional":"C. Davies","eventTime":"52'","eventType":"type-substitution","main":"B. Brettschneider"},{"additional":"Goal","eventTime":"24'","eventType":"type-goal","main":"K. Cooper"}],"stats":{"awayGates":"0","awayPasses":"0","awayPossession":100.0,"awayShots":"0","homeGates":"0","homePasses":"0","homePossession":0.0,"homeShots":"0"},"competition":"MLS","date":"2011-10-19","match":"dc-united-v-portland-timbers"}