{"result":{"awayTeamName":"Milan","homeTeamName":"Juventus","location":"Stadio Olimpico Grande Torino","score":"0 - 1","startDate":"2011-03-05T19:45:00+00:00"},"events":[{"additional":"Yellow Card","eventTime":"90' + 3'","eventType":"type-yellow_card","main":"Z. Ibrahimović"},{"additional":"A. Traoré","eventTime":"84'","eventType":"type-substitution","main":"L. Bonucci"},{"additional":"A. Matri","eventTime":"80'","eventType":"type-substitution","main":"A. Del Piero"},{"additional":"A. Cassano","eventTime":"71'","eventType":"type-substitution","main":"C. Seedorf"},{"additional":"Z. Ibrahimović","eventTime":"68'","eventType":"type-goal","main":"G. Gattuso"},{"additional":"L. Toni","eventTime":"63'","eventType":"type-substitution","main":"V. Iaquinta"},{"additional":"K. Boateng","eventTime":"46'","eventType":"type-substitution","main":"Robinho"},{"additional":"Yellow Card","eventTime":"46'","eventType":"type-yellow_card","main":"G. Gattuso"},{"additional":"Yellow Card","eventTime":"44'","eventType":"type-yellow_card","main":"M. van Bommel"}],"stats":{"awayGates":"0","awayPasses":"0","awayPossession":100.0,"awayShots":"0","homeGates":"0","homePasses":"0","homePossession":0.0,"homeShots":"0"},"competition":"Serie A","date":"2011-03-05","match":"juventus-v-milan"}