{"result":{"awayTeamName":"Cesena","homeTeamName":"Sampdoria","location":"Stadio Comunale Luigi Ferraris","score":"2 - 3","startDate":"2011-03-06T11:30:00+00:00"},"events":[{"additional":"Yellow Card","eventTime":"90' + 4'","eventType":"type-yellow_card","main":"F. Caserta"},{"additional":"M. Volta","eventTime":"90' + 2'","eventType":"type-penalty_goal","main":"M. Maccarone"},{"additional":"E. Giaccherini","eventTime":"89'","eventType":"type-substitution","main":"L. Piangerelli"},{"additional":"Yellow Card","eventTime":"86'","eventType":"type-yellow_card","main":"F. Macheda"},{"additional":"Goal","eventTime":"83'","eventType":"type-goal","main":"M. Volta"},{"additional":"Yellow Card","eventTime":"79'","eventType":"type-yellow_card","main":"J. Biabiany"},{"additional":"D. Malonga","eventTime":"72'","eventType":"type-substitution","main":"A. Rosina"},{"additional":"S. Guberti","eventTime":"61'","eventType":"type-substitution","main":"F. Macheda"},{"additional":"M. Pellegrino","eventTime":"54'","eventType":"type-substitution","main":"Y. Benalouane"},{"additional":"Goal","eventTime":"48'","eventType":"type-goal","main":"E. Giaccherini"},{"additional":"M. Parolo","eventTime":"46'","eventType":"type-goal","main":"E. Giaccherini"},{"additional":"Yellow Card","eventTime":"46'","eventType":"type-yellow_card","main":"E. Giaccherini"},{"additional":"S. Lucchini","eventTime":"46'","eventType":"type-substitution","main":"M. Volta"},{"additional":"Goal","eventTime":"43'","eventType":"type-goal","main":"M. Parolo"},{"additional":"Yellow Card","eventTime":"38'","eventType":"type-yellow_card","main":"M. Lauro"},{"additional":"A. Palombo","eventTime":"37'","eventType":"type-substitution","main":"V. Koman"},{"additional":"Yellow Card","eventTime":"35'","eventType":"type-yellow_card","main":"D. Gastaldello"},{"additional":"Yellow Card","eventTime":"33'","eventType":"type-yellow_card","main":"S. von Bergen"}],"stats":{"awayGates":"0","awayPasses":"0","awayPossession":100.0,"awayShots":"0","homeGates":"0","homePasses":"0","homePossession":0.0,"homeShots":"0"},"competition":"Serie A","date":"2011-03-05","match":"sampdoria-v-cesena"}