{"result":{"awayTeamName":"Crystal Palace","homeTeamName":"Everton","location":"Goodison Park","score":"1 - 1","startDate":"2016-09-30T19:00:00+00:00"},"events":[{"additional":"Yellow Card","eventTime":"90' + 4'","eventType":"type-yellow_card","main":"T. Cleverley"},{"additional":"A. Townsend","eventTime":"90' + 3'","eventType":"type-substitution","main":"Lee Chung-Yong"},{"additional":"Yellow Card","eventTime":"88'","eventType":"type-yellow_card","main":"Y. Bolasie"},{"additional":"B. Oviedo","eventTime":"81'","eventType":"type-substitution","main":"Ramiro Funes Mori"},{"additional":"J. McArthur","eventTime":"79'","eventType":"type-substitution","main":"Y. Cabaye"},{"additional":"Yellow Card","eventTime":"78'","eventType":"type-yellow_card","main":"I. Gueye"},{"additional":"R. Barkley","eventTime":"77'","eventType":"type-substitution","main":"K. Mirallas"},{"additional":"Yellow Card","eventTime":"68'","eventType":"type-yellow_card","main":"G. Barry"},{"additional":"Yellow Card","eventTime":"67'","eventType":"type-yellow_card","main":"A. Townsend"},{"additional":"Yellow Card","eventTime":"52'","eventType":"type-yellow_card","main":"C. Benteke"},{"additional":"J. Ward","eventTime":"50'","eventType":"type-goal","main":"C. Benteke"},{"additional":"Yellow Card","eventTime":"45' + 1'","eventType":"type-yellow_card","main":"J. Tomkins"},{"additional":"Goal","eventTime":"35'","eventType":"type-goal","main":"R. Lukaku"},{"additional":"Yellow Card","eventTime":"26'","eventType":"type-yellow_card","main":"J. Puncheon"},{"additional":"Yellow Card","eventTime":"16'","eventType":"type-yellow_card","main":"B. Oviedo"}],"stats":{"awayGates":"2","awayPasses":"297","awayPossession":43.4,"awayShots":"2","homeGates":"3","homePasses":"398","homePossession":56.6,"homeShots":"6"},"competition":"Premier League","date":"2016-09-30","match":"everton-v-crystal-palace"}