{"result":{"awayTeamName":"Liverpool","homeTeamName":"Swansea City","location":"Liberty Stadium","score":"1 - 2","startDate":"2016-10-01T11:30:00+00:00"},"events":[{"additional":"Roberto Firmino","eventTime":"85'","eventType":"type-substitution","main":"D. Origi"},{"additional":"G. Wijnaldum","eventTime":"85'","eventType":"type-substitution","main":"E. Can"},{"additional":"Goal","eventTime":"84'","eventType":"type-goal","main":"J. Milner"},{"additional":"L. Fer","eventTime":"72'","eventType":"type-substitution","main":"J. Fulton"},{"additional":"L. Britton","eventTime":"63'","eventType":"type-substitution","main":"Ki Sung-Yeung"},{"additional":"W. Routledge","eventTime":"62'","eventType":"type-substitution","main":"M. Barrow"},{"additional":"J. Henderson","eventTime":"54'","eventType":"type-goal","main":"Roberto Firmino"},{"additional":"Yellow Card","eventTime":"53'","eventType":"type-yellow_card","main":"L. Britton"},{"additional":"Yellow Card","eventTime":"39'","eventType":"type-yellow_card","main":"D. Sturridge"},{"additional":"Yellow Card","eventTime":"38'","eventType":"type-yellow_card","main":"J. Cork"},{"additional":"Yellow Card","eventTime":"25'","eventType":"type-yellow_card","main":"J. Henderson"},{"additional":"A. Lallana","eventTime":"23'","eventType":"type-substitution","main":"D. Sturridge"},{"additional":"Goal","eventTime":"8'","eventType":"type-goal","main":"L. Fer"}],"stats":{"awayGates":"6","awayPasses":"595","awayPossession":59.4,"awayShots":"3","homeGates":"3","homePasses":"406","homePossession":40.6,"homeShots":"4"},"competition":"Premier League","date":"2016-09-30","match":"swansea-city-v-liverpool"}