{"result":{"awayTeamName":"Colorado Rapids","homeTeamName":"Chivas USA","location":"Stubhub Center","score":"2 - 1","startDate":"2014-10-12T02:30:00+00:00"},"events":[{"additional":"Yellow Card","eventTime":"90' + 2'","eventType":"type-yellow_card","main":"T. Lochhead"},{"additional":"L. Barrera","eventTime":"89'","eventType":"type-substitution","main":"T. Lochhead"},{"additional":"A. Kaji","eventTime":"85'","eventType":"type-goal","main":"F. Borja"},{"additional":"D. Powers","eventTime":"82'","eventType":"type-substitution","main":"E. Buddle"},{"additional":"C. Alvarez","eventTime":"72'","eventType":"type-substitution","main":"K. Hill"},{"additional":"M. Dunn","eventTime":"65'","eventType":"type-goal","main":"K. Tyrpak"},{"additional":"R. Finley","eventTime":"64'","eventType":"type-substitution","main":"K. Tyrpak"},{"additional":"O. Minda","eventTime":"46'","eventType":"type-substitution","main":"E. Ávila"},{"additional":"Yellow Card","eventTime":"44'","eventType":"type-yellow_card","main":"A. Kaji"},{"additional":"Yellow Card","eventTime":"42'","eventType":"type-yellow_card","main":"O. Minda"},{"additional":"C. Eloundou","eventTime":"30'","eventType":"type-goal","main":"J. Neeskens"},{"additional":"Yellow Card","eventTime":"24'","eventType":"type-yellow_card","main":"E. Zavaleta"},{"additional":"Yellow Card","eventTime":"23'","eventType":"type-yellow_card","main":"José Mari"},{"additional":"T. Piermayr","eventTime":"18'","eventType":"type-substitution","main":"M. Wynne"}],"stats":{"awayGates":"0","awayPasses":"0","awayPossession":100.0,"awayShots":"0","homeGates":"0","homePasses":"0","homePossession":0.0,"homeShots":"0"},"competition":"MLS","date":"2014-10-12","match":"chivas-usa-v-colorado-rapids"}