{"result":{"awayTeamName":"New England","homeTeamName":"Montreal Impact","location":"Stade Saputo","score":"2 - 2","startDate":"2014-10-11T20:00:00+00:00"},"events":[{"additional":"C. Davies","eventTime":"79'","eventType":"type-substitution","main":"P. Mullins"},{"additional":"Felipe Martins","eventTime":"77'","eventType":"type-substitution","main":"P. Bernier"},{"additional":"D. Duka","eventTime":"72'","eventType":"type-substitution","main":"J. McInerney"},{"additional":"S. Caldwell","eventTime":"69'","eventType":"type-goal","main":"L. Nguyen"},{"additional":"J. Mapp","eventTime":"65'","eventType":"type-substitution","main":"M. Tissot"},{"additional":"T. Bunbury","eventTime":"61'","eventType":"type-substitution","main":"D. Fagúndez"},{"additional":"D. Kobayashi","eventTime":"56'","eventType":"type-substitution","main":"S. Caldwell"},{"additional":"Yellow Card","eventTime":"47'","eventType":"type-yellow_card","main":"J. Jones"},{"additional":"A. Romero","eventTime":"39'","eventType":"type-goal","main":"M. Di Vaio"},{"additional":"C. Davies","eventTime":"16'","eventType":"type-goal","main":"K. Rowe"},{"additional":"C. Mallace","eventTime":"12'","eventType":"type-goal","main":"M. Di Vaio"}],"stats":{"awayGates":"0","awayPasses":"0","awayPossession":100.0,"awayShots":"0","homeGates":"0","homePasses":"0","homePossession":0.0,"homeShots":"0"},"competition":"MLS","date":"2014-10-12","match":"montreal-impact-v-new-england"}