{"result":{"awayTeamName":"Toronto","homeTeamName":"New York RB","location":"Red Bull Arena","score":"3 - 1","startDate":"2014-10-11T23:00:00+00:00"},"events":[{"additional":"Yellow Card","eventTime":"90' + 4'","eventType":"type-yellow_card","main":"J. Olave"},{"additional":"Yellow Card","eventTime":"89'","eventType":"type-yellow_card","main":"M. Bradley"},{"additional":"B. Wright-Phillips","eventTime":"88'","eventType":"type-substitution","main":"I. Christianson"},{"additional":"Red Card","eventTime":"86'","eventType":"type-red_card","main":"N. Hagglund"},{"additional":"W. Creavalle","eventTime":"83'","eventType":"type-substitution","main":"D. De Rosario"},{"additional":"Yellow Card","eventTime":"78'","eventType":"type-yellow_card","main":"E. Alexander"},{"additional":"Rubén Bover","eventTime":"58'","eventType":"type-substitution","main":"M. Obekop"},{"additional":"J. Morrow","eventTime":"55'","eventType":"type-goal","main":"J. Osorio"},{"additional":"Jackson Gonçalves","eventTime":"46'","eventType":"type-substitution","main":"D. Oduro"},{"additional":"I. Sekagya","eventTime":"45' + 1'","eventType":"type-substitution","main":"Armando"},{"additional":"K. Bekker","eventTime":"46'","eventType":"type-substitution","main":"Gilberto"},{"additional":"B. Wright-Phillips","eventTime":"44'","eventType":"type-goal","main":"D. McCarty"},{"additional":"Goal","eventTime":"35'","eventType":"type-goal","main":"Rubén Bover"},{"additional":"Yellow Card","eventTime":"33'","eventType":"type-yellow_card","main":"W. Creavalle"},{"additional":"K. Kimura","eventTime":"26'","eventType":"type-goal","main":"B. Wright-Phillips"},{"additional":"Yellow Card","eventTime":"15'","eventType":"type-yellow_card","main":"R. Eckersley"}],"stats":{"awayGates":"0","awayPasses":"0","awayPossession":100.0,"awayShots":"0","homeGates":"0","homePasses":"0","homePossession":0.0,"homeShots":"0"},"competition":"MLS","date":"2014-10-12","match":"new-york-rb-v-toronto"}