{"result":{"awayTeamName":"Columbus Crew","homeTeamName":"Philadelphia Union","location":"Talen Energy Stadium","score":"2 - 3","startDate":"2014-10-11T23:00:00+00:00"},"events":[{"additional":"Yellow Card","eventTime":"90' + 1'","eventType":"type-yellow_card","main":"C. Barson"},{"additional":"Justin Meram","eventTime":"87'","eventType":"type-substitution","main":"C. Barson"},{"additional":"C. Valdés","eventTime":"85'","eventType":"type-substitution","main":"A. Hoppenot"},{"additional":"B. Speas","eventTime":"83'","eventType":"type-substitution","main":"E. Pogatetz"},{"additional":"T. Tchani","eventTime":"82'","eventType":"type-goal","main":"J. Arrieta"},{"additional":"S. Le Toux","eventTime":"80'","eventType":"type-substitution","main":"Pedro Ribeiro"},{"additional":"J. Arrieta","eventTime":"79'","eventType":"type-goal","main":"Justin Meram"},{"additional":"H. Jiménez","eventTime":"78'","eventType":"type-goal","main":"E. Finlay"},{"additional":"Goal","eventTime":"75'","eventType":"type-goal","main":"A. Wenger"},{"additional":"A. Schoenfeld","eventTime":"73'","eventType":"type-substitution","main":"J. Arrieta"},{"additional":"Yellow Card","eventTime":"70'","eventType":"type-yellow_card","main":"D. Cruz"},{"additional":"A. Okugo","eventTime":"68'","eventType":"type-goal","main":"D. Cruz"},{"additional":"C. Casey","eventTime":"58'","eventType":"type-substitution","main":"D. Cruz"}],"stats":{"awayGates":"0","awayPasses":"0","awayPossession":100.0,"awayShots":"0","homeGates":"0","homePasses":"0","homePossession":0.0,"homeShots":"0"},"competition":"MLS","date":"2014-10-12","match":"philadelphia-union-v-columbus-crew"}