{"result":{"awayTeamName":"SJ Earthquakes","homeTeamName":"Real Salt Lake","location":"Rio Tinto Stadium","score":"2 - 0","startDate":"2014-10-12T01:30:00+00:00"},"events":[{"additional":"L. Mulholland","eventTime":"88'","eventType":"type-substitution","main":"C. Grossman"},{"additional":"Yellow Card","eventTime":"81'","eventType":"type-yellow_card","main":"N. Grabavoy"},{"additional":"Yannick Djaló","eventTime":"80'","eventType":"type-substitution","main":"M. Fucito"},{"additional":"T. Thompson","eventTime":"77'","eventType":"type-substitution","main":"B. Schuler"},{"additional":"S. Velásquez","eventTime":"77'","eventType":"type-substitution","main":"L. Gil"},{"additional":"Yellow Card","eventTime":"74'","eventType":"type-yellow_card","main":"T. Harden"},{"additional":"S. Jaime","eventTime":"63'","eventType":"type-substitution","main":"O. García"},{"additional":"Yellow Card","eventTime":"32'","eventType":"type-yellow_card","main":"Yannick Djaló"},{"additional":"L. Mulholland","eventTime":"28'","eventType":"type-goal","main":"S. Velásquez"},{"additional":"Goal","eventTime":"24'","eventType":"type-goal","main":"N. Grabavoy"}],"stats":{"awayGates":"0","awayPasses":"0","awayPossession":100.0,"awayShots":"0","homeGates":"0","homePasses":"0","homePossession":0.0,"homeShots":"0"},"competition":"MLS","date":"2014-10-12","match":"real-salt-lake-v-sj-earthquakes"}