{"result":{"awayTeamName":"Barbados","homeTeamName":"St. Vincent / Grenadines","location":"Arnos Vale Ground","score":"2 - 0","startDate":"2012-08-31T22:00:00+00:00"},"events":[{"eventType":"type-substitution"},{"additional":"Yellow Card","eventTime":"87'","eventType":"type-yellow_card","main":"W. Charles"},{"additional":"Goal","eventTime":"86'","eventType":"type-goal","main":"C. Stewart"},{"eventType":"type-substitution"},{"eventType":"type-substitution"},{"eventType":"type-substitution"},{"eventType":"type-substitution"},{"additional":"Yellow Card","eventTime":"75'","eventType":"type-yellow_card","main":"R. Richards"},{"eventType":"type-substitution"},{"eventType":"type-substitution"},{"eventType":"type-substitution"},{"eventType":"type-substitution"},{"eventType":"type-substitution"},{"eventType":"type-substitution"},{"additional":"Yellow Card","eventTime":"41'","eventType":"type-yellow_card","main":"R. Burgess"},{"additional":"Yellow Card","eventTime":"27'","eventType":"type-yellow_card","main":"C. Odle"},{"additional":"Goal","eventTime":"8'","eventType":"type-goal","main":"M. Samuel"}],"stats":{},"competition":"Friendlies","date":"2012-08-31","match":"st-vincent-grenadines-v-barbados"}