{"result":{"awayTeamName":"Leganés","homeTeamName":"Granada","location":"Estadio Nuevo Los Cármenes","score":"0 - 1","startDate":"2016-10-01T11:00:00+00:00"},"events":[{"additional":"Gabriel","eventTime":"82'","eventType":"type-substitution","main":"Pablo Ínsua"},{"additional":"M. Carcela","eventTime":"79'","eventType":"type-substitution","main":"A. Kravets"},{"additional":"Robert Ibáñez","eventTime":"76'","eventType":"type-goal","main":"A. Szymanowski"},{"additional":"Bueno","eventTime":"69'","eventType":"type-substitution","main":"David Barral"},{"additional":"Omar Ramos","eventTime":"67'","eventType":"type-substitution","main":"Robert Ibáñez"},{"additional":"Luciano","eventTime":"61'","eventType":"type-substitution","main":"Guerrero"},{"additional":"Sergi Samper","eventTime":"55'","eventType":"type-substitution","main":"R. Krhin"},{"additional":"Yellow Card","eventTime":"53'","eventType":"type-yellow_card","main":"E. Ponce"}],"stats":{"awayGates":"3","awayPasses":"419","awayPossession":57.8,"awayShots":"3","homeGates":"1","homePasses":"293","homePossession":42.2,"homeShots":"4"},"competition":"Primera División","date":"2016-09-30","match":"granada-v-legan%C3%A9s"}