{"result":{"awayTeamName":"Real Betis","homeTeamName":"Real Sociedad","location":"Estadio Municipal de Anoeta","score":"1 - 0","startDate":"2016-09-30T18:45:00+00:00"},"events":[{"additional":"Willian José","eventTime":"90' + 1'","eventType":"type-substitution","main":"Juanmi"},{"additional":"Joseba Zaldúa","eventTime":"90'","eventType":"type-substitution","main":"Mikel González"},{"additional":"C. Vela","eventTime":"75'","eventType":"type-substitution","main":"Canales"},{"additional":"Joaquín","eventTime":"70'","eventType":"type-substitution","main":"C. Musonda"},{"additional":"Rubén Castro","eventTime":"69'","eventType":"type-substitution","main":"Matías Nahuel"},{"additional":"Mikel Oyarzabal","eventTime":"63'","eventType":"type-goal","main":"C. Vela"},{"additional":"Yellow Card","eventTime":"60'","eventType":"type-yellow_card","main":"Illarramendi"},{"additional":"Yellow Card","eventTime":"59'","eventType":"type-yellow_card","main":"Joaquín"},{"additional":"Yellow Card","eventTime":"54'","eventType":"type-yellow_card","main":"Bruno González"},{"additional":"Yellow Card","eventTime":"46'","eventType":"type-yellow_card","main":"D. Brašanac"},{"additional":"F. Gutiérrez","eventTime":"45'","eventType":"type-substitution","main":"D. Brašanac"},{"additional":"Yellow Card","eventTime":"44'","eventType":"type-yellow_card","main":"Íñigo Martínez"}],"stats":{"awayGates":"2","awayPasses":"321","awayPossession":38.7,"awayShots":"3","homeGates":"8","homePasses":"501","homePossession":61.3,"homeShots":"4"},"competition":"Primera División","date":"2016-09-30","match":"real-sociedad-v-real-betis"}