{"result":{"awayTeamName":"Manchester City","homeTeamName":"Manchester United","location":"Old Trafford","score":"1 - 0","startDate":"2016-10-26T19:00:00+00:00"},"events":[{"additional":"Yellow Card","eventTime":"90' + 1'","eventType":"type-yellow_card","main":"P. Pogba"},{"additional":"Yellow Card","eventTime":"90' + 1'","eventType":"type-yellow_card","main":"Z. Ibrahimović"},{"additional":"M. Rashford","eventTime":"81'","eventType":"type-substitution","main":"J. Lingard"},{"additional":"Mata","eventTime":"73'","eventType":"type-substitution","main":"M. Schneiderlin"},{"additional":"Nolito","eventTime":"71'","eventType":"type-substitution","main":"S. Agüero"},{"additional":"L. Sané","eventTime":"63'","eventType":"type-substitution","main":"R. Sterling"},{"additional":"Assist","eventTime":"54'","eventType":"type-assist","main":"Z. Ibrahimović"},{"additional":"Goal","eventTime":"54'","eventType":"type-goal","main":"Mata"},{"additional":"V. Kompany","eventTime":"46'","eventType":"type-substitution","main":"A. Kolarov"},{"additional":"Yellow Card","eventTime":"26'","eventType":"type-yellow_card","main":"A. Valencia"},{"additional":"Yellow Card","eventTime":"13'","eventType":"type-yellow_card","main":"K. Iheanacho"}],"stats":{"awayGates":"0","awayPasses":"506","awayPossession":51.9,"awayShots":"3","homeGates":"2","homePasses":"471","homePossession":48.1,"homeShots":"2"},"competition":"League Cup","date":"2016-10-26","match":"manchester-united-v-manchester-city"}