{"result":{"awayTeamName":"Sunderland","homeTeamName":"Southampton","location":"St. Mary's Stadium","score":"1 - 0","startDate":"2016-10-26T18:45:00+00:00"},"events":[{"additional":"Yellow Card","eventTime":"90' + 4'","eventType":"type-yellow_card","main":"D. Ndong"},{"additional":"P. McNair","eventTime":"87'","eventType":"type-substitution","main":"S. Pienaar"},{"additional":"D. Watmore","eventTime":"87'","eventType":"type-substitution","main":"L. Gooch"},{"additional":"H. Reed","eventTime":"82'","eventType":"type-substitution","main":"J. Clasie"},{"additional":"W. Khazri","eventTime":"72'","eventType":"type-substitution","main":"J. Defoe"},{"additional":"L. Isgrove","eventTime":"72'","eventType":"type-substitution","main":"N. Redmond"},{"additional":"José Fonte","eventTime":"66'","eventType":"type-goal","main":"S. Boufal"},{"additional":"Yellow Card","eventTime":"64'","eventType":"type-yellow_card","main":"B. Jones"},{"additional":"Yellow Card","eventTime":"61'","eventType":"type-yellow_card","main":"O. Olomola"},{"additional":"Yellow Card","eventTime":"45' + 2'","eventType":"type-yellow_card","main":"W. Khazri"},{"additional":"J. Rodriguez","eventTime":"26'","eventType":"type-substitution","main":"O. Olomola"}],"stats":{"awayGates":"2","awayPasses":"0","awayPossession":43.0,"awayShots":"4","homeGates":"1","homePasses":"0","homePossession":57.0,"homeShots":"3"},"competition":"League Cup","date":"2016-10-26","match":"southampton-v-sunderland"}