{"result":{"awayTeamName":"Chelsea","homeTeamName":"West Ham United","location":"London Stadium","score":"2 - 1","startDate":"2016-10-26T18:45:00+00:00"},"events":[{"additional":"Goal","eventTime":"90' + 4'","eventType":"type-goal","main":"G. Cahill"},{"additional":"Assist","eventTime":"90' + 4'","eventType":"type-assist","main":"Azpilicueta"},{"additional":"Yellow Card","eventTime":"90' + 4'","eventType":"type-yellow_card","main":"C. Kouyaté"},{"additional":"M. Antonio","eventTime":"82'","eventType":"type-substitution","main":"S. Zaza"},{"additional":"M. Lanzini","eventTime":"78'","eventType":"type-substitution","main":"A. Ayew"},{"additional":"Yellow Card","eventTime":"76'","eventType":"type-yellow_card","main":"W. Reid"},{"additional":"O. Aina","eventTime":"67'","eventType":"type-substitution","main":"Pedro"},{"additional":"E. Fernandes","eventTime":"66'","eventType":"type-substitution","main":"S. Feghouli"},{"additional":"Yellow Card","eventTime":"64'","eventType":"type-yellow_card","main":"M. Noble"},{"additional":"N. Chalobah","eventTime":"63'","eventType":"type-substitution","main":"E. Hazard"},{"additional":"M. Batshuayi","eventTime":"54'","eventType":"type-substitution","main":"Diego Costa"},{"additional":"Assist","eventTime":"48'","eventType":"type-assist","main":"M. Noble"},{"additional":"Goal","eventTime":"48'","eventType":"type-goal","main":"E. Fernandes"},{"additional":"Assist","eventTime":"11'","eventType":"type-assist","main":"M. Noble"},{"additional":"Goal","eventTime":"11'","eventType":"type-goal","main":"C. Kouyaté"}],"stats":{"awayGates":"4","awayPasses":"0","awayPossession":53.0,"awayShots":"8","homeGates":"7","homePasses":"0","homePossession":47.0,"homeShots":"4"},"competition":"League Cup","date":"2016-10-26","match":"west-ham-united-v-chelsea"}