{"result":{"awayTeamName":"Cagliari","homeTeamName":"Crotone","location":"Stadio Ezio Scida","score":"1 - 1","startDate":"2018-01-28T14:00:00+00:00"},"events":[{"additional":"L. Cigarini","eventTime":"76'","eventType":"type-substitution","main":"M. Andreolli"},{"additional":"A. Barberis","eventTime":"71'","eventType":"type-substitution","main":"A. Budimir"},{"additional":"N. Giannetti","eventTime":"63'","eventType":"type-substitution","main":"C. Lykogiannis"},{"additional":"Yellow Card","eventTime":"61'","eventType":"type-yellow_card","main":"F. Ceccherini"},{"additional":"Yellow Card","eventTime":"56'","eventType":"type-yellow_card","main":"Diego Farias"},{"additional":"Yellow Card","eventTime":"56'","eventType":"type-yellow_card","main":"F. Ricci"},{"additional":"M. Sampirisi","eventTime":"45'","eventType":"type-substitution","main":"D. Faraoni"},{"additional":"Goal","eventTime":"45' + 7'","eventType":"type-goal","main":"L. Cigarini"},{"additional":"Red Card","eventTime":"45' + 2'","eventType":"type-red_card","main":"F. Pisacane"},{"additional":"A. Cragno","eventTime":"44'","eventType":"type-substitution","main":"Rafael"},{"additional":"Goal","eventTime":"29'","eventType":"type-goal","main":"M. Trotta"},{"additional":"Yellow Card","eventTime":"18'","eventType":"type-yellow_card","main":"L. Cigarini"},{"additional":"A. Stoian","eventTime":"12'","eventType":"type-substitution","main":"A. Nalini"}],"stats":{"awayGates":"2","awayPasses":"297","awayPossession":37.4,"awayShots":"3","homeGates":"6","homePasses":"478","homePossession":62.6,"homeShots":"4"},"competition":"Serie A","date":"2018-01-29","match":"crotone-v-cagliari"}