{"result":{"awayTeamName":"Hellas Verona","homeTeamName":"Fiorentina","location":"Stadio Artemio Franchi","score":"1 - 4","startDate":"2018-01-28T14:00:00+00:00"},"events":[{"additional":"Rômulo","eventTime":"90'","eventType":"type-substitution","main":"F. Zuculini"},{"additional":"Yellow Card","eventTime":"82'","eventType":"type-yellow_card","main":"C. Biraghi"},{"additional":"G. Pezzella","eventTime":"73'","eventType":"type-substitution","main":"N. Milenković"},{"additional":"B. Petković","eventTime":"70'","eventType":"type-substitution","main":"S. Calvano"},{"additional":"Yellow Card","eventTime":"66'","eventType":"type-yellow_card","main":"G. Pezzella"},{"additional":"M. Kean","eventTime":"62'","eventType":"type-substitution","main":"S. Souprayen"},{"additional":"Goal","eventTime":"55'","eventType":"type-goal","main":"A. Ferrari"},{"additional":"Goal","eventTime":"53'","eventType":"type-goal","main":"Gil Dias"},{"additional":"Yellow Card","eventTime":"49'","eventType":"type-yellow_card","main":"M. Fares"},{"additional":"Yellow Card","eventTime":"48'","eventType":"type-yellow_card","main":"M. Valoti"},{"additional":"B. Petković","eventTime":"46'","eventType":"type-goal","main":"M. Kean"},{"additional":"M. Benassi","eventTime":"45'","eventType":"type-substitution","main":"Gil Dias"},{"additional":"C. Théréau","eventTime":"45'","eventType":"type-substitution","main":"R. Saponara"},{"additional":"Yellow Card","eventTime":"45' + 2'","eventType":"type-yellow_card","main":"M. Kean"},{"additional":"Yellow Card","eventTime":"35'","eventType":"type-yellow_card","main":"A. Caracciolo"},{"additional":"Yellow Card","eventTime":"35'","eventType":"type-yellow_card","main":"M. Benassi"},{"additional":"Ryder Matos","eventTime":"20'","eventType":"type-goal","main":"M. Kean"},{"additional":"Rômulo","eventTime":"11'","eventType":"type-goal","main":"J. Vuković"}],"stats":{"awayGates":"5","awayPasses":"192","awayPossession":27.5,"awayShots":"3","homeGates":"6","homePasses":"480","homePossession":72.5,"homeShots":"15"},"competition":"Serie A","date":"2018-01-29","match":"fiorentina-v-hellas-verona"}