{"result":{"awayTeamName":"Udinese","homeTeamName":"Genoa","location":"Stadio Comunale Luigi Ferraris","score":"0 - 1","startDate":"2018-01-28T14:00:00+00:00"},"events":[{"additional":"D. Biraschi","eventTime":"70'","eventType":"type-substitution","main":"A. Galabinov"},{"additional":"K. Lasagna","eventTime":"69'","eventType":"type-substitution","main":"G. Angella"},{"additional":"Red Card","eventTime":"64'","eventType":"type-red_card","main":"Samir"},{"additional":"S. Omeonga","eventTime":"63'","eventType":"type-substitution","main":"A. Taarabt"},{"additional":"V. Behrami","eventTime":"62'","eventType":"type-substitution","main":"E. Hallfreðsson"},{"additional":"Goal","eventTime":"61'","eventType":"type-goal","main":"V. Behrami"},{"additional":"Yellow Card","eventTime":"60'","eventType":"type-yellow_card","main":"N. Spolli"},{"additional":"R. de Paul","eventTime":"59'","eventType":"type-substitution","main":"M. López"},{"additional":"Miguel Veloso","eventTime":"56'","eventType":"type-substitution","main":"L. Rigoni"},{"additional":"Yellow Card","eventTime":"13'","eventType":"type-yellow_card","main":"A. Bertolacci"}],"stats":{"awayGates":"1","awayPasses":"337","awayPossession":40.1,"awayShots":"3","homeGates":"2","homePasses":"492","homePossession":59.9,"homeShots":"8"},"competition":"Serie A","date":"2018-01-29","match":"genoa-v-udinese"}