{"result":{"awayTeamName":"Lazio","homeTeamName":"Milan","location":"Stadio Giuseppe Meazza","score":"2 - 1","startDate":"2018-01-28T17:00:00+00:00"},"events":[{"additional":"Yellow Card","eventTime":"90'","eventType":"type-yellow_card","main":"M. Parolo"},{"additional":"Yellow Card","eventTime":"86'","eventType":"type-yellow_card","main":"I. Abate"},{"additional":"Yellow Card","eventTime":"85'","eventType":"type-yellow_card","main":"Bastos"},{"additional":"A. Marušić","eventTime":"83'","eventType":"type-substitution","main":"Nani"},{"additional":"Suso","eventTime":"81'","eventType":"type-substitution","main":"F. Borini"},{"additional":"S. de Vrij","eventTime":"74'","eventType":"type-substitution","main":"Luiz Felipe"},{"additional":"P. Cutrone","eventTime":"71'","eventType":"type-substitution","main":"André Silva"},{"additional":"L. Antonelli","eventTime":"71'","eventType":"type-substitution","main":"I. Abate"},{"additional":"Yellow Card","eventTime":"65'","eventType":"type-yellow_card","main":"L. Antonelli"},{"additional":"Lucas Leiva","eventTime":"52'","eventType":"type-substitution","main":"Felipe Anderson"},{"additional":"Yellow Card","eventTime":"51'","eventType":"type-yellow_card","main":"S. Lulić"},{"additional":"Assist","eventTime":"44'","eventType":"type-assist","main":"D. Calabria"},{"additional":"Goal","eventTime":"44'","eventType":"type-goal","main":"G. Bonaventura"},{"additional":"Yellow Card","eventTime":"41'","eventType":"type-yellow_card","main":"S. Milinković-Savić"},{"additional":"Yellow Card","eventTime":"28'","eventType":"type-yellow_card","main":"A. Marušić"},{"additional":"Yellow Card","eventTime":"25'","eventType":"type-yellow_card","main":"Ş. Radu"},{"additional":"Assist","eventTime":"20'","eventType":"type-assist","main":"Lucas Leiva"},{"additional":"Goal","eventTime":"20'","eventType":"type-goal","main":"A. Marušić"},{"additional":"Assist","eventTime":"15'","eventType":"type-assist","main":"H. Çalhanoğlu"},{"additional":"Goal","eventTime":"15'","eventType":"type-goal","main":"P. Cutrone"}],"stats":{"awayGates":"4","awayPasses":"535","awayPossession":50.0,"awayShots":"5","homeGates":"5","homePasses":"535","homePossession":50.0,"homeShots":"4"},"competition":"Serie A","date":"2018-01-29","match":"milan-v-lazio"}