{"result":{"awayTeamName":"Bologna","homeTeamName":"Napoli","location":"Stadio San Paolo","score":"3 - 1","startDate":"2018-01-28T14:00:00+00:00"},"events":[{"additional":"Yellow Card","eventTime":"88'","eventType":"type-yellow_card","main":"Mário Rui"},{"additional":"A. Poli","eventTime":"82'","eventType":"type-substitution","main":"G. Donsah"},{"additional":"L. Insigne","eventTime":"80'","eventType":"type-substitution","main":"M. Rog"},{"additional":"Yellow Card","eventTime":"77'","eventType":"type-yellow_card","main":"S. De Maio"},{"additional":"Jorginho","eventTime":"74'","eventType":"type-substitution","main":"A. Diawara"},{"additional":"R. Palacio","eventTime":"73'","eventType":"type-substitution","main":"M. Destro"},{"additional":"M. Hamšík","eventTime":"66'","eventType":"type-substitution","main":"P. Zieliński"},{"additional":"L. Insigne","eventTime":"59'","eventType":"type-goal","main":"D. Mertens"},{"additional":"Goal","eventTime":"37'","eventType":"type-goal","main":"D. Mertens"},{"additional":"Yellow Card","eventTime":"37'","eventType":"type-yellow_card","main":"A. Masina"},{"additional":"Own Goal","eventTime":"5'","eventType":"type-own_goal","main":"I. M'baye"},{"additional":"S. Verdi","eventTime":"5'","eventType":"type-substitution","main":"L. Krejčí"},{"additional":"F. Di Francesco","eventTime":"1'","eventType":"type-goal","main":"R. Palacio"}],"stats":{"awayGates":"5","awayPasses":"456","awayPossession":38.0,"awayShots":"1","homeGates":"4","homePasses":"738","homePossession":62.0,"homeShots":"4"},"competition":"Serie A","date":"2018-01-29","match":"napoli-v-bologna"}