{"result":{"awayTeamName":"Sampdoria","homeTeamName":"Roma","location":"Stadio Olimpico","score":"0 - 1","startDate":"2018-01-28T19:45:00+00:00"},"events":[{"additional":"Yellow Card","eventTime":"87'","eventType":"type-yellow_card","main":"N. Murru"},{"additional":"L. Torreira","eventTime":"86'","eventType":"type-substitution","main":"L. Capezzi"},{"additional":"N. Murru","eventTime":"80'","eventType":"type-goal","main":"D. Zapata"},{"additional":"Yellow Card","eventTime":"79'","eventType":"type-yellow_card","main":"A. Florenzi"},{"additional":"S. El Shaarawy","eventTime":"78'","eventType":"type-substitution","main":"M. Antonucci"},{"additional":"C. Ünder","eventTime":"72'","eventType":"type-substitution","main":"D. Perotti"},{"additional":"G. Ramírez","eventTime":"72'","eventType":"type-substitution","main":"R. Álvarez"},{"additional":"Lorenzo Pellegrini","eventTime":"70'","eventType":"type-substitution","main":"G. Defrel"},{"additional":"G. Caprari","eventTime":"62'","eventType":"type-substitution","main":"D. Kownacki"},{"additional":"Yellow Card","eventTime":"57'","eventType":"type-yellow_card","main":"A. Kolarov"},{"additional":"Yellow Card","eventTime":"38'","eventType":"type-yellow_card","main":"B. Bereszyński"}],"stats":{"awayGates":"10","awayPasses":"254","awayPossession":34.400000000000006,"awayShots":"5","homeGates":"8","homePasses":"475","homePossession":65.6,"homeShots":"7"},"competition":"Serie A","date":"2018-01-29","match":"roma-v-sampdoria"}