{"result":{"awayTeamName":"Benevento","homeTeamName":"Torino","location":"Stadio Olimpico Grande Torino","score":"3 - 0","startDate":"2018-01-28T14:00:00+00:00"},"events":[{"additional":"T. Rincón","eventTime":"78'","eventType":"type-substitution","main":"A. Acquah"},{"additional":"M. Coda","eventTime":"77'","eventType":"type-substitution","main":"P. Iemmello"},{"additional":"J. Obi","eventTime":"71'","eventType":"type-substitution","main":"C. Ansaldi"},{"additional":"L. Memushaj","eventTime":"64'","eventType":"type-substitution","main":"Sandro"},{"additional":"M. Niang","eventTime":"63'","eventType":"type-substitution","main":"A. Belotti"},{"additional":"Yellow Card","eventTime":"60'","eventType":"type-yellow_card","main":"C. Molinaro"},{"additional":"Goal","eventTime":"45'","eventType":"type-goal","main":"J. Obi"},{"additional":"Iago Falqué","eventTime":"40'","eventType":"type-goal","main":"M. Niang"},{"additional":"F. Đuričić","eventTime":"36'","eventType":"type-substitution","main":"A. Brignoli"},{"additional":"Red Card","eventTime":"34'","eventType":"type-red_card","main":"V. Belec"},{"additional":"Yellow Card","eventTime":"33'","eventType":"type-yellow_card","main":"M. Niang"},{"additional":"Yellow Card","eventTime":"22'","eventType":"type-yellow_card","main":"B. Djimsiti"},{"additional":"Álex Berenguer","eventTime":"3'","eventType":"type-goal","main":"Iago Falqué"}],"stats":{"awayGates":"1","awayPasses":"366","awayPossession":40.5,"awayShots":"4","homeGates":"5","homePasses":"544","homePossession":59.5,"homeShots":"4"},"competition":"Serie A","date":"2018-01-29","match":"torino-v-benevento"}