{"result":{"awayTeamName":"Real Madrid","homeTeamName":"Cultural Leonesa","location":"Estadio Municipal Reino de León","score":"1 - 7","startDate":"2016-10-26T19:00:00+00:00"},"events":[{"additional":"Assist","eventTime":"90' + 2'","eventType":"type-assist","main":"Lucas Vázquez"},{"additional":"Goal","eventTime":"90' + 2'","eventType":"type-goal","main":"M. Díaz"},{"additional":"Assist","eventTime":"84'","eventType":"type-assist","main":"David Forniés"},{"additional":"Goal","eventTime":"84'","eventType":"type-goal","main":"Benja"},{"additional":"Daniel Carvajal","eventTime":"69'","eventType":"type-substitution","main":"M. Kovačić"},{"additional":"Assist","eventTime":"68'","eventType":"type-assist","main":"J. Rodríguez"},{"additional":"Goal","eventTime":"68'","eventType":"type-goal","main":"Nacho"},{"additional":"Isco","eventTime":"63'","eventType":"type-substitution","main":"M. Díaz"},{"additional":"Toni Suárez","eventTime":"62'","eventType":"type-substitution","main":"M. Touré"},{"additional":"Danilo","eventTime":"58'","eventType":"type-substitution","main":"Fábio Coentrão"},{"additional":"Assist","eventTime":"55'","eventType":"type-assist","main":"J. Rodríguez"},{"additional":"Goal","eventTime":"55'","eventType":"type-goal","main":"Álvaro Morata"},{"additional":"Julen Colinas","eventTime":"55'","eventType":"type-substitution","main":"Benja"},{"additional":"Assist","eventTime":"53'","eventType":"type-assist","main":"Isco"},{"additional":"Goal","eventTime":"53'","eventType":"type-goal","main":"Marco Asensio"},{"additional":"Goal","eventTime":"46'","eventType":"type-goal","main":"Álvaro Morata"},{"additional":"Assist","eventTime":"46'","eventType":"type-assist","main":"J. Rodríguez"},{"additional":"Yellow Card","eventTime":"36'","eventType":"type-yellow_card","main":"Yeray González"},{"additional":"Yellow Card","eventTime":"36'","eventType":"type-yellow_card","main":"T. Kroos"},{"additional":"Goal","eventTime":"32'","eventType":"type-goal","main":"Marco Asensio"},{"additional":"Assist","eventTime":"32'","eventType":"type-assist","main":"Lucas Vázquez"},{"additional":"Antonio Martínez","eventTime":"19'","eventType":"type-substitution","main":"Jorge Ortí"},{"additional":"Own Goal","eventTime":"6'","eventType":"type-own_goal","main":"G. Zuiverloon"}],"stats":{"awayGates":"13","awayPasses":"536","awayPossession":56.0,"awayShots":"9","homeGates":"6","homePasses":"432","homePossession":44.0,"homeShots":"5"},"competition":"Copa del Rey","date":"2016-10-26","match":"cultural-leonesa-v-real-madrid"}