{"result":{"awayTeamName":"PSG","homeTeamName":"Auxerre","location":"Stade de l'Abbé Deschamps","score":"1 - 0","startDate":"2011-03-05T20:00:00+00:00"},"events":[{"additional":"Yellow Card","eventTime":"90' + 1'","eventType":"type-yellow_card","main":"B. Pedretti"},{"additional":"Goal","eventTime":"86'","eventType":"type-goal","main":"K. Chafni"},{"additional":"L. Giuly","eventTime":"83'","eventType":"type-substitution","main":"J. Maurice"},{"additional":"Alain Traoré","eventTime":"77'","eventType":"type-substitution","main":"D. Oliech"},{"additional":"P. Luyindula","eventTime":"71'","eventType":"type-substitution","main":"J. Bahebeck"},{"additional":"A. Le Tallec","eventTime":"61'","eventType":"type-substitution","main":"Jung Jo-Gook"},{"additional":"C. Hengbart","eventTime":"53'","eventType":"type-substitution","main":"J. Berthod"},{"additional":"Yellow Card","eventTime":"50'","eventType":"type-yellow_card","main":"Alain Traoré"}],"stats":{"awayGates":"0","awayPasses":"0","awayPossession":100.0,"awayShots":"0","homeGates":"0","homePasses":"0","homePossession":0.0,"homeShots":"0"},"competition":"Ligue 1","date":"2011-03-05","match":"auxerre-v-psg"}