{"result":{"awayTeamName":"Saint-Étienne","homeTeamName":"Caen","location":"Stade Michel d'Ornano","score":"1 - 0","startDate":"2011-03-05T18:00:00+00:00"},"events":[{"additional":"Y. Mollo","eventTime":"90' + 2'","eventType":"type-goal","main":"Y. El-Arabi"},{"additional":"B. Morel","eventTime":"80'","eventType":"type-substitution","main":"K. Traoré"},{"additional":"L. Batlles","eventTime":"79'","eventType":"type-substitution","main":"P. Aubameyang"},{"additional":"Yellow Card","eventTime":"69'","eventType":"type-yellow_card","main":"G. Tafforeau"},{"additional":"S. Yatabaré","eventTime":"58'","eventType":"type-substitution","main":"T. Moulin"},{"additional":"G. Proment","eventTime":"26'","eventType":"type-substitution","main":"D. Marcq"}],"stats":{"awayGates":"0","awayPasses":"0","awayPossession":100.0,"awayShots":"0","homeGates":"0","homePasses":"0","homePossession":0.0,"homeShots":"0"},"competition":"Ligue 1","date":"2011-03-05","match":"caen-v-saint-%C3%A9tienne"}