{"result":{"awayTeamName":"Nancy","homeTeamName":"Lorient","location":"Stade Yves Allainmat - Le Moustoir","score":"0 - 0","startDate":"2011-03-05T18:00:00+00:00"},"events":[{"additional":"K. Monnet-Paquet","eventTime":"83'","eventType":"type-substitution","main":"J. Fanchone"},{"additional":"Y. Hadji","eventTime":"73'","eventType":"type-substitution","main":"B. Gavanon"},{"additional":"A. Cuvillier","eventTime":"70'","eventType":"type-substitution","main":"J. Brison"},{"additional":"L. Kitambala","eventTime":"60'","eventType":"type-substitution","main":"F. Coquelin"},{"additional":"Yellow Card","eventTime":"52'","eventType":"type-yellow_card","main":"G. Bourillon"},{"additional":"Yellow Card","eventTime":"51'","eventType":"type-yellow_card","main":"L. N'Guémo"}],"stats":{"awayGates":"0","awayPasses":"0","awayPossession":100.0,"awayShots":"0","homeGates":"0","homePasses":"0","homePossession":0.0,"homeShots":"0"},"competition":"Ligue 1","date":"2011-03-05","match":"lorient-v-nancy"}