{"result":{"awayTeamName":"Rennes","homeTeamName":"Montpellier","location":"Stade de la Mosson","score":"0 - 1","startDate":"2011-03-05T18:00:00+00:00"},"events":[{"additional":"Yellow Card","eventTime":"90' + 1'","eventType":"type-yellow_card","main":"T. Doumbia"},{"additional":"G. Bocaly","eventTime":"90'","eventType":"type-substitution","main":"J. Saihi"},{"additional":"R. Boukari","eventTime":"89'","eventType":"type-substitution","main":"T. Doumbia"},{"additional":"Yellow Card","eventTime":"83'","eventType":"type-yellow_card","main":"C. Jeunechamp"},{"additional":"J. Leroy","eventTime":"77'","eventType":"type-substitution","main":"Y. Brahimi"},{"additional":"O. Giroud","eventTime":"72'","eventType":"type-substitution","main":"K. Aït-Fana"},{"additional":"Y. M'Vila","eventTime":"67'","eventType":"type-substitution","main":"F. Lemoine"},{"additional":"M. Estrada","eventTime":"60'","eventType":"type-substitution","main":"G. Dernis"},{"additional":"Goal","eventTime":"27'","eventType":"type-goal","main":"R. Boukari"},{"additional":"Yellow Card","eventTime":"25'","eventType":"type-yellow_card","main":"J. Kana-Biyik"}],"stats":{"awayGates":"0","awayPasses":"0","awayPossession":100.0,"awayShots":"0","homeGates":"0","homePasses":"0","homePossession":0.0,"homeShots":"0"},"competition":"Ligue 1","date":"2011-03-05","match":"montpellier-v-rennes"}