{"result":{"awayTeamName":"Lens","homeTeamName":"Nice","location":"Stade Municipal du Ray","score":"0 - 0","startDate":"2011-03-05T18:00:00+00:00"},"events":[{"additional":"Y. Demont","eventTime":"90'","eventType":"type-substitution","main":"S. Roudet"},{"additional":"Yellow Card","eventTime":"90'","eventType":"type-yellow_card","main":"N. Pejčinović"},{"additional":"T. Maoulida","eventTime":"79'","eventType":"type-substitution","main":"K. Akalé"},{"additional":"J. Sablé","eventTime":"79'","eventType":"type-substitution","main":"D. Diakité"},{"additional":"F. Clerc","eventTime":"74'","eventType":"type-substitution","main":"I. Gacé"},{"additional":"S. Sow","eventTime":"72'","eventType":"type-substitution","main":"Eduardo"},{"additional":"Yellow Card","eventTime":"72'","eventType":"type-yellow_card","main":"A. Touré"},{"additional":"D. Bellion","eventTime":"60'","eventType":"type-substitution","main":"D. Ljuboja"},{"additional":"Yellow Card","eventTime":"44'","eventType":"type-yellow_card","main":"S. Sow"}],"stats":{"awayGates":"0","awayPasses":"0","awayPossession":100.0,"awayShots":"0","homeGates":"0","homePasses":"0","homePossession":0.0,"homeShots":"0"},"competition":"Ligue 1","date":"2011-03-05","match":"nice-v-lens"}