{"result":{"awayTeamName":"Sochaux","homeTeamName":"Toulouse","location":"Stadium Municipal","score":"0 - 1","startDate":"2011-03-05T18:00:00+00:00"},"events":[{"additional":"M. Martin","eventTime":"90' + 2'","eventType":"type-substitution","main":"L. Poujol"},{"additional":"Red Card","eventTime":"90'","eventType":"type-red_card","main":"M. Valverde"},{"additional":"F. Tabanou","eventTime":"84'","eventType":"type-substitution","main":"F. Mansaré"},{"additional":"M. Maïga","eventTime":"77'","eventType":"type-substitution","main":"C. Bakambu"},{"additional":"É. Didot","eventTime":"77'","eventType":"type-substitution","main":"A. Regattin"},{"additional":"Y. Tafer","eventTime":"70'","eventType":"type-substitution","main":"F. Santander"},{"additional":"D. Sauget","eventTime":"64'","eventType":"type-goal","main":"M. Maïga"}],"stats":{"awayGates":"0","awayPasses":"0","awayPossession":100.0,"awayShots":"0","homeGates":"0","homePasses":"0","homePossession":0.0,"homeShots":"0"},"competition":"Ligue 1","date":"2011-03-05","match":"toulouse-v-sochaux"}