{"result":{"awayTeamName":"Monaco","homeTeamName":"Valenciennes","location":"Stade Nungesser","score":"0 - 0","startDate":"2011-03-05T18:00:00+00:00"},"events":[{"additional":"M. Dossevi","eventTime":"81'","eventType":"type-substitution","main":"V. Aboubakar"},{"additional":"R. Cohade","eventTime":"72'","eventType":"type-substitution","main":"Nam Tae-Hee"},{"additional":"M. Coutadeur","eventTime":"63'","eventType":"type-substitution","main":"P. Feindouno"},{"additional":"Yellow Card","eventTime":"27'","eventType":"type-yellow_card","main":"I. Lolo"}],"stats":{"awayGates":"0","awayPasses":"0","awayPossession":100.0,"awayShots":"0","homeGates":"0","homePasses":"0","homePossession":0.0,"homeShots":"0"},"competition":"Ligue 1","date":"2011-03-05","match":"valenciennes-v-monaco"}