{"result":{"awayTeamName":"Lobos BUAP","homeTeamName":"Atlas","location":"Estadio Jalisco","score":"1 - 1","startDate":"2017-08-23T01:30:00+00:00"},"events":[{"additional":"Yellow Card","eventTime":"90' + 3'","eventType":"type-yellow_card","main":"E. Tercero"},{"additional":"Goal","eventTime":"90'","eventType":"type-goal","main":"A. Escoto"},{"additional":"Yellow Card","eventTime":"88'","eventType":"type-yellow_card","main":"D. Arreola"},{"additional":"Fidel Martínez","eventTime":"88'","eventType":"type-goal","main":"D. Arreola"},{"additional":"Yellow Card","eventTime":"75'","eventType":"type-yellow_card","main":"J. Fabbro"},{"additional":"E. Sánchez","eventTime":"75'","eventType":"type-substitution","main":"O. Tejeda"},{"additional":"U. Luna","eventTime":"71'","eventType":"type-substitution","main":"A. Tabó"},{"additional":"L. Quiñónes","eventTime":"63'","eventType":"type-substitution","main":"A. Escoto"},{"additional":"R. Reyes","eventTime":"59'","eventType":"type-substitution","main":"D. Arreola"},{"additional":"C. Treviño","eventTime":"45'","eventType":"type-substitution","main":"J. Fabbro"},{"additional":"J. Vigón","eventTime":"45'","eventType":"type-substitution","main":"F. Erpen"},{"additional":"Red Card","eventTime":"33'","eventType":"type-red_card","main":"J. Barreiro"},{"additional":"Yellow Card","eventTime":"19'","eventType":"type-yellow_card","main":"E. Sánchez"},{"additional":"Yellow Card","eventTime":"2'","eventType":"type-yellow_card","main":"C. Treviño"}],"stats":{"awayGates":"9","awayPasses":"408","awayPossession":58.7,"awayShots":"8","homeGates":"5","homePasses":"291","homePossession":41.3,"homeShots":"9"},"competition":"Liga MX","date":"2017-08-22","match":"atlas-v-lobos-buap"}