{"result":{"awayTeamName":"Veracruz","homeTeamName":"Pachuca","location":"Estadio Hidalgo","score":"4 - 1","startDate":"2017-08-23T00:06:00+00:00"},"events":[{"additional":"Yellow Card","eventTime":"84'","eventType":"type-yellow_card","main":"Diego Chávez"},{"additional":"Yellow Card","eventTime":"80'","eventType":"type-yellow_card","main":"J. Martínez"},{"additional":"D. Villalba","eventTime":"79'","eventType":"type-goal","main":"C. Pellerano"},{"additional":"V. Guzmán","eventTime":"73'","eventType":"type-goal","main":"K. Honda"},{"additional":"C. Valdéz","eventTime":"64'","eventType":"type-substitution","main":"Diego Chávez"},{"additional":"Yellow Card","eventTime":"63'","eventType":"type-yellow_card","main":"L. Martínez"},{"additional":"Á. Sagal","eventTime":"58'","eventType":"type-substitution","main":"K. Honda"},{"additional":"E. Puch","eventTime":"58'","eventType":"type-substitution","main":"J. Martínez"},{"additional":"C. Menéndez","eventTime":"55'","eventType":"type-substitution","main":"L. Díaz"},{"additional":"J. Urretaviscaya","eventTime":"53'","eventType":"type-goal","main":"V. Guzmán"},{"additional":"P. Gallese","eventTime":"38'","eventType":"type-substitution","main":"Melitón Hernández"},{"additional":"Goal","eventTime":"32'","eventType":"type-goal","main":"V. Guzmán"},{"additional":"Yellow Card","eventTime":"23'","eventType":"type-yellow_card","main":"J. Velázquez"},{"additional":"Yellow Card","eventTime":"21'","eventType":"type-yellow_card","main":"L. Rodríguez"},{"additional":"E. Aguirre","eventTime":"20'","eventType":"type-substitution","main":"E. Puch"},{"additional":"Goal","eventTime":"14'","eventType":"type-goal","main":"Á. Sagal"}],"stats":{"awayGates":"3","awayPasses":"381","awayPossession":41.7,"awayShots":"6","homeGates":"10","homePasses":"534","homePossession":58.3,"homeShots":"6"},"competition":"Liga MX","date":"2017-08-22","match":"pachuca-v-veracruz"}