{"result":{"awayTeamName":"Morelia","homeTeamName":"Pumas UNAM","location":"Estadio Olímpico de Universitario","score":"1 - 2","startDate":"2017-08-23T02:00:00+00:00"},"events":[{"additional":"Yellow Card","eventTime":"90' + 6'","eventType":"type-yellow_card","main":"M. Osuna"},{"additional":"Yellow Card","eventTime":"90' + 2'","eventType":"type-yellow_card","main":"A. Mendoza"},{"additional":"D. Valdés","eventTime":"90' + 1'","eventType":"type-substitution","main":"J. Zárate"},{"additional":"Yellow Card","eventTime":"87'","eventType":"type-yellow_card","main":"R. Ruidíaz"},{"additional":"Yellow Card","eventTime":"86'","eventType":"type-yellow_card","main":"D. Valdés"},{"additional":"Yellow Card","eventTime":"86'","eventType":"type-yellow_card","main":"J. García"},{"additional":"R. Vilchis","eventTime":"85'","eventType":"type-substitution","main":"A. Sepúlveda"},{"additional":"R. Millar","eventTime":"81'","eventType":"type-substitution","main":"J. Rodríguez"},{"additional":"B. Rabello","eventTime":"81'","eventType":"type-substitution","main":"A. Mendoza"},{"additional":"B. Figueroa","eventTime":"70'","eventType":"type-substitution","main":"J. Guerrón"},{"additional":"G. Rodríguez","eventTime":"69'","eventType":"type-goal","main":"S. Vegas"},{"additional":"B. Figueroa","eventTime":"66'","eventType":"type-goal","main":"N. Castillo"},{"additional":"D. Valdés","eventTime":"50'","eventType":"type-goal","main":"R. Ruidíaz"},{"additional":"N. Calderón","eventTime":"45'","eventType":"type-substitution","main":"M. Díaz"},{"additional":"Yellow Card","eventTime":"20'","eventType":"type-yellow_card","main":"G. Achilier"},{"additional":"Yellow Card","eventTime":"14'","eventType":"type-yellow_card","main":"D. Cabrera"},{"additional":"Yellow Card","eventTime":"9'","eventType":"type-yellow_card","main":"B. Rabello"}],"stats":{"awayGates":"5","awayPasses":"276","awayPossession":40.4,"awayShots":"8","homeGates":"7","homePasses":"429","homePossession":59.6,"homeShots":"3"},"competition":"Liga MX","date":"2017-08-22","match":"pumas-unam-v-morelia"}