{"result":{"awayTeamName":"Tijuana","homeTeamName":"Querétaro","location":"Estadio La Corregidora","score":"1 - 3","startDate":"2017-08-23T02:00:00+00:00"},"events":[{"additional":"Yellow Card","eventTime":"88'","eventType":"type-yellow_card","main":"M. Pisano"},{"additional":"L. Mendoza","eventTime":"79'","eventType":"type-substitution","main":"M. Pisano"},{"additional":"J. Bornstein","eventTime":"77'","eventType":"type-substitution","main":"Camilo Sanvezzo"},{"additional":"D. Musto","eventTime":"76'","eventType":"type-substitution","main":"E. Kalinski"},{"additional":"L. Mendoza","eventTime":"73'","eventType":"type-goal","main":"G. Bou"},{"additional":"E. Villa","eventTime":"70'","eventType":"type-substitution","main":"Everaldo"},{"additional":"L. Chávez","eventTime":"67'","eventType":"type-substitution","main":"J. Corona"},{"additional":"Red Card","eventTime":"65'","eventType":"type-red_card","main":"Y. Candelo"},{"additional":"Yellow Card","eventTime":"65'","eventType":"type-yellow_card","main":"D. Pérez"},{"additional":"E. Villa","eventTime":"60'","eventType":"type-goal","main":"J. Cortizo"},{"additional":"L. Noriega","eventTime":"56'","eventType":"type-substitution","main":"E. Benítez"},{"additional":"I. Malcorra","eventTime":"32'","eventType":"type-goal","main":"D. Pérez"},{"additional":"L. Chávez","eventTime":"31'","eventType":"type-goal","main":"L. Mendoza"},{"additional":"Yellow Card","eventTime":"23'","eventType":"type-yellow_card","main":"A. Arellano"},{"additional":"Yellow Card","eventTime":"6'","eventType":"type-yellow_card","main":"D. Musto"}],"stats":{"awayGates":"6","awayPasses":"439","awayPossession":53.7,"awayShots":"11","homeGates":"2","homePasses":"371","homePossession":46.3,"homeShots":"5"},"competition":"Liga MX","date":"2017-08-22","match":"quer%C3%A9taro-v-tijuana"}