{"result":{"awayTeamName":"Valencia","homeTeamName":"Celta de Vigo","location":"Abanca-Balaídos","score":"2 - 1","startDate":"2016-11-06T15:15:00+00:00"},"events":[{"additional":"P. Sisto","eventTime":"90' + 2'","eventType":"type-substitution","main":"Planas"},{"additional":"Yellow Card","eventTime":"89'","eventType":"type-yellow_card","main":"Rubén Blanco"},{"additional":"Yellow Card","eventTime":"86'","eventType":"type-yellow_card","main":"Fontàs"},{"additional":"J. Guidetti","eventTime":"85'","eventType":"type-substitution","main":"Pape Diop"},{"additional":"F. Cartabia","eventTime":"80'","eventType":"type-substitution","main":"Munir"},{"additional":"Álvaro Medrán","eventTime":"80'","eventType":"type-substitution","main":"Santi Mina"},{"additional":"M. Díaz","eventTime":"77'","eventType":"type-goal","main":"J. Guidetti"},{"additional":"Yellow Card","eventTime":"76'","eventType":"type-yellow_card","main":"Iago Aspas"},{"additional":"N. Radoja","eventTime":"70'","eventType":"type-substitution","main":"M. Díaz"},{"additional":"Yellow Card","eventTime":"59'","eventType":"type-yellow_card","main":"Mario Suárez"},{"additional":"David Costas","eventTime":"43'","eventType":"type-goal","main":"F. Roncaglia"},{"additional":"Goal","eventTime":"32'","eventType":"type-goal","main":"Dani Parejo"},{"additional":"Yellow Card","eventTime":"32'","eventType":"type-yellow_card","main":"Jonny Castro"},{"additional":"Yellow Card","eventTime":"31'","eventType":"type-yellow_card","main":"David Costas"},{"additional":"Yellow Card","eventTime":"22'","eventType":"type-yellow_card","main":"J. Guidetti"}],"stats":{"awayGates":"4","awayPasses":"407","awayPossession":46.2,"awayShots":"7","homeGates":"4","homePasses":"484","homePossession":53.8,"homeShots":"0"},"competition":"Primera División","date":"2016-11-06","match":"celta-de-vigo-v-valencia"}