{"result":{"awayTeamName":"Athletic Club","homeTeamName":"Espanyol","location":"RCDE Stadium","score":"0 - 0","startDate":"2016-11-06T15:15:00+00:00"},"events":[{"additional":"Léo Baptistão","eventTime":"85'","eventType":"type-substitution","main":"José Antonio Reyes"},{"additional":"Sabin Merino","eventTime":"71'","eventType":"type-substitution","main":"Muniain"},{"additional":"P. Piatti","eventTime":"63'","eventType":"type-substitution","main":"F. Caicedo"},{"additional":"Aduriz","eventTime":"61'","eventType":"type-substitution","main":"Raúl García"},{"additional":"Yellow Card","eventTime":"45'","eventType":"type-yellow_card","main":"Mikel Rico"},{"additional":"Etxeita","eventTime":"38'","eventType":"type-substitution","main":"De Marcos"},{"additional":"Yellow Card","eventTime":"12'","eventType":"type-yellow_card","main":"Javi Fuego"},{"additional":"Yellow Card","eventTime":"6'","eventType":"type-yellow_card","main":"Eraso"}],"stats":{"awayGates":"0","awayPasses":"436","awayPossession":47.8,"awayShots":"3","homeGates":"3","homePasses":"475","homePossession":52.2,"homeShots":"2"},"competition":"Primera División","date":"2016-11-06","match":"espanyol-v-athletic-club"}