{"result":{"awayTeamName":"Barcelona","homeTeamName":"Sevilla","location":"Estadio Ramón Sánchez Pizjuán","score":"1 - 2","startDate":"2016-11-06T19:45:00+00:00"},"events":[{"additional":"Yellow Card","eventTime":"90' + 1'","eventType":"type-yellow_card","main":"J. Mascherano"},{"additional":"Yellow Card","eventTime":"88'","eventType":"type-yellow_card","main":"L. Suárez"},{"additional":"Denis Suárez","eventTime":"87'","eventType":"type-substitution","main":"Rafinha"},{"additional":"Yellow Card","eventTime":"85'","eventType":"type-yellow_card","main":"Daniel Carriço"},{"additional":"Pablo Sarabia","eventTime":"84'","eventType":"type-substitution","main":"J. Correa"},{"additional":"Yellow Card","eventTime":"83'","eventType":"type-yellow_card","main":"L. Messi"},{"additional":"Yellow Card","eventTime":"82'","eventType":"type-yellow_card","main":"S. N'Zonzi"},{"additional":"S. Nasri","eventTime":"78'","eventType":"type-substitution","main":"Iborra"},{"additional":"I. Rakitić","eventTime":"73'","eventType":"type-substitution","main":"André Gomes"},{"additional":"F. Vázquez","eventTime":"68'","eventType":"type-substitution","main":"Ganso"},{"additional":"Yellow Card","eventTime":"66'","eventType":"type-yellow_card","main":"L. Digne"},{"additional":"Goal","eventTime":"61'","eventType":"type-goal","main":"L. Suárez"},{"additional":"Assist","eventTime":"61'","eventType":"type-assist","main":"L. Messi"},{"additional":"Yellow Card","eventTime":"51'","eventType":"type-yellow_card","main":"Mariano"},{"additional":"Yellow Card","eventTime":"44'","eventType":"type-yellow_card","main":"Sergi Roberto"},{"additional":"Goal","eventTime":"43'","eventType":"type-goal","main":"L. Messi"},{"additional":"Assist","eventTime":"43'","eventType":"type-assist","main":"Neymar"},{"additional":"Yellow Card","eventTime":"26'","eventType":"type-yellow_card","main":"A. Rami"},{"additional":"Goal","eventTime":"15'","eventType":"type-goal","main":"Vitolo"},{"additional":"Assist","eventTime":"15'","eventType":"type-assist","main":"Pablo Sarabia"},{"additional":"Yellow Card","eventTime":"10'","eventType":"type-yellow_card","main":"Neymar"}],"stats":{"awayGates":"7","awayPasses":"494","awayPossession":52.1,"awayShots":"5","homeGates":"4","homePasses":"449","homePossession":47.9,"homeShots":"7"},"competition":"Primera División","date":"2016-11-06","match":"sevilla-v-barcelona"}