{"result":{"awayTeamName":"Real Betis","homeTeamName":"Villarreal","location":"Estadio de la Cerámica","score":"2 - 0","startDate":"2016-11-06T17:30:00+00:00"},"events":[{"additional":"Samu Castillejo","eventTime":"79'","eventType":"type-substitution","main":"Rodri Hernández"},{"additional":"Yellow Card","eventTime":"79'","eventType":"type-yellow_card","main":"J. Martin"},{"additional":"R. Soriano","eventTime":"74'","eventType":"type-substitution","main":"D. Cheryshev"},{"additional":"Yellow Card","eventTime":"72'","eventType":"type-yellow_card","main":"Cejudo"},{"additional":"C. Bakambu","eventTime":"66'","eventType":"type-substitution","main":"J. dos Santos"},{"additional":"F. Gutiérrez","eventTime":"57'","eventType":"type-substitution","main":"Matías Nahuel"},{"additional":"A. Sanabria","eventTime":"57'","eventType":"type-substitution","main":"Álex Alegría"},{"additional":"Joaquín","eventTime":"56'","eventType":"type-substitution","main":"Rubén Castro"},{"additional":"Jaume Costa","eventTime":"53'","eventType":"type-goal","main":"R. Soriano"},{"additional":"Bruno","eventTime":"22'","eventType":"type-goal","main":"Trigueros"}],"stats":{"awayGates":"3","awayPasses":"478","awayPossession":50.7,"awayShots":"4","homeGates":"7","homePasses":"457","homePossession":49.3,"homeShots":"3"},"competition":"Primera División","date":"2016-11-06","match":"villarreal-v-real-betis"}