{"result":{"awayTeamName":"Dallas","homeTeamName":"LA Galaxy","location":"Stubhub Center","score":"2 - 0","startDate":"2012-08-26T23:23:00+00:00"},"events":[{"additional":"Yellow Card","eventTime":"90' + 2'","eventType":"type-yellow_card","main":"O. González"},{"additional":"Yellow Card","eventTime":"90' + 1'","eventType":"type-yellow_card","main":"B. Pérez"},{"additional":"M. Magee","eventTime":"88'","eventType":"type-substitution","main":"P. Noonan"},{"additional":"Jackson Gonçalves","eventTime":"86'","eventType":"type-substitution","main":"H. Pertúz"},{"additional":"Goal","eventTime":"84'","eventType":"type-goal","main":"T. Dunivant"},{"additional":"A. Jacobson","eventTime":"80'","eventType":"type-substitution","main":"D. Hernández"},{"additional":"D. Beckham","eventTime":"78'","eventType":"type-substitution","main":"M. Stephens"},{"additional":"Yellow Card","eventTime":"72'","eventType":"type-yellow_card","main":"Marcelo Sarvas"},{"additional":"Goal","eventTime":"66'","eventType":"type-goal","main":"Juninho"},{"additional":"H. Jiménez","eventTime":"59'","eventType":"type-substitution","main":"José Villarreal"},{"additional":"F. Castillo","eventTime":"41'","eventType":"type-substitution","main":"B. Pérez"},{"additional":"Yellow Card","eventTime":"27'","eventType":"type-yellow_card","main":"S. Franklin"},{"additional":"Yellow Card","eventTime":"11'","eventType":"type-yellow_card","main":"T. Dunivant"}],"stats":{"awayGates":"0","awayPasses":"0","awayPossession":100.0,"awayShots":"0","homeGates":"0","homePasses":"0","homePossession":0.0,"homeShots":"0"},"competition":"MLS","date":"2012-08-27","match":"la-galaxy-v-dallas"}