{"result":{"awayTeamName":"New York RB","homeTeamName":"Sporting KC","location":"Children's Mercy Park","score":"1 - 1","startDate":"2012-08-27T01:10:00+00:00"},"events":[{"additional":"J. Solli","eventTime":"90' + 1'","eventType":"type-substitution","main":"R. Miller"},{"additional":"Yellow Card","eventTime":"78'","eventType":"type-yellow_card","main":"W. Conde"},{"additional":"Yellow Card","eventTime":"76'","eventType":"type-yellow_card","main":"C. Sapong"},{"additional":"K. Cooper","eventTime":"70'","eventType":"type-substitution","main":"J. Lindpere"},{"additional":"Yellow Card","eventTime":"68'","eventType":"type-yellow_card","main":"R. Espinoza"},{"additional":"Yellow Card","eventTime":"45'","eventType":"type-yellow_card","main":"T. Cahill"},{"additional":"Yellow Card","eventTime":"36'","eventType":"type-yellow_card","main":"A. Collin"},{"additional":"Own Goal","eventTime":"28'","eventType":"type-own_goal","main":"K. Kamara"},{"additional":"T. Bunbury","eventTime":"14'","eventType":"type-substitution","main":"C. Sapong"},{"additional":"Goal","eventTime":"4'","eventType":"type-goal","main":"K. Kamara"}],"stats":{"awayGates":"0","awayPasses":"0","awayPossession":100.0,"awayShots":"0","homeGates":"0","homePasses":"0","homePossession":0.0,"homeShots":"0"},"competition":"MLS","date":"2012-08-27","match":"sporting-kc-v-new-york-rb"}