{"result":{"awayTeamName":"Troyes","homeTeamName":"Nice","location":"Allianz Riviera","score":"1 - 2","startDate":"2017-08-11T17:00:00+00:00"},"events":[{"additional":"Yellow Card","eventTime":"90'","eventType":"type-yellow_card","main":"Dante"},{"additional":"P. Lees Melou","eventTime":"87'","eventType":"type-substitution","main":"V. Marcel"},{"additional":"A. Niane","eventTime":"85'","eventType":"type-goal","main":"S. Khaoui"},{"additional":"S. Grandsir","eventTime":"84'","eventType":"type-substitution","main":"S. Khaoui"},{"additional":"F. Bellugou","eventTime":"79'","eventType":"type-substitution","main":"A. Confais"},{"additional":"Yellow Card","eventTime":"77'","eventType":"type-yellow_card","main":"C. Hérelle"},{"additional":"M. Sarr","eventTime":"70'","eventType":"type-substitution","main":"C. Jallet"},{"additional":"B. Nivet","eventTime":"70'","eventType":"type-substitution","main":"K. Azamoum"},{"additional":"Yellow Card","eventTime":"63'","eventType":"type-yellow_card","main":"V. Koziello"},{"additional":"Goal","eventTime":"63'","eventType":"type-goal","main":"A. Pléa"},{"additional":"Yellow Card","eventTime":"62'","eventType":"type-yellow_card","main":"M. Samassa"},{"additional":"Yellow Card","eventTime":"61'","eventType":"type-yellow_card","main":"O. Vizcarrondo"},{"additional":"B. Srarfi","eventTime":"60'","eventType":"type-substitution","main":"H. Mahou"},{"additional":"B. Nivet","eventTime":"53'","eventType":"type-goal","main":"A. Niane"}],"stats":{"awayGates":"4","awayPasses":"319","awayPossession":29.900000000000006,"awayShots":"3","homeGates":"6","homePasses":"758","homePossession":70.1,"homeShots":"8"},"competition":"Ligue 1","date":"2017-08-11","match":"nice-v-troyes"}