{"result":{"awayTeamName":"Olympique Lyonnais","homeTeamName":"Rennes","location":"Roazhon Park","score":"1 - 2","startDate":"2017-08-11T18:45:00+00:00"},"events":[{"additional":"Marcelo","eventTime":"87'","eventType":"type-substitution","main":"M. Diakhaby"},{"additional":"Goal","eventTime":"86'","eventType":"type-goal","main":"B. Bourigeaud"},{"additional":"Yellow Card","eventTime":"83'","eventType":"type-yellow_card","main":"Sergi Darder"},{"additional":"M. Depay","eventTime":"80'","eventType":"type-substitution","main":"M. Cornet"},{"additional":"N. Fekir","eventTime":"74'","eventType":"type-goal","main":"M. Díaz"},{"additional":"Yellow Card","eventTime":"68'","eventType":"type-yellow_card","main":"L. Tousart"},{"additional":"Ludovic Baal","eventTime":"66'","eventType":"type-substitution","main":"J. Tell"},{"additional":"Rafael","eventTime":"61'","eventType":"type-substitution","main":"K. Tete"},{"additional":"Goal","eventTime":"57'","eventType":"type-goal","main":"M. Depay"},{"additional":"Yellow Card","eventTime":"14'","eventType":"type-yellow_card","main":"R. Bensebaini"},{"additional":"Yellow Card","eventTime":"9'","eventType":"type-yellow_card","main":"Fernando Marçal"}],"stats":{"awayGates":"8","awayPasses":"401","awayPossession":48.1,"awayShots":"4","homeGates":"5","homePasses":"411","homePossession":51.9,"homeShots":"7"},"competition":"Ligue 1","date":"2017-08-11","match":"rennes-v-olympique-lyonnais"}