{"result":{"awayTeamName":"Aston Villa","homeTeamName":"Arsenal","location":"Emirates Stadium","score":"4 - 0","startDate":"2016-05-15T14:00:00+00:00"},"events":[{"eventType":"type-own_goal"},{"eventType":"type-substitution"},{"eventType":"type-substitution"},{"eventType":"type-goal"},{"eventType":"type-goal"},{"eventType":"type-substitution"},{"eventType":"type-substitution"},{"eventType":"type-substitution"},{"eventType":"type-yellow_card"},{"eventType":"type-goal"}],"stats":{"awayGates":"2","awayPasses":"414","awayPossession":40.4,"awayShots":"0","homeGates":"7","homePasses":"609","homePossession":59.6,"homeShots":"7"},"competition":"Premier League","date":"2016-05-16","match":"arsenal-v-aston-villa"}