{"result":{"awayTeamName":"Leicester City","homeTeamName":"Chelsea","location":"Stamford Bridge","score":"1 - 1","startDate":"2016-05-15T14:00:00+00:00"},"events":[{"eventType":"type-goal"},{"eventType":"type-substitution"},{"eventType":"type-goal"},{"eventType":"type-substitution"},{"eventType":"type-substitution"},{"eventType":"type-substitution"},{"eventType":"type-substitution"},{"eventType":"type-substitution"}],"stats":{"awayGates":"5","awayPasses":"444","awayPossession":46.0,"awayShots":"6","homeGates":"4","homePasses":"525","homePossession":54.0,"homeShots":"4"},"competition":"Premier League","date":"2016-05-16","match":"chelsea-v-leicester-city"}