{"result":{"awayTeamName":"Norwich City","homeTeamName":"Everton","location":"Goodison Park","score":"3 - 0","startDate":"2016-05-15T14:00:00+00:00"},"events":[{"eventType":"type-substitution"},{"eventType":"type-substitution"},{"eventType":"type-substitution"},{"eventType":"type-substitution"},{"eventType":"type-goal"},{"eventType":"type-goal"},{"eventType":"type-substitution"},{"eventType":"type-goal"},{"eventType":"type-substitution"}],"stats":{"awayGates":"2","awayPasses":"446","awayPossession":54.6,"awayShots":"6","homeGates":"8","homePasses":"382","homePossession":45.4,"homeShots":"4"},"competition":"Premier League","date":"2016-05-16","match":"everton-v-norwich-city"}