{"result":{"awayTeamName":"Tottenham Hotspur","homeTeamName":"Newcastle United","location":"St. James' Park","score":"5 - 1","startDate":"2016-05-15T14:00:00+00:00"},"events":[{"eventType":"type-goal"},{"eventType":"type-yellow_card"},{"eventType":"type-goal"},{"eventType":"type-substitution"},{"eventType":"type-substitution"},{"eventType":"type-goal"},{"eventType":"type-substitution"},{"eventType":"type-red_card"},{"eventType":"type-substitution"},{"eventType":"type-yellow_card"},{"eventType":"type-goal"},{"eventType":"type-substitution"},{"eventType":"type-substitution"},{"eventType":"type-yellow_card"},{"eventType":"type-goal"},{"eventType":"type-goal"}],"stats":{"awayGates":"5","awayPasses":"551","awayPossession":61.5,"awayShots":"7","homeGates":"10","homePasses":"351","homePossession":38.5,"homeShots":"3"},"competition":"Premier League","date":"2016-05-16","match":"newcastle-united-v-tottenham-hotspur"}