{"result":{"awayTeamName":"Crystal Palace","homeTeamName":"Southampton","location":"St. Mary's Stadium","score":"4 - 1","startDate":"2016-05-15T14:00:00+00:00"},"events":[{"eventType":"type-goal"},{"eventType":"type-substitution"},{"eventType":"type-substitution"},{"eventType":"type-substitution"},{"eventType":"type-goal"},{"eventType":"type-yellow_card"},{"eventType":"type-substitution"},{"eventType":"type-goal"},{"eventType":"type-goal"},{"eventType":"type-yellow_card"},{"eventType":"type-yellow_card"},{"eventType":"type-substitution"},{"eventType":"type-substitution"},{"eventType":"type-goal"}],"stats":{"awayGates":"4","awayPasses":"402","awayPossession":50.2,"awayShots":"4","homeGates":"5","homePasses":"396","homePossession":49.8,"homeShots":"12"},"competition":"Premier League","date":"2016-05-16","match":"southampton-v-crystal-palace"}