{"result":{"awayTeamName":"West Ham United","homeTeamName":"Stoke City","location":"Bet365 Stadium","score":"2 - 1","startDate":"2016-05-15T14:00:00+00:00"},"events":[{"eventType":"type-yellow_card"},{"eventType":"type-yellow_card"},{"eventType":"type-goal"},{"eventType":"type-substitution"},{"eventType":"type-substitution"},{"eventType":"type-substitution"},{"eventType":"type-substitution"},{"eventType":"type-substitution"},{"eventType":"type-substitution"},{"eventType":"type-goal"},{"eventType":"type-yellow_card"},{"eventType":"type-goal"},{"eventType":"type-yellow_card"}],"stats":{"awayGates":"8","awayPasses":"401","awayPossession":53.3,"awayShots":"6","homeGates":"4","homePasses":"355","homePossession":46.7,"homeShots":"2"},"competition":"Premier League","date":"2016-05-16","match":"stoke-city-v-west-ham-united"}