{"result":{"awayTeamName":"Manchester City","homeTeamName":"Swansea City","location":"Liberty Stadium","score":"1 - 1","startDate":"2016-05-15T14:00:00+00:00"},"events":[{"eventType":"type-substitution"},{"eventType":"type-substitution"},{"eventType":"type-yellow_card"},{"eventType":"type-substitution"},{"eventType":"type-yellow_card"},{"eventType":"type-substitution"},{"eventType":"type-goal"},{"eventType":"type-yellow_card"},{"eventType":"type-yellow_card"},{"eventType":"type-goal"}],"stats":{"awayGates":"5","awayPasses":"496","awayPossession":50.0,"awayShots":"10","homeGates":"1","homePasses":"494","homePossession":50.0,"homeShots":"2"},"competition":"Premier League","date":"2016-05-16","match":"swansea-city-v-manchester-city"}