{"result":{"awayTeamName":"Sunderland","homeTeamName":"Watford","location":"Vicarage Road Stadium","score":"2 - 2","startDate":"2016-05-15T14:00:00+00:00"},"events":[{"eventType":"type-substitution"},{"eventType":"type-yellow_card"},{"eventType":"type-substitution"},{"eventType":"type-substitution"},{"eventType":"type-substitution"},{"eventType":"type-goal"},{"eventType":"type-substitution"},{"eventType":"type-goal"},{"eventType":"type-goal"},{"eventType":"type-substitution"},{"eventType":"type-goal"}],"stats":{"awayGates":"4","awayPasses":"346","awayPossession":45.8,"awayShots":"1","homeGates":"6","homePasses":"401","homePossession":54.2,"homeShots":"10"},"competition":"Premier League","date":"2016-05-16","match":"watford-v-sunderland"}