{"result":{"awayTeamName":"Liverpool","homeTeamName":"West Bromwich Albion","location":"The Hawthorns","score":"1 - 1","startDate":"2016-05-15T14:00:00+00:00"},"events":[{"eventType":"type-yellow_card"},{"eventType":"type-substitution"},{"eventType":"type-substitution"},{"eventType":"type-yellow_card"},{"eventType":"type-substitution"},{"eventType":"type-substitution"},{"eventType":"type-substitution"},{"eventType":"type-substitution"},{"eventType":"type-yellow_card"},{"eventType":"type-yellow_card"},{"eventType":"type-goal"},{"eventType":"type-goal"}],"stats":{"awayGates":"3","awayPasses":"612","awayPossession":67.4,"awayShots":"3","homeGates":"1","homePasses":"285","homePossession":32.6,"homeShots":"7"},"competition":"Premier League","date":"2016-05-16","match":"west-bromwich-albion-v-liverpool"}