{"result":{"awayTeamName":"Atlas","homeTeamName":"Atlante","location":"Estadio Olímpico Andrés Quintana Roo","score":"1 - 0","startDate":"2012-08-26T23:00:00+00:00"},"events":[{"additional":"E. Arochi","eventTime":"85'","eventType":"type-substitution","main":"Valdo"},{"additional":"H. Mancilla","eventTime":"75'","eventType":"type-substitution","main":"J. Barraza"},{"additional":"J. Fonseca","eventTime":"69'","eventType":"type-substitution","main":"Ó. Rojas"},{"additional":"C. Maidana","eventTime":"66'","eventType":"type-substitution","main":"R. Torres"},{"additional":"L. Télles","eventTime":"54'","eventType":"type-substitution","main":"S. Santana"},{"additional":"L. Sandoval","eventTime":"46'","eventType":"type-substitution","main":"L. Bolaños"},{"additional":"Goal","eventTime":"42'","eventType":"type-goal","main":"O. Martínez"}],"stats":{"awayGates":"0","awayPasses":"0","awayPossession":100.0,"awayShots":"0","homeGates":"0","homePasses":"0","homePossession":0.0,"homeShots":"0"},"competition":"Liga MX","date":"2012-08-27","match":"atlante-v-atlas"}