{"result":{"awayTeamName":"Monterrey","homeTeamName":"Guadalajara","location":"Estadio AKRON","score":"1 - 2","startDate":"2012-08-26T22:00:00+00:00"},"events":[{"additional":"J. Zavala","eventTime":"74'","eventType":"type-substitution","main":"C. De la Peña"},{"additional":"N. Cardozo","eventTime":"74'","eventType":"type-substitution","main":"Á. Reyna"},{"additional":"O. Esparza","eventTime":"66'","eventType":"type-substitution","main":"E. Torres"},{"additional":"Goal","eventTime":"61'","eventType":"type-goal","main":"H. Suazo"},{"additional":"C. Fierro","eventTime":"60'","eventType":"type-substitution","main":"C. Pérez"},{"additional":"Goal","eventTime":"56'","eventType":"type-goal","main":"H. Suazo"},{"additional":"H. Morales","eventTime":"46'","eventType":"type-substitution","main":"H. Suazo"},{"additional":"Yellow Card","eventTime":"38'","eventType":"type-yellow_card","main":"M. Fabián"},{"additional":"O. Arellano","eventTime":"27'","eventType":"type-substitution","main":"L. Morales"},{"additional":"Goal","eventTime":"16'","eventType":"type-goal","main":"R. Márquez Lugo"}],"stats":{"awayGates":"0","awayPasses":"0","awayPossession":100.0,"awayShots":"0","homeGates":"0","homePasses":"0","homePossession":0.0,"homeShots":"0"},"competition":"Liga MX","date":"2012-08-27","match":"guadalajara-v-monterrey"}