{"result":{"awayTeamName":"San Luis","homeTeamName":"Puebla","location":"Estadio Cuauhtémoc","score":"1 - 0","startDate":"2012-08-26T17:00:00+00:00"},"events":[{"additional":"Yellow Card","eventTime":"72'","eventType":"type-yellow_card","main":"D. Beasley"},{"additional":"Yellow Card","eventTime":"70'","eventType":"type-yellow_card","main":"S. Fernández"},{"additional":"B. Martínez","eventTime":"69'","eventType":"type-substitution","main":"R. Juárez"},{"additional":"Yellow Card","eventTime":"68'","eventType":"type-yellow_card","main":"M. Alustiza"},{"additional":"Yellow Card","eventTime":"65'","eventType":"type-yellow_card","main":"L. Mendoza"},{"additional":"G. Rojas","eventTime":"59'","eventType":"type-substitution","main":"L. Rodríguez"},{"additional":"Jair García","eventTime":"57'","eventType":"type-substitution","main":"E. Toloza"},{"additional":"Yellow Card","eventTime":"54'","eventType":"type-yellow_card","main":"J. Correa"},{"additional":"Yellow Card","eventTime":"52'","eventType":"type-yellow_card","main":"B. Martínez"},{"additional":"I. Romo","eventTime":"49'","eventType":"type-substitution","main":"M. Alustiza"},{"additional":"S. Tréllez","eventTime":"46'","eventType":"type-substitution","main":"L. Mendoza"},{"additional":"Everton Luiz","eventTime":"46'","eventType":"type-substitution","main":"W. Aguirre"},{"additional":"Yellow Card","eventTime":"27'","eventType":"type-yellow_card","main":"I. Romo"},{"additional":"Yellow Card","eventTime":"19'","eventType":"type-yellow_card","main":"Jair García"},{"additional":"Yellow Card","eventTime":"11'","eventType":"type-yellow_card","main":"Everton Luiz"},{"additional":"Goal","eventTime":"2'","eventType":"type-goal","main":"D. De Buen"}],"stats":{"awayGates":"0","awayPasses":"0","awayPossession":100.0,"awayShots":"0","homeGates":"0","homePasses":"0","homePossession":0.0,"homeShots":"0"},"competition":"Liga MX","date":"2012-08-27","match":"puebla-v-san-luis"}