{"result":{"awayTeamName":"Cruz Azul","homeTeamName":"Pumas UNAM","location":"Estadio Olímpico de Universitario","score":"0 - 1","startDate":"2012-08-26T17:00:00+00:00"},"events":[{"additional":"M. Pavone","eventTime":"82'","eventType":"type-substitution","main":"Javier Orozco"},{"additional":"J. Cortés","eventTime":"82'","eventType":"type-substitution","main":"E. Herrera"},{"additional":"A. Vela","eventTime":"76'","eventType":"type-substitution","main":"Maranhão"},{"additional":"M. Bravo","eventTime":"75'","eventType":"type-substitution","main":"E. Orrantía"},{"additional":"Goal","eventTime":"68'","eventType":"type-goal","main":"M. Pavone"},{"additional":"M. Romagnoli","eventTime":"65'","eventType":"type-substitution","main":"Luis García"},{"additional":"J. Aquino","eventTime":"56'","eventType":"type-substitution","main":"O. Bravo"}],"stats":{"awayGates":"0","awayPasses":"0","awayPossession":100.0,"awayShots":"0","homeGates":"0","homePasses":"0","homePossession":0.0,"homeShots":"0"},"competition":"Liga MX","date":"2012-08-27","match":"pumas-unam-v-cruz-azul"}