{"result":{"awayTeamName":"Fiorentina","homeTeamName":"Genoa","location":"Stadio Comunale Luigi Ferraris","score":"0 - 1","startDate":"2012-11-01T19:45:00+00:00"},"events":[{"additional":"A. Bertolacci","eventTime":"82'","eventType":"type-substitution","main":"A. Said"},{"additional":"Borja Valero","eventTime":"78'","eventType":"type-substitution","main":"G. Migliaccio"},{"additional":"Yellow Card","eventTime":"70'","eventType":"type-yellow_card","main":"Juan Cuadrado"},{"additional":"Yellow Card","eventTime":"69'","eventType":"type-yellow_card","main":"A. Bertolacci"},{"additional":"A. Ljajić","eventTime":"67'","eventType":"type-substitution","main":"M. El Hamdaoui"},{"additional":"Yellow Card","eventTime":"66'","eventType":"type-yellow_card","main":"J. Kucka"},{"additional":"M. Fernández","eventTime":"59'","eventType":"type-substitution","main":"A. Aquilani"},{"additional":"Yellow Card","eventTime":"56'","eventType":"type-yellow_card","main":"D. Pizarro"},{"additional":"A. Merkel","eventTime":"53'","eventType":"type-substitution","main":"D. Tőzsér"},{"additional":"L. Hallenius","eventTime":"46'","eventType":"type-substitution","main":"C. Jorquera"},{"additional":"Yellow Card","eventTime":"35'","eventType":"type-yellow_card","main":"M. Pasqual"},{"additional":"Yellow Card","eventTime":"21'","eventType":"type-yellow_card","main":"C. Immobile"},{"additional":"G. Rodríguez","eventTime":"14'","eventType":"type-goal","main":"M. Pasqual"},{"additional":"Yellow Card","eventTime":"13'","eventType":"type-yellow_card","main":"E. Moretti"},{"additional":"Yellow Card","eventTime":"11'","eventType":"type-yellow_card","main":"M. Sampirisi"}],"stats":{"awayGates":"0","awayPasses":"0","awayPossession":100.0,"awayShots":"0","homeGates":"0","homePasses":"0","homePossession":0.0,"homeShots":"0"},"competition":"Serie A","date":"2012-11-01","match":"genoa-v-fiorentina"}