{"result":{"awayTeamName":"Fulham","homeTeamName":"West Ham United","location":"Boleyn Ground","score":"3 - 0","startDate":"2012-09-01T11:45:00+00:00"},"events":[{"additional":"G. Demel","eventTime":"78'","eventType":"type-substitution","main":"R. Hall"},{"additional":"A. Carroll","eventTime":"68'","eventType":"type-substitution","main":"C. Cole"},{"additional":"J. Collins","eventTime":"67'","eventType":"type-substitution","main":"J. Tomkins"},{"additional":"K. Richardson","eventTime":"59'","eventType":"type-substitution","main":"A. Kačaniklić"},{"additional":"M. Petrić","eventTime":"46'","eventType":"type-substitution","main":"D. Berbatov"},{"additional":"Goal","eventTime":"41'","eventType":"type-goal","main":"M. Taylor"},{"additional":"M. Taylor","eventTime":"29'","eventType":"type-goal","main":"W. Reid"},{"additional":"Ricardo Vaz Té","eventTime":"1'","eventType":"type-goal","main":"K. Nolan"}],"stats":{"awayGates":"0","awayPasses":"0","awayPossession":100.0,"awayShots":"0","homeGates":"0","homePasses":"0","homePossession":0.0,"homeShots":"0"},"competition":"Premier League","date":"2012-08-31","match":"west-ham-united-v-fulham"}