{"result":{"awayTeamName":"Pumas UNAM","homeTeamName":"Morelia","location":"Estadio Generalísimo José María Morelos y Pavón","score":"0 - 1","startDate":"2012-09-01T02:30:00+00:00"},"events":[{"additional":"Yellow Card","eventTime":"84'","eventType":"type-yellow_card","main":"Luis García"},{"additional":"J. Chiapas","eventTime":"83'","eventType":"type-substitution","main":"J. Lozano"},{"additional":"Rodrigo Salinas","eventTime":"75'","eventType":"type-substitution","main":"A. Pedroza"},{"additional":"Goal","eventTime":"70'","eventType":"type-goal","main":"E. Villa"},{"additional":"Yellow Card","eventTime":"69'","eventType":"type-yellow_card","main":"F. Vilar"},{"additional":"M. Bravo","eventTime":"65'","eventType":"type-substitution","main":"Luis García"},{"additional":"J. Cortés","eventTime":"63'","eventType":"type-substitution","main":"E. Orrantía"},{"additional":"C. Valdéz","eventTime":"44'","eventType":"type-substitution","main":"H. Ruiz"},{"additional":"Yellow Card","eventTime":"32'","eventType":"type-yellow_card","main":"J. Cortés"},{"additional":"J. Rojas","eventTime":"23'","eventType":"type-substitution","main":"F. Torres"}],"stats":{"awayGates":"0","awayPasses":"0","awayPossession":100.0,"awayShots":"0","homeGates":"0","homePasses":"0","homePossession":0.0,"homeShots":"0"},"competition":"Liga MX","date":"2012-08-31","match":"morelia-v-pumas-unam"}