{"result":{"awayTeamName":"Chiapas","homeTeamName":"Tijuana","location":"Estadio Caliente","score":"2 - 0","startDate":"2012-09-01T00:30:00+00:00"},"events":[{"additional":"J. Corona","eventTime":"83'","eventType":"type-substitution","main":"Jorge Hernández"},{"additional":"Yellow Card","eventTime":"83'","eventType":"type-yellow_card","main":"D. Riascos"},{"additional":"Goal","eventTime":"82'","eventType":"type-goal","main":"D. Riascos"},{"additional":"L. Bedolla","eventTime":"76'","eventType":"type-substitution","main":"M. Trujillo"},{"additional":"Alfredo Moreno","eventTime":"74'","eventType":"type-substitution","main":"D. Olsina"},{"additional":"G. Garza","eventTime":"67'","eventType":"type-substitution","main":"R. Ruíz"},{"additional":"E. Andrade","eventTime":"61'","eventType":"type-substitution","main":"J. Córdoba"},{"additional":"Yellow Card","eventTime":"48'","eventType":"type-yellow_card","main":"E. Andrade"},{"additional":"Penalty Goal","eventTime":"41'","eventType":"type-penalty_goal","main":"Alfredo Moreno"},{"additional":"Yellow Card","eventTime":"27'","eventType":"type-yellow_card","main":"M. Martínez"}],"stats":{"awayGates":"0","awayPasses":"0","awayPossession":100.0,"awayShots":"0","homeGates":"0","homePasses":"0","homePossession":0.0,"homeShots":"0"},"competition":"Liga MX","date":"2012-08-31","match":"tijuana-v-chiapas"}