{"result":{"awayTeamName":"Bologna","homeTeamName":"Chievo","location":"Stadio Marc'Antonio Bentegodi","score":"1 - 1","startDate":"2016-10-26T18:45:00+00:00"},"events":[{"additional":"Yellow Card","eventTime":"90' + 1'","eventType":"type-yellow_card","main":"U. Sadiq"},{"additional":"Yellow Card","eventTime":"85'","eventType":"type-yellow_card","main":"S. Verdi"},{"additional":"Yellow Card","eventTime":"83'","eventType":"type-yellow_card","main":"F. Helander"},{"additional":"R. Inglese","eventTime":"80'","eventType":"type-substitution","main":"S. Pellissier"},{"additional":"D. Maietta","eventTime":"72'","eventType":"type-substitution","main":"F. Helander"},{"additional":"Own Goal","eventTime":"70'","eventType":"type-own_goal","main":"I. M'baye"},{"additional":"Yellow Card","eventTime":"67'","eventType":"type-yellow_card","main":"Á. Nagy"},{"additional":"V. Torosidis","eventTime":"64'","eventType":"type-substitution","main":"I. M'baye"},{"additional":"J. de Guzmán","eventTime":"61'","eventType":"type-substitution","main":"V. Birsa"},{"additional":"U. Sadiq","eventTime":"52'","eventType":"type-goal","main":"E. Pulgar"},{"additional":"R. Meggiorini","eventTime":"51'","eventType":"type-substitution","main":"A. Floro Flores"},{"additional":"A. Mounier","eventTime":"45'","eventType":"type-substitution","main":"U. Sadiq"}],"stats":{"awayGates":"4","awayPasses":"434","awayPossession":44.3,"awayShots":"2","homeGates":"3","homePasses":"538","homePossession":55.7,"homeShots":"4"},"competition":"Serie A","date":"2016-10-26","match":"chievo-v-bologna"}