{"result":{"awayTeamName":"Crotone","homeTeamName":"Fiorentina","location":"Stadio Artemio Franchi","score":"1 - 1","startDate":"2016-10-26T18:45:00+00:00"},"events":[{"additional":"M. Trotta","eventTime":"88'","eventType":"type-substitution","main":"S. Nwankwo"},{"additional":"Yellow Card","eventTime":"87'","eventType":"type-yellow_card","main":"C. Salcedo"},{"additional":"K. Babacar","eventTime":"85'","eventType":"type-substitution","main":"M. Zárate"},{"additional":"Goal","eventTime":"85'","eventType":"type-goal","main":"D. Astori"},{"additional":"D. Falcinelli","eventTime":"82'","eventType":"type-substitution","main":"Claiton"},{"additional":"F. Bernardeschi","eventTime":"79'","eventType":"type-substitution","main":"F. Chiesa"},{"additional":"Yellow Card","eventTime":"75'","eventType":"type-yellow_card","main":"F. Ceccherini"},{"additional":"A. Stoian","eventTime":"72'","eventType":"type-substitution","main":"R. Palladino"},{"additional":"Yellow Card","eventTime":"50'","eventType":"type-yellow_card","main":"A. Stoian"},{"additional":"M. Olivera","eventTime":"45'","eventType":"type-substitution","main":"N. Kalinić"},{"additional":"Goal","eventTime":"24'","eventType":"type-goal","main":"D. Falcinelli"}],"stats":{"awayGates":"2","awayPasses":"218","awayPossession":25.900000000000006,"awayShots":"2","homeGates":"11","homePasses":"595","homePossession":74.1,"homeShots":"10"},"competition":"Serie A","date":"2016-10-26","match":"fiorentina-v-crotone"}