{"result":{"awayTeamName":"Torino","homeTeamName":"Internazionale","location":"Stadio Giuseppe Meazza","score":"2 - 1","startDate":"2016-10-26T18:45:00+00:00"},"events":[{"additional":"Yellow Card","eventTime":"90' + 3'","eventType":"type-yellow_card","main":"A. Belotti"},{"additional":"Yellow Card","eventTime":"90'","eventType":"type-yellow_card","main":"M. Benassi"},{"additional":"Assist","eventTime":"88'","eventType":"type-assist","main":"R. Palacio"},{"additional":"Goal","eventTime":"88'","eventType":"type-goal","main":"M. Icardi"},{"additional":"Yellow Card","eventTime":"80'","eventType":"type-yellow_card","main":"M. López"},{"additional":"J. Obi","eventTime":"76'","eventType":"type-substitution","main":"D. Baselli"},{"additional":"E. Martins","eventTime":"74'","eventType":"type-substitution","main":"R. Palacio"},{"additional":"Goal","eventTime":"63'","eventType":"type-goal","main":"A. Belotti"},{"additional":"A. Acquah","eventTime":"60'","eventType":"type-substitution","main":"M. Benassi"},{"additional":"Iago Falqué","eventTime":"46'","eventType":"type-substitution","main":"M. López"},{"additional":"Goal","eventTime":"35'","eventType":"type-goal","main":"M. Icardi"},{"additional":"Yellow Card","eventTime":"29'","eventType":"type-yellow_card","main":"M. Valdifiori"}],"stats":{"awayGates":"2","awayPasses":"464","awayPossession":48.7,"awayShots":"2","homeGates":"6","homePasses":"490","homePossession":51.3,"homeShots":"10"},"competition":"Serie A","date":"2016-10-26","match":"internazionale-v-torino"}