{"result":{"awayTeamName":"Sampdoria","homeTeamName":"Juventus","location":"Allianz Stadium","score":"4 - 1","startDate":"2016-10-26T18:45:00+00:00"},"events":[{"additional":"Yellow Card","eventTime":"89'","eventType":"type-yellow_card","main":"L. Cigarini"},{"additional":"Assist","eventTime":"87'","eventType":"type-assist","main":"Juan Cuadrado"},{"additional":"Goal","eventTime":"87'","eventType":"type-goal","main":"G. Chiellini"},{"additional":"M. Pjanić","eventTime":"82'","eventType":"type-substitution","main":"K. Asamoah"},{"additional":"É. Barreto","eventTime":"74'","eventType":"type-substitution","main":"F. Đuričić"},{"additional":"C. Marchisio","eventTime":"73'","eventType":"type-substitution","main":"M. Lemina"},{"additional":"Goal","eventTime":"65'","eventType":"type-goal","main":"M. Pjanić"},{"additional":"Yellow Card","eventTime":"62'","eventType":"type-yellow_card","main":"É. Barreto"},{"additional":"A. Budimir","eventTime":"61'","eventType":"type-substitution","main":"F. Quagliarella"},{"additional":"P. Schick","eventTime":"61'","eventType":"type-substitution","main":"L. Muriel"},{"additional":"Assist","eventTime":"57'","eventType":"type-assist","main":"D. Praet"},{"additional":"Goal","eventTime":"57'","eventType":"type-goal","main":"P. Schick"},{"additional":"Yellow Card","eventTime":"42'","eventType":"type-yellow_card","main":"M. Silvestre"},{"additional":"P. Evra","eventTime":"40'","eventType":"type-substitution","main":"Alex Sandro"},{"additional":"Assist","eventTime":"9'","eventType":"type-assist","main":"M. Pjanić"},{"additional":"Goal","eventTime":"9'","eventType":"type-goal","main":"G. Chiellini"},{"additional":"Assist","eventTime":"4'","eventType":"type-assist","main":"Juan Cuadrado"},{"additional":"Goal","eventTime":"4'","eventType":"type-goal","main":"M. Mandžukić"}],"stats":{"awayGates":"3","awayPasses":"383","awayPossession":37.8,"awayShots":"4","homeGates":"7","homePasses":"627","homePossession":62.2,"homeShots":"6"},"competition":"Serie A","date":"2016-10-26","match":"juventus-v-sampdoria"}