{"result":{"awayTeamName":"Cagliari","homeTeamName":"Lazio","location":"Stadio Olimpico","score":"4 - 1","startDate":"2016-10-26T18:45:00+00:00"},"events":[{"additional":"Own Goal","eventTime":"87'","eventType":"type-own_goal","main":"Wallace"},{"additional":"S. Lulić","eventTime":"82'","eventType":"type-substitution","main":"M. Leitner"},{"additional":"Yellow Card","eventTime":"80'","eventType":"type-yellow_card","main":"D. Dessena"},{"additional":"S. Lulić","eventTime":"79'","eventType":"type-goal","main":"Felipe Anderson"},{"additional":"M. Borriello","eventTime":"76'","eventType":"type-substitution","main":"N. Giannetti"},{"additional":"C. Immobile","eventTime":"73'","eventType":"type-substitution","main":"C. Lombardi"},{"additional":"N. Murru","eventTime":"68'","eventType":"type-substitution","main":"M. Capuano"},{"additional":"M. Parolo","eventTime":"66'","eventType":"type-substitution","main":"A. Murgia"},{"additional":"Penalty Miss","eventTime":"61'","eventType":"type-penalty_miss","main":"M. Borriello"},{"additional":"M. Isla","eventTime":"55'","eventType":"type-substitution","main":"D. Dessena"},{"additional":"Yellow Card","eventTime":"42'","eventType":"type-yellow_card","main":"K. Baldé"},{"additional":"Yellow Card","eventTime":"42'","eventType":"type-yellow_card","main":"P. Tachtsidis"},{"additional":"Yellow Card","eventTime":"30'","eventType":"type-yellow_card","main":"Wallace"},{"additional":"Goal","eventTime":"28'","eventType":"type-goal","main":"C. Immobile"},{"additional":"Goal","eventTime":"23'","eventType":"type-goal","main":"C. Immobile"},{"additional":"Yellow Card","eventTime":"22'","eventType":"type-yellow_card","main":"L. Ceppitelli"},{"additional":"S. Lulić","eventTime":"6'","eventType":"type-goal","main":"K. Baldé"}],"stats":{"awayGates":"5","awayPasses":"378","awayPossession":44.1,"awayShots":"7","homeGates":"12","homePasses":"493","homePossession":55.9,"homeShots":"3"},"competition":"Serie A","date":"2016-10-26","match":"lazio-v-cagliari"}