{"result":{"awayTeamName":"Empoli","homeTeamName":"Napoli","location":"Stadio San Paolo","score":"2 - 0","startDate":"2016-10-26T18:45:00+00:00"},"events":[{"additional":"Yellow Card","eventTime":"83'","eventType":"type-yellow_card","main":"A. Tello"},{"additional":"M. Hamšík","eventTime":"81'","eventType":"type-goal","main":"V. Chiricheș"},{"additional":"C. Maggio","eventTime":"78'","eventType":"type-substitution","main":"E. Hysaj"},{"additional":"Jorginho","eventTime":"72'","eventType":"type-substitution","main":"A. Diawara"},{"additional":"Allan","eventTime":"71'","eventType":"type-substitution","main":"M. Hamšík"},{"additional":"Marcel Büchel","eventTime":"70'","eventType":"type-substitution","main":"D. Croce"},{"additional":"L. Mchedlidze","eventTime":"67'","eventType":"type-substitution","main":"M. Maccarone"},{"additional":"R. Krunić","eventTime":"55'","eventType":"type-substitution","main":"A. Tello"},{"additional":"Yellow Card","eventTime":"52'","eventType":"type-yellow_card","main":"D. Mertens"},{"additional":"Goal","eventTime":"51'","eventType":"type-goal","main":"D. Mertens"},{"additional":"Yellow Card","eventTime":"38'","eventType":"type-yellow_card","main":"G. Bellusci"}],"stats":{"awayGates":"2","awayPasses":"380","awayPossession":38.1,"awayShots":"2","homeGates":"10","homePasses":"620","homePossession":61.9,"homeShots":"14"},"competition":"Serie A","date":"2016-10-26","match":"napoli-v-empoli"}