{"result":{"awayTeamName":"Atalanta","homeTeamName":"Pescara","location":"Stadio Adriatico-Giovanni Cornacchia","score":"0 - 1","startDate":"2016-10-26T18:45:00+00:00"},"events":[{"additional":"Yellow Card","eventTime":"84'","eventType":"type-yellow_card","main":"R. Gagliardini"},{"additional":"F. Kessié","eventTime":"83'","eventType":"type-substitution","main":"R. Gagliardini"},{"additional":"C. Biraghi","eventTime":"77'","eventType":"type-substitution","main":"A. Mitriță"},{"additional":"A. Conti","eventTime":"76'","eventType":"type-substitution","main":"A. Masiello"},{"additional":"Yellow Card","eventTime":"75'","eventType":"type-yellow_card","main":"C. Biraghi"},{"additional":"Yellow Card","eventTime":"69'","eventType":"type-yellow_card","main":"H. Campagnaro"},{"additional":"G. Brugman","eventTime":"65'","eventType":"type-substitution","main":"S. Pepe"},{"additional":"R. Freuler","eventTime":"60'","eventType":"type-goal","main":"M. Caldara"},{"additional":"L. Memushaj","eventTime":"58'","eventType":"type-substitution","main":"B. Cristante"},{"additional":"A. Gómez","eventTime":"54'","eventType":"type-substitution","main":"M. D'Alessandro"},{"additional":"Yellow Card","eventTime":"41'","eventType":"type-yellow_card","main":"G. Brugman"},{"additional":"Yellow Card","eventTime":"27'","eventType":"type-yellow_card","main":"A. Konko"},{"additional":"Yellow Card","eventTime":"19'","eventType":"type-yellow_card","main":"A. Conti"}],"stats":{"awayGates":"3","awayPasses":"493","awayPossession":51.6,"awayShots":"7","homeGates":"0","homePasses":"471","homePossession":48.4,"homeShots":"2"},"competition":"Serie A","date":"2016-10-26","match":"pescara-v-atalanta"}