{"result":{"awayTeamName":"Roma","homeTeamName":"Sassuolo","location":"MAPEI Stadium - Città del Tricolore","score":"1 - 3","startDate":"2016-10-26T18:45:00+00:00"},"events":[{"additional":"A. Florenzi","eventTime":"85'","eventType":"type-substitution","main":"F. Totti"},{"additional":"S. El Shaarawy","eventTime":"79'","eventType":"type-substitution","main":"A. Rüdiger"},{"additional":"C. Adjapong","eventTime":"79'","eventType":"type-substitution","main":"F. Ricci"},{"additional":"Goal","eventTime":"78'","eventType":"type-goal","main":"R. Nainggolan"},{"additional":"Goal","eventTime":"76'","eventType":"type-goal","main":"E. Džeko"},{"additional":"Yellow Card","eventTime":"75'","eventType":"type-yellow_card","main":"Pol Lirola"},{"additional":"M. Gazzola","eventTime":"73'","eventType":"type-substitution","main":"Pol Lirola"},{"additional":"Yellow Card","eventTime":"72'","eventType":"type-yellow_card","main":"Lorenzo Pellegrini"},{"additional":"K. Strootman","eventTime":"69'","eventType":"type-substitution","main":"L. Paredes"},{"additional":"A. Matri","eventTime":"63'","eventType":"type-substitution","main":"D. Biondini"},{"additional":"Mohamed Salah","eventTime":"57'","eventType":"type-goal","main":"E. Džeko"},{"additional":"Yellow Card","eventTime":"30'","eventType":"type-yellow_card","main":"L. Mazzitelli"},{"additional":"M. Politano","eventTime":"12'","eventType":"type-goal","main":"P. Cannavaro"}],"stats":{"awayGates":"5","awayPasses":"518","awayPossession":62.0,"awayShots":"6","homeGates":"3","homePasses":"326","homePossession":38.0,"homeShots":"7"},"competition":"Serie A","date":"2016-10-26","match":"sassuolo-v-roma"}