{"result":{"awayTeamName":"Cagliari","homeTeamName":"Bologna","location":"Stadio Renato Dall'Ara","score":"3 - 0","startDate":"2013-03-03T14:00:00+00:00"},"events":[{"additional":"S. Taïder","eventTime":"90' + 2'","eventType":"type-goal","main":"C. Pasquato"},{"additional":"M. Gabbiadini","eventTime":"86'","eventType":"type-substitution","main":"C. Pasquato"},{"additional":"A. Diamanti","eventTime":"75'","eventType":"type-substitution","main":"D. Moscardelli"},{"additional":"M. Sau","eventTime":"74'","eventType":"type-substitution","main":"Nenê"},{"additional":"Yellow Card","eventTime":"62'","eventType":"type-yellow_card","main":"M. Pinilla"},{"additional":"A. Ekdal","eventTime":"60'","eventType":"type-substitution","main":"A. Cossu"},{"additional":"V. Ibarbo","eventTime":"59'","eventType":"type-substitution","main":"M. Pinilla"},{"additional":"P. Kone","eventTime":"57'","eventType":"type-substitution","main":"L. Christodoulopoulos"},{"additional":"Red Card","eventTime":"57'","eventType":"type-red_card","main":"F. Pisano"},{"additional":"Yellow Card","eventTime":"56'","eventType":"type-yellow_card","main":"D. Dessena"},{"additional":"Yellow Card","eventTime":"45' + 1'","eventType":"type-yellow_card","main":"A. Diamanti"},{"additional":"Yellow Card","eventTime":"40'","eventType":"type-yellow_card","main":"M. Sau"},{"additional":"Yellow Card","eventTime":"34'","eventType":"type-yellow_card","main":"R. Nainggolan"},{"additional":"Yellow Card","eventTime":"30'","eventType":"type-yellow_card","main":"P. Kone"},{"additional":"A. Gilardino","eventTime":"18'","eventType":"type-goal","main":"A. Diamanti"},{"additional":"Yellow Card","eventTime":"14'","eventType":"type-yellow_card","main":"D. Conti"},{"additional":"A. Gilardino","eventTime":"5'","eventType":"type-goal","main":"S. Taïder"}],"stats":{"awayGates":"0","awayPasses":"0","awayPossession":100.0,"awayShots":"0","homeGates":"0","homePasses":"0","homePossession":0.0,"homeShots":"0"},"competition":"Serie A","date":"2013-03-04","match":"bologna-v-cagliari"}