{"result":{"awayTeamName":"Internazionale","homeTeamName":"Catania","location":"Stadio Angelo Massimino","score":"2 - 3","startDate":"2013-03-03T14:00:00+00:00"},"events":[{"additional":"E. Cambiasso","eventTime":"90' + 2'","eventType":"type-goal","main":"R. Palacio"},{"additional":"Yellow Card","eventTime":"86'","eventType":"type-yellow_card","main":"E. Çani"},{"additional":"G. Bergessio","eventTime":"85'","eventType":"type-substitution","main":"E. Çani"},{"additional":"Yellow Card","eventTime":"84'","eventType":"type-yellow_card","main":"E. Schelotto"},{"additional":"F. Guarín","eventTime":"77'","eventType":"type-substitution","main":"E. Cambiasso"},{"additional":"M. Biagianti","eventTime":"77'","eventType":"type-substitution","main":"S. Almirón"},{"additional":"Á. Pereira","eventTime":"70'","eventType":"type-goal","main":"R. Palacio"},{"additional":"Yellow Card","eventTime":"69'","eventType":"type-yellow_card","main":"S. Handanovič"},{"additional":"Yellow Card","eventTime":"69'","eventType":"type-yellow_card","main":"G. Bergessio"},{"additional":"Yellow Card","eventTime":"56'","eventType":"type-yellow_card","main":"A. Rolín"},{"additional":"R. Palacio","eventTime":"52'","eventType":"type-goal","main":"R. Álvarez"},{"additional":"T. Rocchi","eventTime":"46'","eventType":"type-substitution","main":"R. Palacio"},{"additional":"Z. Kuzmanović","eventTime":"46'","eventType":"type-substitution","main":"D. Stanković"},{"additional":"Yellow Card","eventTime":"37'","eventType":"type-yellow_card","main":"P. Álvarez"},{"additional":"F. Lodi","eventTime":"19'","eventType":"type-goal","main":"G. Marchese"},{"additional":"Goal","eventTime":"7'","eventType":"type-goal","main":"G. Bergessio"}],"stats":{"awayGates":"0","awayPasses":"0","awayPossession":100.0,"awayShots":"0","homeGates":"0","homePasses":"0","homePossession":0.0,"homeShots":"0"},"competition":"Serie A","date":"2013-03-04","match":"catania-v-internazionale"}