{"result":{"awayTeamName":"Chievo","homeTeamName":"Fiorentina","location":"Stadio Artemio Franchi","score":"2 - 1","startDate":"2013-03-03T14:00:00+00:00"},"events":[{"additional":"L. Toni","eventTime":"80'","eventType":"type-substitution","main":"G. Migliaccio"},{"additional":"L. Toni","eventTime":"78'","eventType":"type-goal","main":"M. Larrondo"},{"additional":"Yellow Card","eventTime":"71'","eventType":"type-yellow_card","main":"A. Aquilani"},{"additional":"B. Jokić","eventTime":"70'","eventType":"type-substitution","main":"B. Dramé"},{"additional":"R. Guana","eventTime":"68'","eventType":"type-substitution","main":"Luciano"},{"additional":"Yellow Card","eventTime":"65'","eventType":"type-yellow_card","main":"D. Pizarro"},{"additional":"S. Jovetić","eventTime":"64'","eventType":"type-substitution","main":"M. Larrondo"},{"additional":"A. Ljajić","eventTime":"46'","eventType":"type-substitution","main":"Rômulo"},{"additional":"R. Guana","eventTime":"38'","eventType":"type-goal","main":"I. Cofie"},{"additional":"F. Acerbi","eventTime":"31'","eventType":"type-substitution","main":"I. Cofie"},{"additional":"Yellow Card","eventTime":"10'","eventType":"type-yellow_card","main":"L. Rigoni"},{"additional":"Goal","eventTime":"5'","eventType":"type-goal","main":"M. Pasqual"}],"stats":{"awayGates":"0","awayPasses":"0","awayPossession":100.0,"awayShots":"0","homeGates":"0","homePasses":"0","homePossession":0.0,"homeShots":"0"},"competition":"Serie A","date":"2013-03-04","match":"fiorentina-v-chievo"}