{"result":{"awayTeamName":"Udinese","homeTeamName":"Pescara","location":"Stadio Adriatico-Giovanni Cornacchia","score":"0 - 1","startDate":"2013-03-03T14:00:00+00:00"},"events":[{"additional":"Yellow Card","eventTime":"90' + 2'","eventType":"type-yellow_card","main":"Ž. Brkić"},{"additional":"Yellow Card","eventTime":"90' + 2'","eventType":"type-yellow_card","main":"G. Sculli"},{"additional":"A. Di Natale","eventTime":"85'","eventType":"type-substitution","main":"A. Merkel"},{"additional":"L. Muriel","eventTime":"70'","eventType":"type-substitution","main":"M. Campos"},{"additional":"M. Blasi","eventTime":"64'","eventType":"type-substitution","main":"J. Quintero"},{"additional":"Yellow Card","eventTime":"61'","eventType":"type-yellow_card","main":"L. Muriel"},{"additional":"E. Abbruscato","eventTime":"55'","eventType":"type-substitution","main":"G. Sculli"},{"additional":"Yellow Card","eventTime":"54'","eventType":"type-yellow_card","main":"B. Bjarnason"},{"additional":"A. Balzano","eventTime":"46'","eventType":"type-substitution","main":"V. Weiss"},{"additional":"Goal","eventTime":"8'","eventType":"type-goal","main":"A. Di Natale"}],"stats":{"awayGates":"0","awayPasses":"0","awayPossession":100.0,"awayShots":"0","homeGates":"0","homePasses":"0","homePossession":0.0,"homeShots":"0"},"competition":"Serie A","date":"2013-03-04","match":"pescara-v-udinese"}