{"result":{"awayTeamName":"Atalanta","homeTeamName":"Robur Siena","location":"Stadio Comunale Artemio Franchi - Montepaschi Arena","score":"0 - 2","startDate":"2013-03-03T14:00:00+00:00"},"events":[{"additional":"Yellow Card","eventTime":"83'","eventType":"type-yellow_card","main":"M. Canini"},{"additional":"C. Carmona","eventTime":"78'","eventType":"type-substitution","main":"I. Radovanović"},{"additional":"I. Emeghara","eventTime":"74'","eventType":"type-substitution","main":"M. Paolucci"},{"additional":"M. Livaja","eventTime":"70'","eventType":"type-substitution","main":"F. Brienza"},{"additional":"A. Sestu","eventTime":"68'","eventType":"type-substitution","main":"Salvador Agra"},{"additional":"C. Raimondi","eventTime":"68'","eventType":"type-goal","main":"G. Bonaventura"},{"additional":"L. Giorgi","eventTime":"57'","eventType":"type-substitution","main":"M. Canini"},{"additional":"N. Belmonte","eventTime":"47'","eventType":"type-substitution","main":"E. Bogdani"},{"additional":"Yellow Card","eventTime":"19'","eventType":"type-yellow_card","main":"C. Raimondi"},{"additional":"Yellow Card","eventTime":"11'","eventType":"type-yellow_card","main":"C. Carmona"},{"additional":"G. Denis","eventTime":"3'","eventType":"type-goal","main":"G. Bonaventura"}],"stats":{"awayGates":"0","awayPasses":"0","awayPossession":100.0,"awayShots":"0","homeGates":"0","homePasses":"0","homePossession":0.0,"homeShots":"0"},"competition":"Serie A","date":"2013-03-04","match":"robur-siena-v-atalanta"}