{"result":{"awayTeamName":"Genoa","homeTeamName":"Roma","location":"Stadio Olimpico","score":"3 - 1","startDate":"2013-03-03T19:45:00+00:00"},"events":[{"additional":"F. Totti","eventTime":"89'","eventType":"type-goal","main":"S. Perrotta"},{"additional":"Yellow Card","eventTime":"87'","eventType":"type-yellow_card","main":"M. Bradley"},{"additional":"D. Osvaldo","eventTime":"81'","eventType":"type-substitution","main":"S. Perrotta"},{"additional":"Yellow Card","eventTime":"78'","eventType":"type-yellow_card","main":"F. Totti"},{"additional":"Yellow 2nd/RC","eventTime":"78'","eventType":"type-second_yellow_card","main":"J. Kucka"},{"additional":"A. Bertolacci","eventTime":"72'","eventType":"type-substitution","main":"M. Rigoni"},{"additional":"Yellow Card","eventTime":"61'","eventType":"type-yellow_card","main":"E. Pisano"},{"additional":"E. Pisano","eventTime":"61'","eventType":"type-substitution","main":"C. Jorquera"},{"additional":"D. Tőzsér","eventTime":"61'","eventType":"type-substitution","main":"C. Immobile"},{"additional":"F. Totti","eventTime":"58'","eventType":"type-goal","main":"A. Romagnoli"},{"additional":"F. Balzaretti","eventTime":"56'","eventType":"type-substitution","main":"Marquinho"},{"additional":"Yellow Card","eventTime":"51'","eventType":"type-yellow_card","main":"E. Lamela"},{"additional":"Yellow Card","eventTime":"45' + 2'","eventType":"type-yellow_card","main":"J. Vargas"},{"additional":"Yellow Card","eventTime":"42'","eventType":"type-yellow_card","main":"N. Burdisso"},{"additional":"Penalty Goal","eventTime":"42'","eventType":"type-penalty_goal","main":"M. Borriello"},{"additional":"M. Pjanić","eventTime":"39'","eventType":"type-substitution","main":"M. Bradley"},{"additional":"Yellow Card","eventTime":"18'","eventType":"type-yellow_card","main":"J. Kucka"},{"additional":"Penalty Goal","eventTime":"16'","eventType":"type-penalty_goal","main":"F. Totti"}],"stats":{"awayGates":"0","awayPasses":"0","awayPossession":100.0,"awayShots":"0","homeGates":"0","homePasses":"0","homePossession":0.0,"homeShots":"0"},"competition":"Serie A","date":"2013-03-04","match":"roma-v-genoa"}