{"result":{"awayTeamName":"Parma","homeTeamName":"Sampdoria","location":"Stadio Comunale Luigi Ferraris","score":"1 - 0","startDate":"2013-03-03T14:00:00+00:00"},"events":[{"additional":"Yellow Card","eventTime":"81'","eventType":"type-yellow_card","main":"R. Strasser"},{"additional":"M. Parolo","eventTime":"79'","eventType":"type-substitution","main":"R. Strasser"},{"additional":"Yellow Card","eventTime":"75'","eventType":"type-yellow_card","main":"M. Parolo"},{"additional":"Yellow Card","eventTime":"74'","eventType":"type-yellow_card","main":"J. Valdés"},{"additional":"E. Martins","eventTime":"70'","eventType":"type-substitution","main":"G. Sansone"},{"additional":"Yellow Card","eventTime":"69'","eventType":"type-yellow_card","main":"A. Rosi"},{"additional":"M. Gobbi","eventTime":"65'","eventType":"type-substitution","main":"Amauri"},{"additional":"Yellow Card","eventTime":"60'","eventType":"type-yellow_card","main":"N. Krstičić"},{"additional":"M. Estigarribia","eventTime":"58'","eventType":"type-goal","main":"M. Icardi"},{"additional":"Yellow Card","eventTime":"52'","eventType":"type-yellow_card","main":"D. Gastaldello"},{"additional":"A. Coda","eventTime":"46'","eventType":"type-substitution","main":"D. Mesbah"},{"additional":"Yellow Card","eventTime":"45' + 1'","eventType":"type-yellow_card","main":"M. Gobbi"},{"additional":"Yellow Card","eventTime":"41'","eventType":"type-yellow_card","main":"A. Palombo"}],"stats":{"awayGates":"0","awayPasses":"0","awayPossession":100.0,"awayShots":"0","homeGates":"0","homePasses":"0","homePossession":0.0,"homeShots":"0"},"competition":"Serie A","date":"2013-03-04","match":"sampdoria-v-parma"}