{"result":{"awayTeamName":"Celtic","homeTeamName":"Astana","location":"Astana Arena","score":"4 - 3","startDate":"2017-08-22T15:30:00+00:00"},"events":[{"additional":"Yellow Card","eventTime":"90' + 2'","eventType":"type-yellow_card","main":"S. Grahovac"},{"additional":"N. Bitton","eventTime":"90'","eventType":"type-goal","main":"L. Griffiths"},{"additional":"Yellow Card","eventTime":"82'","eventType":"type-yellow_card","main":"D. Shomko"},{"additional":"A. Beysebekov","eventTime":"81'","eventType":"type-substitution","main":"A. Tagybergen"},{"additional":"S. Armstrong","eventTime":"80'","eventType":"type-goal","main":"O. Ntcham"},{"additional":"Yellow Card","eventTime":"70'","eventType":"type-yellow_card","main":"E. Postnikov"},{"additional":"J. Kabananga","eventTime":"69'","eventType":"type-goal","main":"P. Twumasi"},{"additional":"S. Sinclair","eventTime":"65'","eventType":"type-substitution","main":"S. Armstrong"},{"additional":"C. McGregor","eventTime":"57'","eventType":"type-substitution","main":"T. Rogić"},{"additional":"J. Forrest","eventTime":"57'","eventType":"type-substitution","main":"A. Ralston"},{"additional":"D. Shomko","eventTime":"49'","eventType":"type-goal","main":"P. Twumasi"},{"additional":"Goal","eventTime":"48'","eventType":"type-goal","main":"S. Muzhikov"},{"additional":"M. Tomasov","eventTime":"45'","eventType":"type-substitution","main":"A. Beysebekov"},{"additional":"C. McGregor","eventTime":"33'","eventType":"type-goal","main":"S. Sinclair"},{"additional":"Own Goal","eventTime":"26'","eventType":"type-own_goal","main":"K. Ajer"},{"additional":"L. Kleinheisler","eventTime":"13'","eventType":"type-substitution","main":"S. Grahovac"}],"stats":{"awayGates":"7","awayPasses":"605","awayPossession":63.5,"awayShots":"7","homeGates":"10","homePasses":"329","homePossession":36.5,"homeShots":"6"},"competition":"UEFA Champions League","date":"2017-08-22","match":"astana-v-celtic"}