{"result":{"awayTeamName":"Hapoel Be'er Sheva","homeTeamName":"Maribor","location":"Ljudski vrt","score":"1 - 0","startDate":"2017-08-22T18:45:00+00:00"},"events":[{"additional":"D. Bohar","eventTime":"90' + 2'","eventType":"type-substitution","main":"J. Billong"},{"additional":"V. Ahmedi","eventTime":"83'","eventType":"type-substitution","main":"A. Pihler"},{"additional":"Yellow Card","eventTime":"80'","eventType":"type-yellow_card","main":"M. Kabha"},{"additional":"M. Radi","eventTime":"79'","eventType":"type-substitution","main":"E. Barda"},{"additional":"Yellow Card","eventTime":"73'","eventType":"type-yellow_card","main":"B. Bitton"},{"additional":"G. Bajde","eventTime":"72'","eventType":"type-substitution","main":"D. Hotič"},{"additional":"M. Ghadir","eventTime":"56'","eventType":"type-substitution","main":"T. Pekhart"},{"additional":"Yellow Card","eventTime":"51'","eventType":"type-yellow_card","main":"L. Taha"},{"additional":"H. Elhamed","eventTime":"45'","eventType":"type-substitution","main":"M. Ohana"},{"additional":"Yellow Card","eventTime":"29'","eventType":"type-yellow_card","main":"H. Elhamed"},{"additional":"Yellow Card","eventTime":"19'","eventType":"type-yellow_card","main":"M. Ghadir"},{"additional":"Goal","eventTime":"15'","eventType":"type-goal","main":"M. Viler"},{"additional":"Yellow Card","eventTime":"10'","eventType":"type-yellow_card","main":"M. Viler"}],"stats":{"awayGates":"3","awayPasses":"511","awayPossession":56.4,"awayShots":"6","homeGates":"4","homePasses":"406","homePossession":43.6,"homeShots":"5"},"competition":"UEFA Champions League","date":"2017-08-22","match":"maribor-v-hapoel-beer-sheva"}