{"result":{"awayTeamName":"Napoli","homeTeamName":"Nice","location":"Allianz Riviera","score":"0 - 2","startDate":"2017-08-22T18:45:00+00:00"},"events":[{"additional":"F. Ghoulam","eventTime":"89'","eventType":"type-goal","main":"L. Insigne"},{"additional":"Jorginho","eventTime":"85'","eventType":"type-substitution","main":"A. Diawara"},{"additional":"Yellow Card","eventTime":"84'","eventType":"type-yellow_card","main":"K. Koulibaly"},{"additional":"Yellow Card","eventTime":"82'","eventType":"type-yellow_card","main":"P. Lees Melou"},{"additional":"R. Walter","eventTime":"79'","eventType":"type-substitution","main":"V. Marcel"},{"additional":"M. Balotelli","eventTime":"77'","eventType":"type-substitution","main":"I. Ganago"},{"additional":"Allan","eventTime":"71'","eventType":"type-substitution","main":"M. Rog"},{"additional":"A. Tameze","eventTime":"66'","eventType":"type-substitution","main":"P. Lees Melou"},{"additional":"M. Hamšík","eventTime":"63'","eventType":"type-substitution","main":"P. Zieliński"},{"additional":"M. Hamšík","eventTime":"48'","eventType":"type-goal","main":"José Callejón"},{"additional":"Yellow Card","eventTime":"8'","eventType":"type-yellow_card","main":"J. Seri"}],"stats":{"awayGates":"7","awayPasses":"692","awayPossession":52.9,"awayShots":"10","homeGates":"5","homePasses":"612","homePossession":47.1,"homeShots":"6"},"competition":"UEFA Champions League","date":"2017-08-22","match":"nice-v-napoli"}