{"result":{"awayTeamName":"Olympiakos Piraeus","homeTeamName":"Rijeka","location":"Stadion HNK Rijeka","score":"0 - 1","startDate":"2017-08-22T18:45:00+00:00"},"events":[{"additional":"Yellow Card","eventTime":"89'","eventType":"type-yellow_card","main":"M. Carcela"},{"additional":"Yellow Card","eventTime":"86'","eventType":"type-yellow_card","main":"Sebá"},{"additional":"A. Romao","eventTime":"80'","eventType":"type-substitution","main":"K. Fortounis"},{"additional":"F. Bradarić","eventTime":"77'","eventType":"type-substitution","main":"F. Matei"},{"additional":"Yellow Card","eventTime":"68'","eventType":"type-yellow_card","main":"J. Mišić"},{"additional":"M. Marin","eventTime":"66'","eventType":"type-substitution","main":"Sebá"},{"additional":"L. Koutris","eventTime":"61'","eventType":"type-substitution","main":"Diogo Figueiras"},{"additional":"A. Gorgon","eventTime":"61'","eventType":"type-substitution","main":"Z. Kvržić"},{"additional":"Yellow Card","eventTime":"59'","eventType":"type-yellow_card","main":"S. Kapino"},{"additional":"S. Sluga","eventTime":"51'","eventType":"type-substitution","main":"A. Prskalo"},{"additional":"Yellow Card","eventTime":"38'","eventType":"type-yellow_card","main":"I. Martic"},{"additional":"V. Odjidja-Ofoe","eventTime":"25'","eventType":"type-goal","main":"M. Marin"},{"additional":"Yellow Card","eventTime":"9'","eventType":"type-yellow_card","main":"A. Romao"}],"stats":{"awayGates":"3","awayPasses":"426","awayPossession":49.1,"awayShots":"4","homeGates":"4","homePasses":"435","homePossession":50.9,"homeShots":"12"},"competition":"UEFA Champions League","date":"2017-08-22","match":"rijeka-v-olympiakos-piraeus"}