{"result":{"awayTeamName":"İstanbul Başakşehir","homeTeamName":"Sevilla","location":"Estadio Ramón Sánchez Pizjuán","score":"2 - 2","startDate":"2017-08-22T18:45:00+00:00"},"events":[{"additional":"É. Banega","eventTime":"90' + 2'","eventType":"type-substitution","main":"Pablo Sarabia"},{"additional":"Yellow Card","eventTime":"89'","eventType":"type-yellow_card","main":"C. Lenglet"},{"additional":"Jesús Navas","eventTime":"85'","eventType":"type-substitution","main":"W. Montoya"},{"additional":"E. Elia","eventTime":"83'","eventType":"type-substitution","main":"K. Frei"},{"additional":"M. Tekdemir","eventTime":"83'","eventType":"type-substitution","main":"G. İnler"},{"additional":"S. Napoleoni","eventTime":"83'","eventType":"type-goal","main":"E. Višća"},{"additional":"Nolito","eventTime":"75'","eventType":"type-goal","main":"W. Ben Yedder"},{"additional":"Marcio Mossoró","eventTime":"72'","eventType":"type-substitution","main":"S. Napoleoni"},{"additional":"J. Correa","eventTime":"72'","eventType":"type-substitution","main":"Nolito"},{"additional":"Yellow Card","eventTime":"69'","eventType":"type-yellow_card","main":"J. Correa"},{"additional":"Yellow Card","eventTime":"66'","eventType":"type-yellow_card","main":"N. Pareja"},{"additional":"Yellow Card","eventTime":"61'","eventType":"type-yellow_card","main":"Marcio Mossoró"},{"additional":"Jesús Navas","eventTime":"52'","eventType":"type-goal","main":"Sergio Escudero"},{"additional":"Yellow Card","eventTime":"49'","eventType":"type-yellow_card","main":"A. Epureanu"},{"additional":"Júnior Caiçara","eventTime":"17'","eventType":"type-goal","main":"E. Elia"}],"stats":{"awayGates":"2","awayPasses":"465","awayPossession":49.6,"awayShots":"3","homeGates":"4","homePasses":"468","homePossession":50.4,"homeShots":"7"},"competition":"UEFA Champions League","date":"2017-08-22","match":"sevilla-v-istanbul-ba%C5%9Fak%C5%9Fehir"}