{"result":{"awayTeamName":"Manchester City","homeTeamName":"Wolverhampton Wanderers","location":"Molineux Stadium","score":"1 - 1","startDate":"2018-08-25T11:30:00+00:00"},"events":[{"additional":"R. Sterling","eventTime":"85'","eventType":"type-substitution","main":"R. Mahrez"},{"additional":"Jonny Castro","eventTime":"85'","eventType":"type-substitution","main":"Rúben Vinagre"},{"additional":"İ. Gündoğan","eventTime":"77'","eventType":"type-substitution","main":"L. Sané"},{"additional":"Hélder Costa","eventTime":"72'","eventType":"type-substitution","main":"Adama Traoré"},{"additional":"Assist","eventTime":"69'","eventType":"type-assist","main":"İ. Gündoğan"},{"additional":"Goal","eventTime":"69'","eventType":"type-goal","main":"A. Laporte"},{"additional":"Bernardo Silva","eventTime":"62'","eventType":"type-substitution","main":"Gabriel Jesus"},{"additional":"Yellow Card","eventTime":"60'","eventType":"type-yellow_card","main":"David Silva"},{"additional":"Assist","eventTime":"57'","eventType":"type-assist","main":"João Moutinho"},{"additional":"Goal","eventTime":"57'","eventType":"type-goal","main":"W. Boly"},{"additional":"Yellow Card","eventTime":"41'","eventType":"type-yellow_card","main":"C. Coady"},{"additional":"Yellow Card","eventTime":"12'","eventType":"type-yellow_card","main":"V. Kompany"}],"stats":{"awayGates":"6","awayPasses":"644","awayPossession":71.1,"awayShots":"6","homeGates":"2","homePasses":"260","homePossession":28.9,"homeShots":"6"},"competition":"Premier League","date":"2018-08-24","match":"wolverhampton-wanderers-v-manchester-city"}