{"result":{"awayTeamName":"Southampton","homeTeamName":"Hull City","location":"KCOM Stadium","score":"2 - 1","startDate":"2016-11-06T14:15:00+00:00"},"events":[{"additional":"Yellow Card","eventTime":"90' + 1'","eventType":"type-yellow_card","main":"Oriol Romeu"},{"additional":"Yellow Card","eventTime":"83'","eventType":"type-yellow_card","main":"M. Yoshida"},{"additional":"N. Redmond","eventTime":"77'","eventType":"type-substitution","main":"J. Rodriguez"},{"additional":"J. Clasie","eventTime":"77'","eventType":"type-substitution","main":"J. Ward-Prowse"},{"additional":"H. Maguire","eventTime":"74'","eventType":"type-substitution","main":"T. Huddlestone"},{"additional":"Yellow Card","eventTime":"72'","eventType":"type-yellow_card","main":"R. Bertrand"},{"additional":"D. Tadić","eventTime":"66'","eventType":"type-substitution","main":"S. Boufal"},{"additional":"Assist","eventTime":"63'","eventType":"type-assist","main":"R. Snodgrass"},{"additional":"Goal","eventTime":"63'","eventType":"type-goal","main":"M. Dawson"},{"additional":"Assist","eventTime":"61'","eventType":"type-assist","main":"S. Clucas"},{"additional":"Goal","eventTime":"61'","eventType":"type-goal","main":"R. Snodgrass"},{"additional":"Yellow Card","eventTime":"57'","eventType":"type-yellow_card","main":"J. Clasie"},{"additional":"Yellow Card","eventTime":"29'","eventType":"type-yellow_card","main":"D. Tadić"},{"additional":"W. Keane","eventTime":"26'","eventType":"type-substitution","main":"R. Snodgrass"},{"additional":"A. Hernández","eventTime":"9'","eventType":"type-substitution","main":"D. Mbokani"},{"additional":"Penalty Goal","eventTime":"6'","eventType":"type-penalty_goal","main":"C. Austin"}],"stats":{"awayGates":"7","awayPasses":"631","awayPossession":66.4,"awayShots":"5","homeGates":"2","homePasses":"319","homePossession":33.6,"homeShots":"4"},"competition":"Premier League","date":"2016-11-06","match":"hull-city-v-southampton"}