{"result":{"awayTeamName":"West Bromwich Albion","homeTeamName":"Leicester City","location":"King Power Stadium","score":"1 - 2","startDate":"2016-11-06T16:30:00+00:00"},"events":[{"additional":"J. Morrison","eventTime":"90' + 2'","eventType":"type-substitution","main":"H. Robson-Kanu"},{"additional":"Yellow Card","eventTime":"90'","eventType":"type-yellow_card","main":"C. Brunt"},{"additional":"Yellow Card","eventTime":"87'","eventType":"type-yellow_card","main":"C. Gardner"},{"additional":"R. Huth","eventTime":"87'","eventType":"type-substitution","main":"L. Ulloa"},{"additional":"M. Phillips","eventTime":"83'","eventType":"type-substitution","main":"C. Gardner"},{"additional":"Goal","eventTime":"72'","eventType":"type-goal","main":"M. Phillips"},{"additional":"A. Musa","eventTime":"67'","eventType":"type-substitution","main":"D. Gray"},{"additional":"Assist","eventTime":"55'","eventType":"type-assist","main":"R. Mahrez"},{"additional":"Goal","eventTime":"55'","eventType":"type-goal","main":"I. Slimani"},{"additional":"Assist","eventTime":"52'","eventType":"type-assist","main":"M. Phillips"},{"additional":"Goal","eventTime":"52'","eventType":"type-goal","main":"J. Morrison"},{"additional":"S. Okazaki","eventTime":"46'","eventType":"type-substitution","main":"J. Vardy"}],"stats":{"awayGates":"5","awayPasses":"358","awayPossession":40.9,"awayShots":"3","homeGates":"2","homePasses":"520","homePossession":59.1,"homeShots":"3"},"competition":"Premier League","date":"2016-11-06","match":"leicester-city-v-west-bromwich-albion"}