{"result":{"awayTeamName":"Watford","homeTeamName":"Liverpool","location":"Anfield","score":"6 - 1","startDate":"2016-11-06T14:15:00+00:00"},"events":[{"additional":"Goal","eventTime":"90' + 1'","eventType":"type-goal","main":"G. Wijnaldum"},{"additional":"Yellow Card","eventTime":"88'","eventType":"type-yellow_card","main":"G. Wijnaldum"},{"additional":"Philippe Coutinho","eventTime":"87'","eventType":"type-substitution","main":"O. Ejaria"},{"additional":"R. Pereyra","eventTime":"86'","eventType":"type-substitution","main":"C. Zúñiga"},{"additional":"Yellow Card","eventTime":"80'","eventType":"type-yellow_card","main":"M. Britos"},{"additional":"Assist","eventTime":"75'","eventType":"type-assist","main":"N. Amrabat"},{"additional":"Goal","eventTime":"75'","eventType":"type-goal","main":"D. Janmaat"},{"additional":"A. Lallana","eventTime":"71'","eventType":"type-substitution","main":"D. Sturridge"},{"additional":"S. Mané","eventTime":"63'","eventType":"type-substitution","main":"G. Wijnaldum"},{"additional":"V. Behrami","eventTime":"61'","eventType":"type-substitution","main":"B. Watson"},{"additional":"Assist","eventTime":"60'","eventType":"type-assist","main":"Roberto Firmino"},{"additional":"Goal","eventTime":"60'","eventType":"type-goal","main":"S. Mané"},{"additional":"Assist","eventTime":"57'","eventType":"type-assist","main":"A. Lallana"},{"additional":"Goal","eventTime":"57'","eventType":"type-goal","main":"Roberto Firmino"},{"additional":"Yellow Card","eventTime":"56'","eventType":"type-yellow_card","main":"J. Holebas"},{"additional":"Assist","eventTime":"43'","eventType":"type-assist","main":"A. Lallana"},{"additional":"Goal","eventTime":"43'","eventType":"type-goal","main":"E. Can"},{"additional":"Gomes","eventTime":"33'","eventType":"type-substitution","main":"C. Pantilimon"},{"additional":"Goal","eventTime":"30'","eventType":"type-goal","main":"Philippe Coutinho"},{"additional":"Assist","eventTime":"30'","eventType":"type-assist","main":"Roberto Firmino"},{"additional":"Assist","eventTime":"27'","eventType":"type-assist","main":"Philippe Coutinho"},{"additional":"Goal","eventTime":"27'","eventType":"type-goal","main":"S. Mané"}],"stats":{"awayGates":"8","awayPasses":"378","awayPossession":40.4,"awayShots":"2","homeGates":"17","homePasses":"563","homePossession":59.6,"homeShots":"9"},"competition":"Premier League","date":"2016-11-06","match":"liverpool-v-watford"}