{"result":{"awayTeamName":"Manchester United","homeTeamName":"Swansea City","location":"Liberty Stadium","score":"1 - 3","startDate":"2016-11-06T15:00:00+00:00"},"events":[{"additional":"P. Pogba","eventTime":"90' + 4'","eventType":"type-substitution","main":"T. Fosu-Mensah"},{"additional":"W. Rooney","eventTime":"89'","eventType":"type-substitution","main":"M. Schneiderlin"},{"additional":"Mata","eventTime":"81'","eventType":"type-substitution","main":"J. Lingard"},{"additional":"Yellow Card","eventTime":"80'","eventType":"type-yellow_card","main":"Mata"},{"additional":"Yellow Card","eventTime":"76'","eventType":"type-yellow_card","main":"Z. Ibrahimović"},{"additional":"L. Britton","eventTime":"70'","eventType":"type-substitution","main":"L. Fer"},{"additional":"Goal","eventTime":"68'","eventType":"type-goal","main":"M. van der Hoorn"},{"additional":"Assist","eventTime":"68'","eventType":"type-assist","main":"G. Sigurðsson"},{"additional":"Llorente","eventTime":"46'","eventType":"type-substitution","main":"J. Montero"},{"additional":"Assist","eventTime":"33'","eventType":"type-assist","main":"W. Rooney"},{"additional":"Goal","eventTime":"33'","eventType":"type-goal","main":"Z. Ibrahimović"},{"additional":"Assist","eventTime":"20'","eventType":"type-assist","main":"W. Rooney"},{"additional":"Goal","eventTime":"20'","eventType":"type-goal","main":"Z. Ibrahimović"},{"additional":"Goal","eventTime":"15'","eventType":"type-goal","main":"P. Pogba"}],"stats":{"awayGates":"3","awayPasses":"762","awayPossession":62.8,"awayShots":"5","homeGates":"1","homePasses":"449","homePossession":37.2,"homeShots":"2"},"competition":"Premier League","date":"2016-11-06","match":"swansea-city-v-manchester-united"}