{"result":{"awayTeamName":"Vancouver Whitecaps","homeTeamName":"LA Galaxy","location":"Stubhub Center","score":"2 - 1","startDate":"2012-11-02T02:55:00+00:00"},"events":[{"additional":"Yellow Card","eventTime":"87'","eventType":"type-yellow_card","main":"Marcelo Sarvas"},{"additional":"Juninho","eventTime":"83'","eventType":"type-substitution","main":"M. Stephens"},{"additional":"M. Watson","eventTime":"80'","eventType":"type-substitution","main":"D. Richards"},{"additional":"Penalty Goal","eventTime":"73'","eventType":"type-penalty_goal","main":"L. Donovan"},{"additional":"Yellow Card","eventTime":"72'","eventType":"type-yellow_card","main":"Lee Young-Pyo"},{"additional":"Yellow Card","eventTime":"71'","eventType":"type-yellow_card","main":"M. Bonjour"},{"additional":"J. DeMerit","eventTime":"70'","eventType":"type-substitution","main":"M. Bonjour"},{"additional":"Goal","eventTime":"69'","eventType":"type-goal","main":"M. Magee"},{"additional":"D. Mattocks","eventTime":"59'","eventType":"type-substitution","main":"K. Miller"},{"additional":"H. Jiménez","eventTime":"52'","eventType":"type-substitution","main":"Marcelo Sarvas"},{"additional":"Yellow Card","eventTime":"43'","eventType":"type-yellow_card","main":"Juninho"},{"additional":"Goal","eventTime":"3'","eventType":"type-goal","main":"D. Mattocks"}],"stats":{"awayGates":"0","awayPasses":"0","awayPossession":100.0,"awayShots":"0","homeGates":"0","homePasses":"0","homePossession":0.0,"homeShots":"0"},"competition":"MLS","date":"2012-11-01","match":"la-galaxy-v-vancouver-whitecaps"}