{"result":{"awayTeamName":"Las Palmas","homeTeamName":"Atlético Madrid","location":"Estadio Wanda Metropolitano","score":"3 - 0","startDate":"2018-01-28T15:15:00+00:00"},"events":[{"additional":"Assist","eventTime":"88'","eventType":"type-assist","main":"Y. Carrasco"},{"additional":"Goal","eventTime":"88'","eventType":"type-goal","main":"T. Partey"},{"additional":"Yellow Card","eventTime":"85'","eventType":"type-yellow_card","main":"Alejandro Gálvez"},{"additional":"Yellow Card","eventTime":"82'","eventType":"type-yellow_card","main":"Saúl"},{"additional":"Á. Correa","eventTime":"81'","eventType":"type-substitution","main":"T. Partey"},{"additional":"Fernando Torres","eventTime":"80'","eventType":"type-substitution","main":"Vitolo"},{"additional":"Dani Castellano","eventTime":"80'","eventType":"type-substitution","main":"Erik Expósito"},{"additional":"Assist","eventTime":"73'","eventType":"type-assist","main":"Á. Correa"},{"additional":"Goal","eventTime":"73'","eventType":"type-goal","main":"Fernando Torres"},{"additional":"Yellow Card","eventTime":"67'","eventType":"type-yellow_card","main":"Ximo Navarro"},{"additional":"Jairo Samperio","eventTime":"62'","eventType":"type-substitution","main":"Nacho Gil"},{"additional":"Assist","eventTime":"61'","eventType":"type-assist","main":"Juanfran"},{"additional":"Goal","eventTime":"61'","eventType":"type-goal","main":"A. Griezmann"},{"additional":"Tana","eventTime":"59'","eventType":"type-substitution","main":"Vicente Gómez"},{"additional":"Koke","eventTime":"46'","eventType":"type-substitution","main":"Y. Carrasco"}],"stats":{"awayGates":"1","awayPasses":"512","awayPossession":55.7,"awayShots":"4","homeGates":"6","homePasses":"406","homePossession":44.3,"homeShots":"9"},"competition":"Primera División","date":"2018-01-29","match":"atl%C3%A9tico-madrid-v-las-palmas"}