{"result":{"awayTeamName":"Deportivo Alavés","homeTeamName":"Barcelona","location":"Camp Nou","score":"2 - 1","startDate":"2018-01-28T19:45:00+00:00"},"events":[{"additional":"Rubén Duarte","eventTime":"89'","eventType":"type-substitution","main":"E. Demirović"},{"additional":"Goal","eventTime":"84'","eventType":"type-goal","main":"L. Messi"},{"additional":"J. Guidetti","eventTime":"75'","eventType":"type-substitution","main":"Munir"},{"additional":"Assist","eventTime":"72'","eventType":"type-assist","main":"Iniesta"},{"additional":"Goal","eventTime":"72'","eventType":"type-goal","main":"L. Suárez"},{"additional":"Philippe Coutinho","eventTime":"66'","eventType":"type-substitution","main":"Paco Alcácer"},{"additional":"H. Pérez","eventTime":"63'","eventType":"type-substitution","main":"Alfonso Pedraza"},{"additional":"L. Digne","eventTime":"52'","eventType":"type-substitution","main":"Jordi Alba"},{"additional":"Nélson Semedo","eventTime":"52'","eventType":"type-substitution","main":"Sergi Roberto"},{"additional":"Yellow Card","eventTime":"27'","eventType":"type-yellow_card","main":"Rubén Duarte"},{"additional":"Assist","eventTime":"23'","eventType":"type-assist","main":"Ibai Gómez"},{"additional":"Goal","eventTime":"23'","eventType":"type-goal","main":"J. Guidetti"},{"additional":"Yellow Card","eventTime":"22'","eventType":"type-yellow_card","main":"M. Wakaso"}],"stats":{"awayGates":"4","awayPasses":"205","awayPossession":22.200000000000003,"awayShots":"1","homeGates":"12","homePasses":"730","homePossession":77.8,"homeShots":"5"},"competition":"Primera División","date":"2018-01-29","match":"barcelona-v-deportivo-alav%C3%A9s"}