{"result":{"awayTeamName":"Real Betis","homeTeamName":"Celta de Vigo","location":"Abanca-Balaídos","score":"3 - 2","startDate":"2018-01-29T20:00:00+00:00"},"events":[{"additional":"Goal","eventTime":"90' + 1'","eventType":"type-goal","main":"A. Guardado"},{"additional":"M. Gómez","eventTime":"87'","eventType":"type-substitution","main":"E. Mor"},{"additional":"D. Wass","eventTime":"81'","eventType":"type-substitution","main":"Jozabed"},{"additional":"Brais Méndez","eventTime":"79'","eventType":"type-goal","main":"Iago Aspas"},{"additional":"P. Sisto","eventTime":"73'","eventType":"type-substitution","main":"Brais Méndez"},{"additional":"R. Durmisi","eventTime":"71'","eventType":"type-goal","main":"Sergio León"},{"additional":"Yellow Card","eventTime":"68'","eventType":"type-yellow_card","main":"Z. Feddal"},{"additional":"Yellow Card","eventTime":"65'","eventType":"type-yellow_card","main":"Barragán"},{"additional":"Cristian Tello","eventTime":"63'","eventType":"type-substitution","main":"R. Boudebouz"},{"additional":"Javi García","eventTime":"62'","eventType":"type-substitution","main":"Rubén Castro"},{"additional":"Yellow Card","eventTime":"59'","eventType":"type-yellow_card","main":"Fabián Ruiz"},{"additional":"Jonny Castro","eventTime":"57'","eventType":"type-goal","main":"M. Gómez"},{"additional":"Yellow Card","eventTime":"46'","eventType":"type-yellow_card","main":"D. Wass"},{"additional":"Yellow Card","eventTime":"45'","eventType":"type-yellow_card","main":"Joaquín"},{"additional":"Yellow Card","eventTime":"15'","eventType":"type-yellow_card","main":"Javi García"},{"additional":"N. Radoja","eventTime":"12'","eventType":"type-goal","main":"Iago Aspas"}],"stats":{"awayGates":"3","awayPasses":"565","awayPossession":57.7,"awayShots":"3","homeGates":"5","homePasses":"407","homePossession":42.3,"homeShots":"4"},"competition":"Primera División","date":"2018-01-29","match":"celta-de-vigo-v-real-betis"}