{"result":{"awayTeamName":"Getafe","homeTeamName":"Sevilla","location":"Estadio Ramón Sánchez Pizjuán","score":"1 - 1","startDate":"2018-01-28T17:30:00+00:00"},"events":[{"additional":"Yellow Card","eventTime":"90' + 3'","eventType":"type-yellow_card","main":"Nolito"},{"additional":"Yellow Card","eventTime":"90' + 3'","eventType":"type-yellow_card","main":"Sergio Rico"},{"additional":"Juan Cala","eventTime":"90' + 3'","eventType":"type-goal","main":"Ángel"},{"additional":"Pablo Sarabia","eventTime":"81'","eventType":"type-substitution","main":"G. Pizarro"},{"additional":"Yellow Card","eventTime":"76'","eventType":"type-yellow_card","main":"G. Mercado"},{"additional":"M. Arambarri","eventTime":"75'","eventType":"type-substitution","main":"Dani Pacheco"},{"additional":"Yellow Card","eventTime":"74'","eventType":"type-yellow_card","main":"Sergio Mora"},{"additional":"Pablo Sarabia","eventTime":"72'","eventType":"type-goal","main":"L. Muriel"},{"additional":"Yellow Card","eventTime":"69'","eventType":"type-yellow_card","main":"Bruno González"},{"additional":"F. Vázquez","eventTime":"68'","eventType":"type-substitution","main":"Nolito"},{"additional":"Yellow Card","eventTime":"64'","eventType":"type-yellow_card","main":"Juan Cala"},{"additional":"G. Shibasaki","eventTime":"60'","eventType":"type-substitution","main":"F. Fajr"},{"additional":"W. Ben Yedder","eventTime":"56'","eventType":"type-substitution","main":"L. Muriel"},{"additional":"Bergara","eventTime":"39'","eventType":"type-substitution","main":"Sergio Mora"}],"stats":{"awayGates":"2","awayPasses":"328","awayPossession":35.5,"awayShots":"3","homeGates":"1","homePasses":"608","homePossession":64.5,"homeShots":"12"},"competition":"Primera División","date":"2018-01-29","match":"sevilla-v-getafe"}