{"result":{"awayTeamName":"Viktoria Plzeň","homeTeamName":"Barcelona","location":"Camp Nou","score":"2 - 0","startDate":"2011-10-19T18:45:00+00:00"},"events":[{"additional":"David Villa","eventTime":"88'","eventType":"type-substitution","main":"Isaac Cuenca"},{"additional":"M. Petržela","eventTime":"86'","eventType":"type-substitution","main":"V. Darida"},{"additional":"Iniesta","eventTime":"85'","eventType":"type-substitution","main":"S. Kéita"},{"additional":"Goal","eventTime":"82'","eventType":"type-goal","main":"David Villa"},{"additional":"V. Pilař","eventTime":"75'","eventType":"type-substitution","main":"M. Fillo"},{"additional":"M. Bakoš","eventTime":"57'","eventType":"type-substitution","main":"M. Ďuriš"},{"additional":"L. Messi","eventTime":"10'","eventType":"type-goal","main":"Iniesta"}],"stats":{"awayGates":"0","awayPasses":"0","awayPossession":100.0,"awayShots":"0","homeGates":"0","homePasses":"0","homePossession":0.0,"homeShots":"0"},"competition":"UEFA Champions League","date":"2011-10-19","match":"barcelona-v-viktoria-plze%C5%88"}