{"result":{"awayTeamName":"Benfica","homeTeamName":"Basel","location":"St. Jakob-Park","score":"0 - 2","startDate":"2011-10-18T18:45:00+00:00"},"events":[{"additional":"Yellow Card","eventTime":"90' + 3'","eventType":"type-yellow_card","main":"A. Frei"},{"additional":"Yellow Card","eventTime":"90' + 1'","eventType":"type-yellow_card","main":"X. Shaqiri"},{"additional":"Yellow Card","eventTime":"90'","eventType":"type-yellow_card","main":"Artur Moraes"},{"additional":"Yellow 2nd/RC","eventTime":"86'","eventType":"type-second_yellow_card","main":"Emerson Conceição"},{"additional":"B. Huggel","eventTime":"85'","eventType":"type-substitution","main":"S. Chipperfield"},{"additional":"G. Xhaka","eventTime":"80'","eventType":"type-substitution","main":"Cabral"},{"additional":"M. Pereira","eventTime":"78'","eventType":"type-substitution","main":"Miguel Vitor"},{"additional":"Goal","eventTime":"75'","eventType":"type-goal","main":"O. Cardozo"},{"additional":"Yellow Card","eventTime":"74'","eventType":"type-yellow_card","main":"B. Huggel"},{"additional":"Rodrigo","eventTime":"70'","eventType":"type-substitution","main":"O. Cardozo"},{"additional":"P. Aimar","eventTime":"67'","eventType":"type-substitution","main":"Nolito"},{"additional":"F. Frei","eventTime":"66'","eventType":"type-substitution","main":"J. Zoua"},{"additional":"Yellow Card","eventTime":"41'","eventType":"type-yellow_card","main":"Emerson Conceição"},{"additional":"Yellow Card","eventTime":"35'","eventType":"type-yellow_card","main":"M. Streller"},{"additional":"N. Gaitán","eventTime":"20'","eventType":"type-goal","main":"Bruno César"}],"stats":{"awayGates":"0","awayPasses":"0","awayPossession":100.0,"awayShots":"0","homeGates":"0","homePasses":"0","homePossession":0.0,"homeShots":"0"},"competition":"UEFA Champions League","date":"2011-10-19","match":"basel-v-benfica"}