{"result":{"awayTeamName":"Valencia","homeTeamName":"Bayer Leverkusen","location":"BayArena","score":"2 - 1","startDate":"2011-10-19T18:45:00+00:00"},"events":[{"additional":"S. Sam","eventTime":"90' + 1'","eventType":"type-substitution","main":"D. Schwaab"},{"additional":"Albelda","eventTime":"82'","eventType":"type-substitution","main":"Aduriz"},{"additional":"S. Kießling","eventTime":"81'","eventType":"type-substitution","main":"E. Derdiyok"},{"additional":"Jordi Alba","eventTime":"65'","eventType":"type-substitution","main":"Canales"},{"additional":"Pablo Hernández","eventTime":"65'","eventType":"type-substitution","main":"S. Feghouli"},{"additional":"Yellow Card","eventTime":"64'","eventType":"type-yellow_card","main":"Miguel"},{"additional":"M. Ballack","eventTime":"56'","eventType":"type-goal","main":"S. Sam"},{"additional":"Goal","eventTime":"52'","eventType":"type-goal","main":"A. Schürrle"},{"additional":"Yellow Card","eventTime":"48'","eventType":"type-yellow_card","main":"A. Schürrle"},{"additional":"S. Reinartz","eventTime":"46'","eventType":"type-substitution","main":"M. Friedrich"},{"additional":"Yellow Card","eventTime":"42'","eventType":"type-yellow_card","main":"Albelda"},{"additional":"Yellow Card","eventTime":"26'","eventType":"type-yellow_card","main":"S. Kießling"},{"additional":"Soldado","eventTime":"24'","eventType":"type-goal","main":"Jonas"},{"additional":"Yellow Card","eventTime":"23'","eventType":"type-yellow_card","main":"S. Rolfes"},{"additional":"Yellow Card","eventTime":"22'","eventType":"type-yellow_card","main":"É. Banega"}],"stats":{"awayGates":"0","awayPasses":"0","awayPossession":100.0,"awayShots":"0","homeGates":"0","homePasses":"0","homePossession":0.0,"homeShots":"0"},"competition":"UEFA Champions League","date":"2011-10-19","match":"bayer-leverkusen-v-valencia"}