{"result":{"awayTeamName":"Genk","homeTeamName":"Chelsea","location":"Stamford Bridge","score":"5 - 0","startDate":"2011-10-19T18:45:00+00:00"},"events":[{"additional":"J. Vossen","eventTime":"81'","eventType":"type-substitution","main":"K. Nwanganga"},{"additional":"José Bosingwa","eventTime":"78'","eventType":"type-substitution","main":"Alex"},{"additional":"Fernando Torres","eventTime":"72'","eventType":"type-goal","main":"S. Kalou"},{"additional":"E. Barda","eventTime":"71'","eventType":"type-substitution","main":"D. Ndabashinze"},{"additional":"F. Lampard","eventTime":"68'","eventType":"type-substitution","main":"S. Kalou"},{"additional":"A. Masuero","eventTime":"46'","eventType":"type-substitution","main":"F. Camus"},{"additional":"A. Cole","eventTime":"46'","eventType":"type-substitution","main":"Paulo Ferreira"},{"additional":"Yellow Card","eventTime":"42'","eventType":"type-yellow_card","main":"D. Pudil"},{"additional":"F. Malouda","eventTime":"42'","eventType":"type-goal","main":"B. Ivanović"},{"additional":"Raul Meireles","eventTime":"27'","eventType":"type-goal","main":"Fernando Torres"},{"additional":"Yellow Card","eventTime":"18'","eventType":"type-yellow_card","main":"David Luiz"},{"additional":"Yellow Card","eventTime":"15'","eventType":"type-yellow_card","main":"K. Hyland"},{"additional":"F. Lampard","eventTime":"11'","eventType":"type-goal","main":"Fernando Torres"},{"additional":"A. Cole","eventTime":"8'","eventType":"type-goal","main":"Raul Meireles"}],"stats":{"awayGates":"0","awayPasses":"0","awayPossession":100.0,"awayShots":"0","homeGates":"0","homePasses":"0","homePossession":0.0,"homeShots":"0"},"competition":"UEFA Champions League","date":"2011-10-19","match":"chelsea-v-genk"}