{"result":{"awayTeamName":"Trabzonspor","homeTeamName":"CSKA Moskva","location":"Stadion Luzhniki","score":"3 - 0","startDate":"2011-10-18T16:00:00+00:00"},"events":[{"additional":"Halil Altıntop","eventTime":"90' + 1'","eventType":"type-substitution","main":"A. Akgün"},{"additional":"S. Doumbia","eventTime":"87'","eventType":"type-substitution","main":"E. Rahimić"},{"additional":"A. Dzagoev","eventTime":"86'","eventType":"type-goal","main":"S. Doumbia"},{"additional":"Vágner Love","eventTime":"76'","eventType":"type-goal","main":"A. Cauņa"},{"additional":"M. Čech","eventTime":"75'","eventType":"type-substitution","main":"M. Sapara"},{"additional":"Yellow Card","eventTime":"74'","eventType":"type-yellow_card","main":"G. Colman"},{"additional":"P. Mamaev","eventTime":"70'","eventType":"type-substitution","main":"D. Šemberas"},{"additional":"Z. Tošić","eventTime":"62'","eventType":"type-substitution","main":"A. Cauņa"},{"additional":"Alanzinho","eventTime":"46'","eventType":"type-substitution","main":"Paweł Brożek"},{"additional":"Yellow Card","eventTime":"42'","eventType":"type-yellow_card","main":"D. Zokora"},{"additional":"Vágner Love","eventTime":"29'","eventType":"type-goal","main":"S. Doumbia"},{"additional":"Yellow Card","eventTime":"22'","eventType":"type-yellow_card","main":"A. Glowacki"},{"additional":"Yellow Card","eventTime":"15'","eventType":"type-yellow_card","main":"P. Mamaev"}],"stats":{"awayGates":"0","awayPasses":"0","awayPossession":100.0,"awayShots":"0","homeGates":"0","homePasses":"0","homePossession":0.0,"homeShots":"0"},"competition":"UEFA Champions League","date":"2011-10-19","match":"cska-moskva-v-trabzonspor"}