{"result":{"awayTeamName":"Ajax","homeTeamName":"Dinamo Zagreb","location":"Stadion Maksimir","score":"0 - 2","startDate":"2011-10-18T18:45:00+00:00"},"events":[{"additional":"C. Eriksen","eventTime":"90' + 3'","eventType":"type-substitution","main":"N. Lodeiro"},{"additional":"D. Bulykin","eventTime":"90'","eventType":"type-goal","main":"C. Eriksen"},{"additional":"Yellow Card","eventTime":"86'","eventType":"type-yellow_card","main":"I. Tomečak"},{"additional":"A. Calello","eventTime":"80'","eventType":"type-substitution","main":"I. Tomečak"},{"additional":"Yellow Card","eventTime":"76'","eventType":"type-yellow_card","main":"J. Šimunić"},{"additional":"D. Boerrigter","eventTime":"70'","eventType":"type-substitution","main":"D. Bulykin"},{"additional":"F. Bećiraj","eventTime":"70'","eventType":"type-substitution","main":"N. Pokrivač"},{"additional":"Yellow Card","eventTime":"60'","eventType":"type-yellow_card","main":"Sammir"},{"additional":"M. Sulejmani","eventTime":"49'","eventType":"type-goal","main":"D. Boerrigter"},{"additional":"Yellow Card","eventTime":"45' + 3'","eventType":"type-yellow_card","main":"D. Boerrigter"},{"additional":"Yellow Card","eventTime":"45' + 2'","eventType":"type-yellow_card","main":"L. Ibáñez"},{"additional":"M. Badelj","eventTime":"46'","eventType":"type-substitution","main":"M. Kovačić"},{"additional":"Yellow Card","eventTime":"26'","eventType":"type-yellow_card","main":"A. Calello"},{"additional":"Yellow Card","eventTime":"13'","eventType":"type-yellow_card","main":"D. Vida"}],"stats":{"awayGates":"0","awayPasses":"0","awayPossession":100.0,"awayShots":"0","homeGates":"0","homePasses":"0","homePossession":0.0,"homeShots":"0"},"competition":"UEFA Champions League","date":"2011-10-19","match":"dinamo-zagreb-v-ajax"}