{"result":{"awayTeamName":"Internazionale","homeTeamName":"Lille","location":"Stadium Nord Lille Métropole","score":"0 - 1","startDate":"2011-10-18T18:45:00+00:00"},"events":[{"additional":"G. Pazzini","eventTime":"81'","eventType":"type-substitution","main":"D. Milito"},{"additional":"F. Balmont","eventTime":"80'","eventType":"type-substitution","main":"I. Gueye"},{"additional":"J. Cole","eventTime":"74'","eventType":"type-substitution","main":"L. Obraniak"},{"additional":"W. Sneijder","eventTime":"67'","eventType":"type-substitution","main":"D. Stanković"},{"additional":"M. Zárate","eventTime":"63'","eventType":"type-substitution","main":"J. Obi"},{"additional":"B. Pedretti","eventTime":"63'","eventType":"type-substitution","main":"D. Payet"},{"additional":"Yellow Card","eventTime":"55'","eventType":"type-yellow_card","main":"B. Pedretti"},{"additional":"Yellow Card","eventTime":"51'","eventType":"type-yellow_card","main":"T. Motta"},{"additional":"Yellow Card","eventTime":"43'","eventType":"type-yellow_card","main":"A. Chedjou"},{"additional":"Yellow Card","eventTime":"41'","eventType":"type-yellow_card","main":"C. Chivu"},{"additional":"M. Zárate","eventTime":"21'","eventType":"type-goal","main":"G. Pazzini"}],"stats":{"awayGates":"0","awayPasses":"0","awayPossession":100.0,"awayShots":"0","homeGates":"0","homePasses":"0","homePossession":0.0,"homeShots":"0"},"competition":"UEFA Champions League","date":"2011-10-19","match":"lille-v-internazionale"}