{"result":{"awayTeamName":"Villarreal","homeTeamName":"Manchester City","location":"Etihad Stadium","score":"2 - 1","startDate":"2011-10-18T18:45:00+00:00"},"events":[{"additional":"Yellow Card","eventTime":"90' + 4'","eventType":"type-yellow_card","main":"Diego López"},{"additional":"P. Zabaleta","eventTime":"90' + 4'","eventType":"type-goal","main":"S. Agüero"},{"additional":"Yellow Card","eventTime":"90' + 2'","eventType":"type-yellow_card","main":"Mario Gaspar"},{"additional":"J. de Guzmán","eventTime":"88'","eventType":"type-substitution","main":"Marcos Gullón"},{"additional":"Cani","eventTime":"82'","eventType":"type-substitution","main":"Mario Gaspar"},{"additional":"H. Pérez","eventTime":"80'","eventType":"type-substitution","main":"M. Wakaso"},{"additional":"S. Nasri","eventTime":"80'","eventType":"type-substitution","main":"J. Milner"},{"additional":"Yellow Card","eventTime":"68'","eventType":"type-yellow_card","main":"G. Rossi"},{"additional":"N. de Jong","eventTime":"62'","eventType":"type-substitution","main":"S. Agüero"},{"additional":"Own Goal","eventTime":"43'","eventType":"type-own_goal","main":"Marchena"},{"additional":"A. Johnson","eventTime":"40'","eventType":"type-substitution","main":"G. Barry"},{"additional":"Yellow Card","eventTime":"33'","eventType":"type-yellow_card","main":"Catalá"},{"additional":"G. Rossi","eventTime":"4'","eventType":"type-goal","main":"Cani"}],"stats":{"awayGates":"0","awayPasses":"0","awayPossession":100.0,"awayShots":"0","homeGates":"0","homePasses":"0","homePossession":0.0,"homeShots":"0"},"competition":"UEFA Champions League","date":"2011-10-19","match":"manchester-city-v-villarreal"}