{"result":{"awayTeamName":"BATE","homeTeamName":"Milan","location":"Stadio Giuseppe Meazza","score":"2 - 0","startDate":"2011-10-19T18:45:00+00:00"},"events":[{"additional":"A. Nesta","eventTime":"84'","eventType":"type-substitution","main":"P. Mexès"},{"additional":"K. Boateng","eventTime":"78'","eventType":"type-substitution","main":"U. Emanuelson"},{"additional":"R. Bressan","eventTime":"77'","eventType":"type-substitution","main":"A. Pavlov"},{"additional":"M. Kežman","eventTime":"71'","eventType":"type-substitution","main":"M. Skavysh"},{"additional":"A. Aquilani","eventTime":"70'","eventType":"type-goal","main":"K. Boateng"},{"additional":"D. Likhtarovich","eventTime":"66'","eventType":"type-substitution","main":"E. Olekhnovich"},{"additional":"A. Cassano","eventTime":"62'","eventType":"type-substitution","main":"Robinho"},{"additional":"Yellow Card","eventTime":"44'","eventType":"type-yellow_card","main":"M. Simić"},{"additional":"Yellow Card","eventTime":"43'","eventType":"type-yellow_card","main":"M. Bordachev"},{"additional":"Yellow Card","eventTime":"39'","eventType":"type-yellow_card","main":"A. Nocerino"},{"additional":"Goal","eventTime":"33'","eventType":"type-goal","main":"Z. Ibrahimović"}],"stats":{"awayGates":"0","awayPasses":"0","awayPossession":100.0,"awayShots":"0","homeGates":"0","homePasses":"0","homePossession":0.0,"homeShots":"0"},"competition":"UEFA Champions League","date":"2011-10-19","match":"milan-v-bate"}