{"result":{"awayTeamName":"Bayern München","homeTeamName":"Napoli","location":"Stadio San Paolo","score":"1 - 1","startDate":"2011-10-18T18:45:00+00:00"},"events":[{"additional":"M. Gómez","eventTime":"90' + 4'","eventType":"type-substitution","main":"Luiz Gustavo"},{"additional":"M. Hamšík","eventTime":"90' + 2'","eventType":"type-substitution","main":"G. Mascara"},{"additional":"F. Ribéry","eventTime":"90'","eventType":"type-substitution","main":"D. Alaba"},{"additional":"G. İnler","eventTime":"90'","eventType":"type-substitution","main":"M. Santana"},{"additional":"Yellow Card","eventTime":"84'","eventType":"type-yellow_card","main":"T. Kroos"},{"additional":"E. Cavani","eventTime":"81'","eventType":"type-substitution","main":"B. Džemaili"},{"additional":"Yellow Card","eventTime":"79'","eventType":"type-yellow_card","main":"T. Müller"},{"additional":"Yellow Card","eventTime":"65'","eventType":"type-yellow_card","main":"E. Lavezzi"},{"additional":"Yellow Card","eventTime":"59'","eventType":"type-yellow_card","main":"F. Ribéry"},{"additional":"Penalty Miss","eventTime":"49'","eventType":"type-penalty_miss","main":"M. Gómez"},{"additional":"Penalty Save","eventTime":"49'","eventType":"type-penalty_save","main":"M. De Sanctis"},{"additional":"Yellow Card","eventTime":"44'","eventType":"type-yellow_card","main":"C. Zúñiga"},{"additional":"Yellow Card","eventTime":"42'","eventType":"type-yellow_card","main":"C. Maggio"},{"additional":"Own Goal","eventTime":"39'","eventType":"type-own_goal","main":"H. Badstuber"},{"additional":"Yellow Card","eventTime":"28'","eventType":"type-yellow_card","main":"B. Schweinsteiger"},{"additional":"Yellow Card","eventTime":"28'","eventType":"type-yellow_card","main":"P. Cannavaro"},{"additional":"Yellow Card","eventTime":"7'","eventType":"type-yellow_card","main":"H. Badstuber"},{"additional":"J. Boateng","eventTime":"2'","eventType":"type-goal","main":"T. Kroos"}],"stats":{"awayGates":"0","awayPasses":"0","awayPossession":100.0,"awayShots":"0","homeGates":"0","homePasses":"0","homePossession":0.0,"homeShots":"0"},"competition":"UEFA Champions League","date":"2011-10-19","match":"napoli-v-bayern-m%C3%BCnchen"}