{"result":{"awayTeamName":"Manchester United","homeTeamName":"Oţelul","location":"Arena Naţională","score":"0 - 2","startDate":"2011-10-18T18:45:00+00:00"},"events":[{"additional":"Penalty Goal","eventTime":"90' + 2'","eventType":"type-penalty_goal","main":"W. Rooney"},{"additional":"Yellow 2nd/RC","eventTime":"89'","eventType":"type-second_yellow_card","main":"M. Perendija"},{"additional":"B. Punoševac","eventTime":"87'","eventType":"type-substitution","main":"G. Viglianti"},{"additional":"S. Frunză","eventTime":"83'","eventType":"type-substitution","main":"S. Ilie"},{"additional":"Yellow Card","eventTime":"81'","eventType":"type-yellow_card","main":"G. Giurgiu"},{"additional":"Fábio","eventTime":"76'","eventType":"type-substitution","main":"P. Jones"},{"additional":"I. Neagu","eventTime":"72'","eventType":"type-substitution","main":"M. Pena"},{"additional":"A. Valencia","eventTime":"71'","eventType":"type-substitution","main":"J. Evans"},{"additional":"Red Card","eventTime":"66'","eventType":"type-red_card","main":"N. Vidić"},{"additional":"Yellow Card","eventTime":"64'","eventType":"type-yellow_card","main":"S. Costin"},{"additional":"Penalty Goal","eventTime":"64'","eventType":"type-penalty_goal","main":"W. Rooney"},{"additional":"Yellow Card","eventTime":"62'","eventType":"type-yellow_card","main":"I. Neagu"},{"additional":"Yellow Card","eventTime":"56'","eventType":"type-yellow_card","main":"M. Perendija"},{"additional":"Yellow Card","eventTime":"55'","eventType":"type-yellow_card","main":"M. Carrick"},{"additional":"Yellow Card","eventTime":"52'","eventType":"type-yellow_card","main":"C. Râpă"}],"stats":{"awayGates":"0","awayPasses":"0","awayPossession":100.0,"awayShots":"0","homeGates":"0","homePasses":"0","homePossession":0.0,"homeShots":"0"},"competition":"UEFA Champions League","date":"2011-10-19","match":"o%C5%A3elul-v-manchester-united"}