{"result":{"awayTeamName":"Arsenal","homeTeamName":"Olympique Marseille","location":"Orange Vélodrome","score":"0 - 1","startDate":"2011-10-19T18:45:00+00:00"},"events":[{"additional":"Y. Gervinho","eventTime":"90' + 2'","eventType":"type-goal","main":"A. Ramsey"},{"additional":"B. Cheyrou","eventTime":"87'","eventType":"type-substitution","main":"C. Kaboré"},{"additional":"Yellow Card","eventTime":"84'","eventType":"type-yellow_card","main":"A. Gignac"},{"additional":"A. Arshavin","eventTime":"78'","eventType":"type-substitution","main":"A. Ramsey"},{"additional":"Yellow Card","eventTime":"74'","eventType":"type-yellow_card","main":"J. Djourou"},{"additional":"L. González","eventTime":"73'","eventType":"type-substitution","main":"M. Amalfitano"},{"additional":"L. Rémy","eventTime":"69'","eventType":"type-substitution","main":"A. Gignac"},{"additional":"T. Walcott","eventTime":"67'","eventType":"type-substitution","main":"Y. Gervinho"},{"additional":"C. Jenkinson","eventTime":"62'","eventType":"type-substitution","main":"J. Djourou"},{"additional":"Yellow Card","eventTime":"49'","eventType":"type-yellow_card","main":"S. Diawara"},{"additional":"Yellow Card","eventTime":"16'","eventType":"type-yellow_card","main":"André Santos"},{"additional":"Yellow Card","eventTime":"14'","eventType":"type-yellow_card","main":"A. Ayew"},{"additional":"Yellow Card","eventTime":"4'","eventType":"type-yellow_card","main":"A. Song"}],"stats":{"awayGates":"0","awayPasses":"0","awayPossession":100.0,"awayShots":"0","homeGates":"0","homePasses":"0","homePossession":0.0,"homeShots":"0"},"competition":"UEFA Champions League","date":"2011-10-19","match":"olympique-marseille-v-arsenal"}