{"result":{"awayTeamName":"Borussia Dortmund","homeTeamName":"Olympiakos Piraeus","location":"Stadio Georgios Karaiskáki","score":"3 - 1","startDate":"2011-10-19T18:45:00+00:00"},"events":[{"additional":"K. Mirallas","eventTime":"90'","eventType":"type-substitution","main":"I. Fetfatzidis"},{"additional":"R. Djebbour","eventTime":"87'","eventType":"type-substitution","main":"M. Pantelić"},{"additional":"M. Götze","eventTime":"81'","eventType":"type-substitution","main":"K. Großkreutz"},{"additional":"Ariel Ibagaza","eventTime":"78'","eventType":"type-goal","main":"F. Modesto"},{"additional":"J. Makoun","eventTime":"73'","eventType":"type-substitution","main":"G. Maniatis"},{"additional":"S. Kagawa","eventTime":"66'","eventType":"type-substitution","main":"J. Błaszczykowski"},{"additional":"Yellow Card","eventTime":"59'","eventType":"type-yellow_card","main":"M. Schmelzer"},{"additional":"İ. Gündoğan","eventTime":"56'","eventType":"type-substitution","main":"M. Leitner"},{"additional":"K. Mirallas","eventTime":"40'","eventType":"type-goal","main":"R. Djebbour"},{"additional":"M. Götze","eventTime":"26'","eventType":"type-goal","main":"R. Lewandowski"},{"additional":"Ivan Marcano","eventTime":"8'","eventType":"type-goal","main":"J. Holebas"}],"stats":{"awayGates":"0","awayPasses":"0","awayPossession":100.0,"awayShots":"0","homeGates":"0","homePasses":"0","homePossession":0.0,"homeShots":"0"},"competition":"UEFA Champions League","date":"2011-10-19","match":"olympiakos-piraeus-v-borussia-dortmund"}