{"result":{"awayTeamName":"APOEL","homeTeamName":"Porto","location":"Estádio Do Dragão","score":"1 - 1","startDate":"2011-10-19T18:45:00+00:00"},"events":[{"additional":"Yellow Card","eventTime":"90' + 4'","eventType":"type-yellow_card","main":"Hulk"},{"additional":"I. Trichkovski","eventTime":"90' + 2'","eventType":"type-substitution","main":"A. Adorno"},{"additional":"Yellow Card","eventTime":"84'","eventType":"type-yellow_card","main":"Kaká"},{"additional":"Yellow Card","eventTime":"84'","eventType":"type-yellow_card","main":"F. Guarín"},{"additional":"Yellow Card","eventTime":"78'","eventType":"type-yellow_card","main":"Á. Pereira"},{"additional":"João Moutinho","eventTime":"78'","eventType":"type-substitution","main":"S. Defour"},{"additional":"Yellow Card","eventTime":"73'","eventType":"type-yellow_card","main":"C. Săpunaru"},{"additional":"Gustavo Manduca","eventTime":"72'","eventType":"type-substitution","main":"S. Jahić"},{"additional":"J. Rodríguez","eventTime":"69'","eventType":"type-substitution","main":"Silvestre Varela"},{"additional":"Fernando","eventTime":"69'","eventType":"type-substitution","main":"F. Belluschi"},{"additional":"Yellow Card","eventTime":"54'","eventType":"type-yellow_card","main":"J. Rodríguez"},{"additional":"D. Chiotis","eventTime":"52'","eventType":"type-substitution","main":"U. Pardo"},{"additional":"Yellow Card","eventTime":"49'","eventType":"type-yellow_card","main":"Rolando"},{"additional":"Yellow Card","eventTime":"47'","eventType":"type-yellow_card","main":"I. Trichkovski"},{"additional":"Yellow Card","eventTime":"45' + 2'","eventType":"type-yellow_card","main":"Kléber"},{"additional":"Yellow Card","eventTime":"29'","eventType":"type-yellow_card","main":"N. Otamendi"},{"additional":"Yellow Card","eventTime":"28'","eventType":"type-yellow_card","main":"Helio Pinto"},{"additional":"K. Charalambidis","eventTime":"19'","eventType":"type-goal","main":"Aílton Almeida"},{"additional":"Goal","eventTime":"13'","eventType":"type-goal","main":"Hulk"}],"stats":{"awayGates":"0","awayPasses":"0","awayPossession":100.0,"awayShots":"0","homeGates":"0","homePasses":"0","homePossession":0.0,"homeShots":"0"},"competition":"UEFA Champions League","date":"2011-10-19","match":"porto-v-apoel"}