{"result":{"awayTeamName":"Olympique Lyonnais","homeTeamName":"Real Madrid","location":"Estadio Santiago Bernabéu","score":"4 - 0","startDate":"2011-10-18T18:45:00+00:00"},"events":[{"additional":"Yellow Card","eventTime":"85'","eventType":"type-yellow_card","main":"Cristiano Ronaldo"},{"additional":"Kaká","eventTime":"81'","eventType":"type-goal","main":"Sergio Ramos"},{"additional":"B. Gomis","eventTime":"80'","eventType":"type-substitution","main":"M. Dabo"},{"additional":"Yellow Card","eventTime":"75'","eventType":"type-yellow_card","main":"J. Briand"},{"additional":"K. Benzema","eventTime":"72'","eventType":"type-substitution","main":"G. Higuaín"},{"additional":"Yellow Card","eventTime":"69'","eventType":"type-yellow_card","main":"Bakary Koné"},{"additional":"Y. Gourcuff","eventTime":"66'","eventType":"type-substitution","main":"Ederson"},{"additional":"M. Özil","eventTime":"66'","eventType":"type-substitution","main":"Kaká"},{"additional":"S. Khedira","eventTime":"61'","eventType":"type-substitution","main":"Fábio Coentrão"},{"additional":"Own Goal","eventTime":"55'","eventType":"type-own_goal","main":"H. Lloris"},{"additional":"K. Benzema","eventTime":"47'","eventType":"type-goal","main":"S. Khedira"},{"additional":"Yellow Card","eventTime":"40'","eventType":"type-yellow_card","main":"Xabi Alonso"},{"additional":"Cristiano Ronaldo","eventTime":"19'","eventType":"type-goal","main":"K. Benzema"}],"stats":{"awayGates":"0","awayPasses":"0","awayPossession":100.0,"awayShots":"0","homeGates":"0","homePasses":"0","homePossession":0.0,"homeShots":"0"},"competition":"UEFA Champions League","date":"2011-10-19","match":"real-madrid-v-olympique-lyonnais"}