{"result":{"awayTeamName":"Zenit","homeTeamName":"Shakhtar Donetsk","location":"Donbass Arena","score":"2 - 2","startDate":"2011-10-19T18:45:00+00:00"},"events":[{"additional":"K. Zyryanov","eventTime":"90' + 1'","eventType":"type-substitution","main":"S. Semak"},{"additional":"Douglas Costa","eventTime":"75'","eventType":"type-substitution","main":"Alex Teixeira"},{"additional":"A. Bukharov","eventTime":"74'","eventType":"type-substitution","main":"D. Lazović"},{"additional":"O. Chizhov","eventTime":"73'","eventType":"type-substitution","main":"O. Kucher"},{"additional":"Jádson","eventTime":"67'","eventType":"type-substitution","main":"H. Mkhitaryan"},{"additional":"Yellow Card","eventTime":"62'","eventType":"type-yellow_card","main":"D. Criscito"},{"additional":"Yellow Card","eventTime":"62'","eventType":"type-yellow_card","main":"D. Srna"},{"additional":"Goal","eventTime":"60'","eventType":"type-goal","main":"V. Faizulin"},{"additional":"Yellow Card","eventTime":"58'","eventType":"type-yellow_card","main":"O. Chizhov"},{"additional":"R. Raț","eventTime":"45' + 1'","eventType":"type-goal","main":"Luiz Adriano"},{"additional":"A. Bukharov","eventTime":"33'","eventType":"type-goal","main":"R. Shirokov"},{"additional":"Jádson","eventTime":"15'","eventType":"type-goal","main":"Willian"},{"additional":"Penalty Miss","eventTime":"10'","eventType":"type-penalty_miss","main":"R. Shirokov"},{"additional":"Penalty Save","eventTime":"10'","eventType":"type-penalty_save","main":"O. Rybka"},{"additional":"Yellow Card","eventTime":"3'","eventType":"type-yellow_card","main":"Bruno Alves"}],"stats":{"awayGates":"0","awayPasses":"0","awayPossession":100.0,"awayShots":"0","homeGates":"0","homePasses":"0","homePossession":0.0,"homeShots":"0"},"competition":"UEFA Champions League","date":"2011-10-19","match":"shakhtar-donetsk-v-zenit"}