{"result":{"awayTeamName":"Athletic Club","homeTeamName":"Atlético Madrid","location":"Estadio Vicente Calderón","score":"4 - 0","startDate":"2012-08-27T20:00:00+00:00"},"events":[{"additional":"Yellow Card","eventTime":"90' + 1'","eventType":"type-yellow_card","main":"De Marcos"},{"additional":"Goal","eventTime":"84'","eventType":"type-goal","main":"Tiago"},{"additional":"R. Falcao","eventTime":"81'","eventType":"type-substitution","main":"Tiago"},{"additional":"Yellow Card","eventTime":"80'","eventType":"type-yellow_card","main":"Gabi"},{"additional":"Cristian Rodríguez","eventTime":"71'","eventType":"type-substitution","main":"Diego Costa"},{"additional":"A. Turan","eventTime":"64'","eventType":"type-substitution","main":"Adrián"},{"additional":"Ander Herrera","eventTime":"61'","eventType":"type-substitution","main":"Ruiz de Galarreta"},{"additional":"Penalty Goal","eventTime":"59'","eventType":"type-penalty_goal","main":"R. Falcao"},{"additional":"Susaeta","eventTime":"46'","eventType":"type-substitution","main":"Ibai Gómez"},{"additional":"San José","eventTime":"46'","eventType":"type-substitution","main":"Muniain"},{"additional":"Yellow Card","eventTime":"45'","eventType":"type-yellow_card","main":"João Miranda"},{"additional":"Yellow Card","eventTime":"44'","eventType":"type-yellow_card","main":"Filipe Luis"},{"additional":"D. Godín","eventTime":"42'","eventType":"type-goal","main":"R. Falcao"},{"additional":"Yellow Card","eventTime":"35'","eventType":"type-yellow_card","main":"Iñigo Pérez"},{"additional":"Filipe Luis","eventTime":"20'","eventType":"type-goal","main":"R. Falcao"},{"additional":"Yellow Card","eventTime":"12'","eventType":"type-yellow_card","main":"Gurpegi"}],"stats":{"awayGates":"0","awayPasses":"0","awayPossession":100.0,"awayShots":"0","homeGates":"0","homePasses":"0","homePossession":0.0,"homeShots":"0"},"competition":"Primera División","date":"2012-08-27","match":"atl%C3%A9tico-madrid-v-athletic-club"}