{"result":{"awayTeamName":"Real Madrid","homeTeamName":"Getafe","location":"Coliseum Alfonso Pérez","score":"2 - 1","startDate":"2012-08-26T19:00:00+00:00"},"events":[{"additional":"Red Card","eventTime":"90' + 3'","eventType":"type-red_card","main":"Fábio Coentrão"},{"additional":"Yellow Card","eventTime":"89'","eventType":"type-yellow_card","main":"Xavi Torres"},{"additional":"A. Barrada","eventTime":"85'","eventType":"type-substitution","main":"M. Lacen"},{"additional":"Á. Di María","eventTime":"79'","eventType":"type-substitution","main":"Álvaro Morata"},{"additional":"Yellow Card","eventTime":"76'","eventType":"type-yellow_card","main":"Albiol"},{"additional":"Adrián Colunga","eventTime":"75'","eventType":"type-goal","main":"A. Barrada"},{"additional":"Marcelo","eventTime":"74'","eventType":"type-substitution","main":"José Callejón"},{"additional":"N. Fedor","eventTime":"70'","eventType":"type-substitution","main":"Adrián Colunga"},{"additional":"L. Diarra","eventTime":"59'","eventType":"type-substitution","main":"K. Benzema"},{"additional":"Yellow Card","eventTime":"54'","eventType":"type-yellow_card","main":"Míchel"},{"additional":"A. Barrada","eventTime":"53'","eventType":"type-goal","main":"Juan Valera"},{"additional":"D. Abraham","eventTime":"50'","eventType":"type-substitution","main":"Lopo"},{"additional":"Yellow Card","eventTime":"44'","eventType":"type-yellow_card","main":"Juan Valera"},{"additional":"Á. Di María","eventTime":"27'","eventType":"type-goal","main":"G. Higuaín"}],"stats":{"awayGates":"0","awayPasses":"0","awayPossession":100.0,"awayShots":"0","homeGates":"0","homePasses":"0","homePossession":0.0,"homeShots":"0"},"competition":"Primera División","date":"2012-08-27","match":"getafe-v-real-madrid"}