{"result":{"awayTeamName":"Sevilla","homeTeamName":"Granada","location":"Estadio Nuevo Los Cármenes","score":"1 - 1","startDate":"2012-08-26T19:00:00+00:00"},"events":[{"additional":"I. Rakitić","eventTime":"89'","eventType":"type-substitution","main":"Juan Cala"},{"additional":"Yellow Card","eventTime":"84'","eventType":"type-yellow_card","main":"Íñigo López"},{"additional":"Iriney Santos","eventTime":"81'","eventType":"type-substitution","main":"Juanma Ortiz"},{"additional":"Yellow Card","eventTime":"76'","eventType":"type-yellow_card","main":"I. Rakitić"},{"additional":"Y. El-Arabi","eventTime":"73'","eventType":"type-substitution","main":"D. Machís"},{"additional":"Yellow Card","eventTime":"71'","eventType":"type-yellow_card","main":"Iriney Santos"},{"additional":"Jaime Romero","eventTime":"64'","eventType":"type-substitution","main":"G. Torje"},{"additional":"Yellow Card","eventTime":"61'","eventType":"type-yellow_card","main":"Botía"},{"additional":"F. Fazio","eventTime":"46'","eventType":"type-substitution","main":"Botía"},{"additional":"Goal","eventTime":"44'","eventType":"type-goal","main":"Álvaro Negredo"},{"additional":"Penalty Miss","eventTime":"36'","eventType":"type-penalty_miss","main":"Guilherme Siqueira"},{"additional":"Penalty Save","eventTime":"36'","eventType":"type-penalty_save","main":"Palop"},{"additional":"Goal","eventTime":"36'","eventType":"type-goal","main":"Mikel Rico"},{"additional":"José Antonio Reyes","eventTime":"35'","eventType":"type-substitution","main":"Palop"},{"additional":"Red Card","eventTime":"34'","eventType":"type-red_card","main":"Diego López"},{"additional":"Yellow Card","eventTime":"8'","eventType":"type-yellow_card","main":"Guilherme Siqueira"}],"stats":{"awayGates":"0","awayPasses":"0","awayPossession":100.0,"awayShots":"0","homeGates":"0","homePasses":"0","homePossession":0.0,"homeShots":"0"},"competition":"Primera División","date":"2012-08-27","match":"granada-v-sevilla"}