{"result":{"awayTeamName":"Barcelona","homeTeamName":"Osasuna","location":"Estadio El Sadar","score":"1 - 2","startDate":"2012-08-26T17:00:00+00:00"},"events":[{"additional":"Yellow Card","eventTime":"87'","eventType":"type-yellow_card","main":"Lolo"},{"additional":"Yellow Card","eventTime":"81'","eventType":"type-yellow_card","main":"Puyol"},{"additional":"Cejudo","eventTime":"80'","eventType":"type-substitution","main":"Lolo"},{"additional":"Jordi Alba","eventTime":"80'","eventType":"type-goal","main":"L. Messi"},{"additional":"Yellow Card","eventTime":"79'","eventType":"type-yellow_card","main":"Piqué"},{"additional":"Yellow Card","eventTime":"79'","eventType":"type-yellow_card","main":"R. Lamah"},{"additional":"Sisinio","eventTime":"78'","eventType":"type-substitution","main":"Timor"},{"additional":"A. Sánchez","eventTime":"76'","eventType":"type-goal","main":"L. Messi"},{"additional":"Cristian Tello","eventTime":"75'","eventType":"type-substitution","main":"David Villa"},{"additional":"Red Card","eventTime":"75'","eventType":"type-red_card","main":"Puñal"},{"additional":"Iniesta","eventTime":"70'","eventType":"type-substitution","main":"Xavi"},{"additional":"Joseba Llorente","eventTime":"69'","eventType":"type-substitution","main":"Nino"},{"additional":"Fàbregas","eventTime":"63'","eventType":"type-substitution","main":"Pedro"},{"additional":"Yellow Card","eventTime":"52'","eventType":"type-yellow_card","main":"Miguel Flaño"},{"additional":"Yellow Card","eventTime":"48'","eventType":"type-yellow_card","main":"Cejudo"},{"additional":"Yellow Card","eventTime":"37'","eventType":"type-yellow_card","main":"Damià"},{"additional":"Yellow Card","eventTime":"36'","eventType":"type-yellow_card","main":"Sergio Busquets"},{"additional":"Yellow Card","eventTime":"27'","eventType":"type-yellow_card","main":"Sisinio"},{"additional":"R. Lamah","eventTime":"17'","eventType":"type-goal","main":"Joseba Llorente"}],"stats":{"awayGates":"0","awayPasses":"0","awayPossession":100.0,"awayShots":"0","homeGates":"0","homePasses":"0","homePossession":0.0,"homeShots":"0"},"competition":"Primera División","date":"2012-08-27","match":"osasuna-v-barcelona"}