{"result":{"awayTeamName":"Levante","homeTeamName":"Real Valladolid","location":"Estadio Municipal José Zorrilla","score":"2 - 0","startDate":"2012-08-27T18:00:00+00:00"},"events":[{"additional":"Yellow Card","eventTime":"88'","eventType":"type-yellow_card","main":"Ballesteros"},{"additional":"Balenziaga","eventTime":"86'","eventType":"type-substitution","main":"Peña"},{"additional":"Yellow Card","eventTime":"84'","eventType":"type-yellow_card","main":"Barkero"},{"additional":"Óscar","eventTime":"80'","eventType":"type-substitution","main":"J. Neira"},{"additional":"P. Diop","eventTime":"75'","eventType":"type-substitution","main":"D. Dudka"},{"additional":"Omar Ramos","eventTime":"66'","eventType":"type-substitution","main":"Lolo Plá"},{"additional":"Míchel","eventTime":"59'","eventType":"type-substitution","main":"N. El Zhar"},{"additional":"Yellow Card","eventTime":"58'","eventType":"type-yellow_card","main":"Álvaro Rubio"},{"additional":"Yellow Card","eventTime":"49'","eventType":"type-yellow_card","main":"Iborra"},{"additional":"Penalty Goal","eventTime":"48'","eventType":"type-penalty_goal","main":"Víctor Pérez"},{"additional":"Yellow Card","eventTime":"46'","eventType":"type-yellow_card","main":"P. Diop"},{"additional":"Ángel","eventTime":"46'","eventType":"type-substitution","main":"Héctor Rodas"},{"additional":"Penalty Goal","eventTime":"38'","eventType":"type-penalty_goal","main":"Víctor Pérez"},{"additional":"Yellow 2nd/RC","eventTime":"37'","eventType":"type-second_yellow_card","main":"David Navarro"},{"additional":"Yellow Card","eventTime":"32'","eventType":"type-yellow_card","main":"David Navarro"},{"additional":"Yellow Card","eventTime":"20'","eventType":"type-yellow_card","main":"Pedro López"}],"stats":{"awayGates":"0","awayPasses":"0","awayPossession":100.0,"awayShots":"0","homeGates":"0","homePasses":"0","homePossession":0.0,"homeShots":"0"},"competition":"Primera División","date":"2012-08-27","match":"real-valladolid-v-levante"}