{"result":{"awayTeamName":"Deportivo La Coruña","homeTeamName":"Valencia","location":"Estadio de Mestalla","score":"3 - 3","startDate":"2012-08-26T21:00:00+00:00"},"events":[{"additional":"Yellow Card","eventTime":"90'","eventType":"type-yellow_card","main":"Dani Parejo"},{"additional":"Yellow Card","eventTime":"84'","eventType":"type-yellow_card","main":"Víctor Ruíz"},{"additional":"Riki","eventTime":"81'","eventType":"type-substitution","main":"Camuñas"},{"additional":"Yellow Card","eventTime":"79'","eventType":"type-yellow_card","main":"João Pereira"},{"additional":"Jonas","eventTime":"77'","eventType":"type-substitution","main":"A. Rami"},{"additional":"Penalty Goal","eventTime":"76'","eventType":"type-penalty_goal","main":"Pizzi"},{"additional":"Yellow 2nd/RC","eventTime":"75'","eventType":"type-second_yellow_card","main":"Ricardo Costa"},{"additional":"Yellow Card","eventTime":"70'","eventType":"type-yellow_card","main":"Nélson Oliveira"},{"additional":"J. Mathieu","eventTime":"70'","eventType":"type-substitution","main":"Juan Bernat"},{"additional":"Yellow Card","eventTime":"63'","eventType":"type-yellow_card","main":"J. Mathieu"},{"additional":"Valerón","eventTime":"59'","eventType":"type-substitution","main":"Nélson Oliveira"},{"additional":"Aythami Artiles","eventTime":"59'","eventType":"type-goal","main":"A. Aguilar"},{"additional":"Aranzubia","eventTime":"46'","eventType":"type-substitution","main":"G. Lux"},{"additional":"Dani Parejo","eventTime":"41'","eventType":"type-goal","main":"S. Feghouli"},{"additional":"Goal","eventTime":"38'","eventType":"type-goal","main":"A. Aguilar"},{"additional":"F. Gago","eventTime":"38'","eventType":"type-substitution","main":"Dani Parejo"},{"additional":"Jonas","eventTime":"28'","eventType":"type-goal","main":"Soldado"},{"additional":"Yellow Card","eventTime":"27'","eventType":"type-yellow_card","main":"Marchena"},{"additional":"Yellow Card","eventTime":"20'","eventType":"type-yellow_card","main":"Ricardo Costa"},{"additional":"Jonas","eventTime":"11'","eventType":"type-goal","main":"Soldado"}],"stats":{"awayGates":"0","awayPasses":"0","awayPossession":100.0,"awayShots":"0","homeGates":"0","homePasses":"0","homePossession":0.0,"homeShots":"0"},"competition":"Primera División","date":"2012-08-27","match":"valencia-v-deportivo-la-coru%C3%B1a"}