{"result":{"awayTeamName":"Manchester City","homeTeamName":"Sunderland","location":"Stadium of Light","score":"0 - 2","startDate":"2017-03-05T16:00:00+00:00"},"events":[{"additional":"L. Sané","eventTime":"89'","eventType":"type-substitution","main":"F. Delph"},{"additional":"A. Januzaj","eventTime":"82'","eventType":"type-substitution","main":"W. Khazri"},{"additional":"R. Sterling","eventTime":"82'","eventType":"type-substitution","main":"Nolito"},{"additional":"Y. Touré","eventTime":"78'","eventType":"type-substitution","main":"K. De Bruyne"},{"additional":"D. Gibson","eventTime":"69'","eventType":"type-substitution","main":"J. Rodwell"},{"additional":"Assist","eventTime":"59'","eventType":"type-assist","main":"David Silva"},{"additional":"Goal","eventTime":"59'","eventType":"type-goal","main":"L. Sané"},{"additional":"Goal","eventTime":"42'","eventType":"type-goal","main":"S. Agüero"},{"additional":"Yellow Card","eventTime":"31'","eventType":"type-yellow_card","main":"J. O'Shea"}],"stats":{"awayGates":"7","awayPasses":"718","awayPossession":70.8,"awayShots":"5","homeGates":"3","homePasses":"287","homePossession":29.2,"homeShots":"5"},"competition":"Premier League","date":"2017-03-06","match":"sunderland-v-manchester-city"}