{"result":{"awayTeamName":"Everton","homeTeamName":"Tottenham Hotspur","location":"White Hart Lane","score":"3 - 2","startDate":"2017-03-05T13:30:00+00:00"},"events":[{"additional":"Yellow Card","eventTime":"90' + 5'","eventType":"type-yellow_card","main":"A. Williams"},{"additional":"Assist","eventTime":"90' + 3'","eventType":"type-assist","main":"R. Barkley"},{"additional":"Goal","eventTime":"90' + 3'","eventType":"type-goal","main":"E. Valencia"},{"additional":"Assist","eventTime":"90' + 2'","eventType":"type-assist","main":"H. Winks"},{"additional":"Goal","eventTime":"90' + 2'","eventType":"type-goal","main":"D. Alli"},{"additional":"H. Kane","eventTime":"90'","eventType":"type-substitution","main":"V. Janssen"},{"additional":"C. Eriksen","eventTime":"87'","eventType":"type-substitution","main":"M. Sissoko"},{"additional":"I. Gueye","eventTime":"82'","eventType":"type-substitution","main":"E. Valencia"},{"additional":"Assist","eventTime":"81'","eventType":"type-assist","main":"K. Mirallas"},{"additional":"Goal","eventTime":"81'","eventType":"type-goal","main":"R. Lukaku"},{"additional":"M. Dembélé","eventTime":"78'","eventType":"type-substitution","main":"H. Winks"},{"additional":"Yellow Card","eventTime":"76'","eventType":"type-yellow_card","main":"M. Dembélé"},{"additional":"T. Davies","eventTime":"64'","eventType":"type-substitution","main":"K. Mirallas"},{"additional":"G. Barry","eventTime":"64'","eventType":"type-substitution","main":"J. McCarthy"},{"additional":"Assist","eventTime":"56'","eventType":"type-assist","main":"D. Alli"},{"additional":"Goal","eventTime":"56'","eventType":"type-goal","main":"H. Kane"},{"additional":"Yellow Card","eventTime":"30'","eventType":"type-yellow_card","main":"I. Gueye"},{"additional":"Assist","eventTime":"20'","eventType":"type-assist","main":"B. Davies"},{"additional":"Goal","eventTime":"20'","eventType":"type-goal","main":"H. Kane"}],"stats":{"awayGates":"4","awayPasses":"440","awayPossession":48.5,"awayShots":"1","homeGates":"7","homePasses":"462","homePossession":51.5,"homeShots":"5"},"competition":"Premier League","date":"2017-03-06","match":"tottenham-hotspur-v-everton"}