{"result":{"awayTeamName":"Chelsea","homeTeamName":"West Ham United","location":"London Stadium","score":"1 - 2","startDate":"2017-03-06T20:00:00+00:00"},"events":[{"additional":"Assist","eventTime":"90' + 2'","eventType":"type-assist","main":"A. Ayew"},{"additional":"Goal","eventTime":"90' + 2'","eventType":"type-goal","main":"M. Lanzini"},{"additional":"M. Noble","eventTime":"77'","eventType":"type-substitution","main":"E. Fernandes"},{"additional":"V. Moses","eventTime":"76'","eventType":"type-substitution","main":"K. Zouma"},{"additional":"E. Hazard","eventTime":"75'","eventType":"type-substitution","main":"Willian"},{"additional":"Pedro","eventTime":"65'","eventType":"type-substitution","main":"N. Matić"},{"additional":"W. Reid","eventTime":"64'","eventType":"type-substitution","main":"S. Byram"},{"additional":"S. Feghouli","eventTime":"64'","eventType":"type-substitution","main":"A. Ayew"},{"additional":"Goal","eventTime":"50'","eventType":"type-goal","main":"Diego Costa"},{"additional":"Yellow Card","eventTime":"45' + 2'","eventType":"type-yellow_card","main":"Fàbregas"},{"additional":"Assist","eventTime":"25'","eventType":"type-assist","main":"Pedro"},{"additional":"Goal","eventTime":"25'","eventType":"type-goal","main":"E. Hazard"}],"stats":{"awayGates":"4","awayPasses":"530","awayPossession":48.2,"awayShots":"3","homeGates":"2","homePasses":"554","homePossession":51.8,"homeShots":"6"},"competition":"Premier League","date":"2017-03-06","match":"west-ham-united-v-chelsea"}