{"result":{"awayTeamName":"Real Salt Lake","homeTeamName":"Houston Dynamo","location":"BBVA Compass Stadium","score":"1 - 0","startDate":"2016-05-15T18:00:00+00:00"},"events":[{"eventType":"type-substitution"},{"eventType":"type-substitution"},{"eventType":"type-yellow_card"},{"eventType":"type-substitution"},{"eventType":"type-substitution"},{"eventType":"type-substitution"},{"eventType":"type-substitution"},{"eventType":"type-goal"},{"eventType":"type-yellow_card"}],"stats":{"awayGates":"0","awayPasses":"330","awayPossession":48.4,"awayShots":"4","homeGates":"3","homePasses":"337","homePossession":51.6,"homeShots":"7"},"competition":"MLS","date":"2016-05-16","match":"houston-dynamo-v-real-salt-lake"}