{"result":{"awayTeamName":"New York City","homeTeamName":"Portland Timbers","location":"Providence Park","score":"1 - 2","startDate":"2016-05-16T00:11:00+00:00"},"events":[{"eventType":"type-substitution"},{"eventType":"type-yellow_card"},{"eventType":"type-substitution"},{"eventType":"type-substitution"},{"eventType":"type-substitution"},{"eventType":"type-substitution"},{"eventType":"type-goal"},{"eventType":"type-substitution"},{"eventType":"type-goal"},{"eventType":"type-yellow_card"},{"eventType":"type-yellow_card"},{"eventType":"type-goal"}],"stats":{"awayGates":"6","awayPasses":"382","awayPossession":39.1,"awayShots":"4","homeGates":"8","homePasses":"578","homePossession":60.9,"homeShots":"10"},"competition":"MLS","date":"2016-05-16","match":"portland-timbers-v-new-york-city"}