{"result":{"awayTeamName":"Orlando City","homeTeamName":"Sporting KC","location":"Children's Mercy Park","score":"2 - 1","startDate":"2016-05-15T19:30:00+00:00"},"events":[{"eventType":"type-substitution"},{"eventType":"type-substitution"},{"eventType":"type-substitution"},{"eventType":"type-yellow_card"},{"eventType":"type-goal"},{"eventType":"type-goal"},{"eventType":"type-substitution"},{"eventType":"type-substitution"},{"eventType":"type-own_goal"},{"eventType":"type-substitution"},{"eventType":"type-yellow_card"}],"stats":{"awayGates":"0","awayPasses":"406","awayPossession":45.6,"awayShots":"6","homeGates":"13","homePasses":"483","homePossession":54.4,"homeShots":"13"},"competition":"MLS","date":"2016-05-16","match":"sporting-kc-v-orlando-city"}