{"result":{"awayTeamName":"Real Salt Lake","homeTeamName":"LA Galaxy","location":"Stubhub Center","score":"3 - 1","startDate":"2016-10-27T02:30:00+00:00"},"events":[{"additional":"L. Donovan","eventTime":"87'","eventType":"type-substitution","main":"J. Larentowicz"},{"additional":"E. Boateng","eventTime":"76'","eventType":"type-substitution","main":"M. Magee"},{"additional":"C. Wingert","eventTime":"74'","eventType":"type-substitution","main":"J. Allen"},{"additional":"Yellow Card","eventTime":"71'","eventType":"type-yellow_card","main":"S. Sunday"},{"additional":"J. Morales","eventTime":"68'","eventType":"type-substitution","main":"L. Mulholland"},{"additional":"Yellow Card","eventTime":"62'","eventType":"type-yellow_card","main":"B. Husidic"},{"additional":"J. Martínez","eventTime":"58'","eventType":"type-substitution","main":"Y. Movsisyan"},{"additional":"A. Gordon","eventTime":"52'","eventType":"type-substitution","main":"R. Keane"},{"additional":"Yellow Card","eventTime":"41'","eventType":"type-yellow_card","main":"C. Wingert"},{"additional":"Yellow Card","eventTime":"39'","eventType":"type-yellow_card","main":"D. Phillips"},{"additional":"A. Gordon","eventTime":"34'","eventType":"type-goal","main":"E. Boateng"},{"additional":"A. Gordon","eventTime":"26'","eventType":"type-goal","main":"E. Boateng"},{"additional":"Goal","eventTime":"21'","eventType":"type-goal","main":"J. Plata"},{"additional":"G. dos Santos","eventTime":"14'","eventType":"type-goal","main":"A. Gordon"}],"stats":{"awayGates":"5","awayPasses":"349","awayPossession":40.6,"awayShots":"4","homeGates":"3","homePasses":"523","homePossession":59.4,"homeShots":"2"},"competition":"MLS","date":"2016-10-26","match":"la-galaxy-v-real-salt-lake"}