{"result":{"awayTeamName":"Philadelphia Union","homeTeamName":"Toronto","location":"BMO Field","score":"3 - 1","startDate":"2016-10-26T23:30:00+00:00"},"events":[{"additional":"Yellow Card","eventTime":"90'","eventType":"type-yellow_card","main":"K. Tribbett"},{"additional":"J. Altidore","eventTime":"88'","eventType":"type-substitution","main":"T. Ricketts"},{"additional":"Yellow Card","eventTime":"86'","eventType":"type-yellow_card","main":"T. Barnetta"},{"additional":"Goal","eventTime":"85'","eventType":"type-goal","main":"J. Altidore"},{"additional":"K. Rosenberry","eventTime":"84'","eventType":"type-substitution","main":"C. Davies"},{"additional":"R. Marquez","eventTime":"73'","eventType":"type-goal","main":"A. Bedoya"},{"additional":"A. Cooper","eventTime":"70'","eventType":"type-substitution","main":"B. Cheyrou"},{"additional":"C. Sapong","eventTime":"70'","eventType":"type-substitution","main":"R. Alberg"},{"additional":"J. Osorio","eventTime":"66'","eventType":"type-substitution","main":"W. Johnson"},{"additional":"F. Herbers","eventTime":"59'","eventType":"type-substitution","main":"Ilsinho"},{"additional":"N. Hagglund","eventTime":"48'","eventType":"type-goal","main":"J. Osorio"},{"additional":"Yellow Card","eventTime":"45' + 1'","eventType":"type-yellow_card","main":"J. Altidore"},{"additional":"Yellow Card","eventTime":"43'","eventType":"type-yellow_card","main":"A. Bedoya"},{"additional":"Yellow Card","eventTime":"25'","eventType":"type-yellow_card","main":"C. Sapong"},{"additional":"J. Altidore","eventTime":"15'","eventType":"type-goal","main":"S. Giovinco"},{"additional":"Yellow Card","eventTime":"14'","eventType":"type-yellow_card","main":"M. Bradley"}],"stats":{"awayGates":"3","awayPasses":"484","awayPossession":57.9,"awayShots":"2","homeGates":"6","homePasses":"349","homePossession":42.1,"homeShots":"5"},"competition":"MLS","date":"2016-10-26","match":"toronto-v-philadelphia-union"}