{"result":{"awayTeamName":"Atlas","homeTeamName":"Tijuana","location":"Estadio Caliente","score":"1 - 0","startDate":"2016-10-01T02:00:00+00:00"},"events":[{"additional":"A. Hurtado","eventTime":"90'","eventType":"type-substitution","main":"J. Medina"},{"additional":"Gabriel Hauche","eventTime":"87'","eventType":"type-substitution","main":"I. Malcorra"},{"additional":"D. Moreno","eventTime":"76'","eventType":"type-substitution","main":"J. Núñez"},{"additional":"Rodolfo Salinas","eventTime":"74'","eventType":"type-substitution","main":"F. Santos"},{"additional":"B. Garnica","eventTime":"60'","eventType":"type-substitution","main":"C. Ramírez"},{"additional":"Yellow Card","eventTime":"50'","eventType":"type-yellow_card","main":"J. Salas"},{"additional":"S. Rodríguez","eventTime":"45'","eventType":"type-substitution","main":"M. Barragán"},{"additional":"Yellow Card","eventTime":"45' + 1'","eventType":"type-yellow_card","main":"D. Pérez"},{"additional":"Gabriel Hauche","eventTime":"42'","eventType":"type-goal","main":"M. Caraglio"}],"stats":{"awayGates":"3","awayPasses":"507","awayPossession":54.8,"awayShots":"8","homeGates":"10","homePasses":"434","homePossession":45.2,"homeShots":"8"},"competition":"Liga MX","date":"2016-09-30","match":"tijuana-v-atlas"}