{"result":{"awayTeamName":"Eibar","homeTeamName":"Getafe","location":"Coliseum Alfonso Pérez","score":"2 - 0","startDate":"2018-08-24T18:15:00+00:00"},"events":[{"additional":"Yellow Card","eventTime":"90' + 1'","eventType":"type-yellow_card","main":"Arbilla"},{"additional":"Goal","eventTime":"90'","eventType":"type-goal","main":"Jorge Molina"},{"additional":"Ángel","eventTime":"86'","eventType":"type-substitution","main":"L. Cabrera"},{"additional":"Joan Jordán","eventTime":"84'","eventType":"type-substitution","main":"Bebé"},{"additional":"Jaime Mata","eventTime":"80'","eventType":"type-substitution","main":"Jorge Molina"},{"additional":"Kike","eventTime":"75'","eventType":"type-substitution","main":"Charles"},{"additional":"Iván Alejo","eventTime":"71'","eventType":"type-substitution","main":"A. Ndiaye"},{"additional":"Pere Milla","eventTime":"67'","eventType":"type-substitution","main":"Pablo Hervías"},{"additional":"Yellow Card","eventTime":"46'","eventType":"type-yellow_card","main":"Iván Alejo"},{"additional":"Jaime Mata","eventTime":"18'","eventType":"type-goal","main":"Ángel"},{"additional":"Yellow Card","eventTime":"1'","eventType":"type-yellow_card","main":"D. Dakonam"}],"stats":{"awayGates":"0","awayPasses":"423","awayPossession":64.1,"awayShots":"8","homeGates":"4","homePasses":"232","homePossession":35.9,"homeShots":"3"},"competition":"Primera División","date":"2018-08-24","match":"getafe-v-eibar"}