{"result":{"awayTeamName":"Real Sociedad","homeTeamName":"Leganés","location":"Estadio Municipal de Butarque","score":"2 - 2","startDate":"2018-08-24T20:15:00+00:00"},"events":[{"additional":"Yellow Card","eventTime":"90' + 2'","eventType":"type-yellow_card","main":"J. Silva"},{"additional":"Michael Santos","eventTime":"88'","eventType":"type-goal","main":"N. El Zhar"},{"additional":"E. Muñoz","eventTime":"84'","eventType":"type-substitution","main":"Y. En-Nesyri"},{"additional":"Yellow Card","eventTime":"80'","eventType":"type-yellow_card","main":"Juanmi"},{"additional":"Mikel Oyarzabal","eventTime":"73'","eventType":"type-substitution","main":"Rubén Pardo"},{"additional":"Dani Ojeda","eventTime":"66'","eventType":"type-substitution","main":"D. Rolan"},{"additional":"Zurutuza","eventTime":"58'","eventType":"type-substitution","main":"Mikel Merino"},{"additional":"Gerard Gumbau","eventTime":"54'","eventType":"type-goal","main":"N. El Zhar"},{"additional":"Yellow Card","eventTime":"53'","eventType":"type-yellow_card","main":"Joseba Zaldúa"},{"additional":"Eraso","eventTime":"45'","eventType":"type-substitution","main":"Michael Santos"},{"additional":"Diego Llorente","eventTime":"28'","eventType":"type-substitution","main":"Aritz Elustondo"},{"additional":"Goal","eventTime":"17'","eventType":"type-goal","main":"Illarramendi"},{"additional":"Joseba Zaldúa","eventTime":"11'","eventType":"type-goal","main":"Zurutuza"}],"stats":{"awayGates":"6","awayPasses":"304","awayPossession":33.2,"awayShots":"1","homeGates":"5","homePasses":"579","homePossession":66.8,"homeShots":"9"},"competition":"Primera División","date":"2018-08-24","match":"legan%C3%A9s-v-real-sociedad"}