{"result":{"awayTeamName":"Manchester City","homeTeamName":"Aston Villa","location":"Villa Park","score":"0 - 1","startDate":"2013-03-04T20:00:00+00:00"},"events":[{"additional":"Yellow Card","eventTime":"90' + 4'","eventType":"type-yellow_card","main":"F. Delph"},{"additional":"David Silva","eventTime":"90'","eventType":"type-substitution","main":"G. Barry"},{"additional":"A. Westwood","eventTime":"86'","eventType":"type-substitution","main":"K. El Ahmadi"},{"additional":"A. Weimann","eventTime":"84'","eventType":"type-substitution","main":"S. Dawkins"},{"additional":"C. Tevez","eventTime":"75'","eventType":"type-substitution","main":"S. Nasri"},{"additional":"Yellow Card","eventTime":"75'","eventType":"type-yellow_card","main":"C. Benteke"},{"additional":"C. N'Zogbia","eventTime":"65'","eventType":"type-substitution","main":"B. Holman"},{"additional":"E. Džeko","eventTime":"45' + 1'","eventType":"type-goal","main":"C. Tevez"},{"additional":"J. Rodwell","eventTime":"25'","eventType":"type-substitution","main":"E. Džeko"}],"stats":{"awayGates":"0","awayPasses":"0","awayPossession":100.0,"awayShots":"0","homeGates":"0","homePasses":"0","homePossession":0.0,"homeShots":"0"},"competition":"Premier League","date":"2013-03-04","match":"aston-villa-v-manchester-city"}