{"result":{"awayTeamName":"Arsenal","homeTeamName":"Tottenham Hotspur","location":"White Hart Lane","score":"2 - 1","startDate":"2013-03-03T16:00:00+00:00"},"events":[{"additional":"A. Lennon","eventTime":"90' + 7'","eventType":"type-substitution","main":"W. Gallas"},{"additional":"Yellow Card","eventTime":"90' + 7'","eventType":"type-yellow_card","main":"K. Walker"},{"additional":"M. Dembélé","eventTime":"88'","eventType":"type-substitution","main":"J. Livermore"},{"additional":"Arteta","eventTime":"77'","eventType":"type-substitution","main":"L. Podolski"},{"additional":"E. Adebayor","eventTime":"67'","eventType":"type-substitution","main":"J. Defoe"},{"additional":"C. Jenkinson","eventTime":"60'","eventType":"type-substitution","main":"T. Rosický"},{"additional":"T. Walcott","eventTime":"51'","eventType":"type-goal","main":"P. Mertesacker"},{"additional":"S. Parker","eventTime":"39'","eventType":"type-goal","main":"A. Lennon"},{"additional":"G. Sigurðsson","eventTime":"37'","eventType":"type-goal","main":"G. Bale"},{"additional":"Yellow Card","eventTime":"30'","eventType":"type-yellow_card","main":"A. Ramsey"},{"additional":"Yellow Card","eventTime":"29'","eventType":"type-yellow_card","main":"J. Vertonghen"},{"additional":"Yellow Card","eventTime":"19'","eventType":"type-yellow_card","main":"E. Adebayor"}],"stats":{"awayGates":"0","awayPasses":"0","awayPossession":100.0,"awayShots":"0","homeGates":"0","homePasses":"0","homePossession":0.0,"homeShots":"0"},"competition":"Premier League","date":"2013-03-04","match":"tottenham-hotspur-v-arsenal"}