{"result":{"awayTeamName":"Freiburg","homeTeamName":"Eintracht Frankfurt","location":"Commerzbank-Arena","score":"1 - 2","startDate":"2017-03-05T14:30:00+00:00"},"events":[{"additional":"J. Schuster","eventTime":"88'","eventType":"type-substitution","main":"Torrejón"},{"additional":"F. Niederlechner","eventTime":"85'","eventType":"type-substitution","main":"N. Petersen"},{"additional":"N. Höfler","eventTime":"83'","eventType":"type-substitution","main":"A. Abrashi"},{"additional":"M. Gaćinović","eventTime":"80'","eventType":"type-substitution","main":"A. Meier"},{"additional":"Yellow Card","eventTime":"75'","eventType":"type-yellow_card","main":"B. Oczipka"},{"additional":"A. Rebić","eventTime":"74'","eventType":"type-substitution","main":"S. Tarashaj"},{"additional":"T. Tawatha","eventTime":"65'","eventType":"type-substitution","main":"A. Barkok"},{"additional":"V. Grifo","eventTime":"59'","eventType":"type-goal","main":"F. Niederlechner"},{"additional":"Yellow Card","eventTime":"38'","eventType":"type-yellow_card","main":"C. Günter"},{"additional":"Yellow Card","eventTime":"37'","eventType":"type-yellow_card","main":"M. Gaćinović"},{"additional":"N. Höfler","eventTime":"25'","eventType":"type-goal","main":"F. Niederlechner"},{"additional":"Goal","eventTime":"11'","eventType":"type-goal","main":"B. Hrgota"}],"stats":{"awayGates":"3","awayPasses":"444","awayPossession":52.9,"awayShots":"4","homeGates":"3","homePasses":"367","homePossession":47.1,"homeShots":"7"},"competition":"Bundesliga","date":"2017-03-06","match":"eintracht-frankfurt-v-freiburg"}