{"result":{"awayTeamName":"Hertha BSC","homeTeamName":"Hamburger SV","location":"Volksparkstadion","score":"1 - 0","startDate":"2017-03-05T16:30:00+00:00"},"events":[{"additional":"A. Hunt","eventTime":"89'","eventType":"type-substitution","main":"M. Gregoritsch"},{"additional":"G. Haraguchi","eventTime":"84'","eventType":"type-substitution","main":"A. Esswein"},{"additional":"A. Hunt","eventTime":"77'","eventType":"type-goal","main":"A. Ekdal"},{"additional":"Walace","eventTime":"73'","eventType":"type-substitution","main":"G. Sakai"},{"additional":"Yellow Card","eventTime":"64'","eventType":"type-yellow_card","main":"V. Darida"},{"additional":"L. Holtby","eventTime":"57'","eventType":"type-substitution","main":"F. Kostić"},{"additional":"Yellow Card","eventTime":"55'","eventType":"type-yellow_card","main":"K. Papadopoulos"},{"additional":"N. Stark","eventTime":"52'","eventType":"type-substitution","main":"O. Duda"},{"additional":"Yellow Card","eventTime":"41'","eventType":"type-yellow_card","main":"N. Stark"}],"stats":{"awayGates":"1","awayPasses":"546","awayPossession":58.2,"awayShots":"3","homeGates":"3","homePasses":"390","homePossession":41.8,"homeShots":"3"},"competition":"Bundesliga","date":"2017-03-06","match":"hamburger-sv-v-hertha-bsc"}