{"result":{"awayTeamName":"Köln","homeTeamName":"Bayern München","location":"Allianz Arena","score":"3 - 0","startDate":"2011-12-16T19:30:00+00:00"},"events":[{"additional":"D. Alaba","eventTime":"88'","eventType":"type-goal","main":"T. Kroos"},{"additional":"Yellow Card","eventTime":"85'","eventType":"type-yellow_card","main":"K. McKenna"},{"additional":"M. Gómez","eventTime":"78'","eventType":"type-substitution","main":"I. Olić"},{"additional":"A. Robben","eventTime":"76'","eventType":"type-substitution","main":"Luiz Gustavo"},{"additional":"C. Clemens","eventTime":"69'","eventType":"type-substitution","main":"O. Roshi"},{"additional":"L. Podolski","eventTime":"68'","eventType":"type-substitution","main":"S. Freis"},{"additional":"Yellow Card","eventTime":"66'","eventType":"type-yellow_card","main":"S. Peszko"},{"additional":"Yellow Card","eventTime":"65'","eventType":"type-yellow_card","main":"M. Jajalo"},{"additional":"T. Kroos","eventTime":"63'","eventType":"type-goal","main":"D. Alaba"},{"additional":"T. Müller","eventTime":"52'","eventType":"type-substitution","main":"D. Alaba"},{"additional":"T. Müller","eventTime":"48'","eventType":"type-goal","main":"M. Gómez"},{"additional":"Yellow Card","eventTime":"33'","eventType":"type-yellow_card","main":"Sereno"},{"additional":"Yellow 2nd/RC","eventTime":"33'","eventType":"type-second_yellow_card","main":"F. Ribéry"},{"additional":"Yellow Card","eventTime":"33'","eventType":"type-yellow_card","main":"F. Ribéry"},{"additional":"M. Brečko","eventTime":"14'","eventType":"type-substitution","main":"T. Makino"}],"stats":{"awayGates":"0","awayPasses":"0","awayPossession":100.0,"awayShots":"0","homeGates":"0","homePasses":"0","homePossession":0.0,"homeShots":"0"},"competition":"Bundesliga","date":"2011-12-16","match":"bayern-m%C3%BCnchen-v-k%C3%B6ln"}