{"result":{"awayTeamName":"Manchester United","homeTeamName":"Tottenham Hotspur","location":"White Hart Lane","score":"0 - 0","startDate":"2014-12-28T12:00:00+00:00"},"events":[{"additional":"Yellow Card","eventTime":"86'","eventType":"type-yellow_card","main":"Rafael"},{"additional":"Yellow Card","eventTime":"84'","eventType":"type-yellow_card","main":"R. Falcao"},{"additional":"N. Chadli","eventTime":"79'","eventType":"type-substitution","main":"E. Lamela"},{"additional":"A. Townsend","eventTime":"79'","eventType":"type-substitution","main":"M. Dembélé"},{"additional":"P. McNair","eventTime":"76'","eventType":"type-substitution","main":"L. Shaw"},{"additional":"J. Evans","eventTime":"72'","eventType":"type-substitution","main":"C. Smalling"},{"additional":"Yellow Card","eventTime":"71'","eventType":"type-yellow_card","main":"P. McNair"},{"additional":"Yellow Card","eventTime":"50'","eventType":"type-yellow_card","main":"A. Young"},{"additional":"A. Valencia","eventTime":"46'","eventType":"type-substitution","main":"Rafael"},{"additional":"Yellow Card","eventTime":"27'","eventType":"type-yellow_card","main":"A. Townsend"},{"additional":"Yellow Card","eventTime":"26'","eventType":"type-yellow_card","main":"B. Stambouli"}],"stats":{"awayGates":"0","awayPasses":"0","awayPossession":100.0,"awayShots":"0","homeGates":"0","homePasses":"0","homePossession":0.0,"homeShots":"0"},"competition":"Premier League","date":"2014-12-27","match":"tottenham-hotspur-v-manchester-united"}