{"result":{"awayTeamName":"Mainz 05","homeTeamName":"Fortuna Düsseldorf","location":"ESPRIT arena","score":"1 - 1","startDate":"2013-03-03T16:30:00+00:00"},"events":[{"additional":"A. Lambertz","eventTime":"90'","eventType":"type-substitution","main":"O. Fink"},{"additional":"Yellow Card","eventTime":"88'","eventType":"type-yellow_card","main":"Nando Rafael"},{"additional":"Yellow Card","eventTime":"82'","eventType":"type-yellow_card","main":"A. Lambertz"},{"additional":"S. Parker","eventTime":"80'","eventType":"type-substitution","main":"Á. Szalai"},{"additional":"Yellow Card","eventTime":"70'","eventType":"type-yellow_card","main":"N. Müller"},{"additional":"R. Tesche","eventTime":"60'","eventType":"type-substitution","main":"M. Bolly"},{"additional":"D. Schahin","eventTime":"60'","eventType":"type-substitution","main":"Nando Rafael"},{"additional":"I. Klasnić","eventTime":"46'","eventType":"type-substitution","main":"N. Müller"},{"additional":"Goal","eventTime":"41'","eventType":"type-goal","main":"I. Klasnić"},{"additional":"R. Zabavník","eventTime":"38'","eventType":"type-substitution","main":"M. Caligiuri"},{"additional":"Yellow Card","eventTime":"20'","eventType":"type-yellow_card","main":"M. Latka"},{"additional":"Yellow Card","eventTime":"15'","eventType":"type-yellow_card","main":"R. Zabavník"},{"additional":"Own Goal","eventTime":"6'","eventType":"type-own_goal","main":"B. Svensson"}],"stats":{"awayGates":"0","awayPasses":"0","awayPossession":100.0,"awayShots":"0","homeGates":"0","homePasses":"0","homePossession":0.0,"homeShots":"0"},"competition":"Bundesliga","date":"2013-03-04","match":"fortuna-d%C3%BCsseldorf-v-mainz-05"}