{"result":{"awayTeamName":"Bayern München","homeTeamName":"Hoffenheim","location":"WIRSOL Rhein-Neckar-Arena","score":"0 - 1","startDate":"2013-03-03T14:30:00+00:00"},"events":[{"additional":"Yellow Card","eventTime":"82'","eventType":"type-yellow_card","main":"E. Derdiyok"},{"additional":"S. Schröck","eventTime":"76'","eventType":"type-substitution","main":"E. Derdiyok"},{"additional":"M. Gómez","eventTime":"75'","eventType":"type-substitution","main":"M. Mandžukić"},{"additional":"K. Volland","eventTime":"70'","eventType":"type-substitution","main":"Joselu"},{"additional":"Yellow Card","eventTime":"69'","eventType":"type-yellow_card","main":"S. Schröck"},{"additional":"X. Shaqiri","eventTime":"64'","eventType":"type-substitution","main":"Luiz Gustavo"},{"additional":"Yellow Card","eventTime":"54'","eventType":"type-yellow_card","main":"D. Williams"},{"additional":"T. Usami","eventTime":"46'","eventType":"type-substitution","main":"Roberto Firmino"},{"additional":"F. Ribéry","eventTime":"38'","eventType":"type-goal","main":"M. Gómez"},{"additional":"Yellow Card","eventTime":"13'","eventType":"type-yellow_card","main":"J. Boateng"}],"stats":{"awayGates":"0","awayPasses":"0","awayPossession":100.0,"awayShots":"0","homeGates":"0","homePasses":"0","homePossession":0.0,"homeShots":"0"},"competition":"Bundesliga","date":"2013-03-04","match":"hoffenheim-v-bayern-m%C3%BCnchen"}