{"result":{"awayTeamName":"Juventus","homeTeamName":"Chievo","location":"Stadio Marc'Antonio Bentegodi","score":"1 - 2","startDate":"2016-11-06T14:00:00+00:00"},"events":[{"additional":"Yellow Card","eventTime":"90' + 1'","eventType":"type-yellow_card","main":"F. Cacciatore"},{"additional":"S. Lichtsteiner","eventTime":"84'","eventType":"type-substitution","main":"Dani Alves"},{"additional":"A. Floro Flores","eventTime":"84'","eventType":"type-substitution","main":"R. Inglese"},{"additional":"Yellow Card","eventTime":"82'","eventType":"type-yellow_card","main":"J. de Guzmán"},{"additional":"Yellow Card","eventTime":"80'","eventType":"type-yellow_card","main":"S. Sturaro"},{"additional":"G. Higuaín","eventTime":"80'","eventType":"type-substitution","main":"P. Evra"},{"additional":"V. Birsa","eventTime":"76'","eventType":"type-substitution","main":"J. de Guzmán"},{"additional":"Goal","eventTime":"75'","eventType":"type-goal","main":"M. Pjanić"},{"additional":"Penalty Goal","eventTime":"66'","eventType":"type-penalty_goal","main":"S. Pellissier"},{"additional":"Yellow Card","eventTime":"65'","eventType":"type-yellow_card","main":"S. Lichtsteiner"},{"additional":"M. Izco","eventTime":"61'","eventType":"type-substitution","main":"S. Pellissier"},{"additional":"Assist","eventTime":"53'","eventType":"type-assist","main":"Juan Cuadrado"},{"additional":"Goal","eventTime":"53'","eventType":"type-goal","main":"M. Mandžukić"},{"additional":"Yellow Card","eventTime":"48'","eventType":"type-yellow_card","main":"Juan Cuadrado"},{"additional":"Yellow Card","eventTime":"45' + 3'","eventType":"type-yellow_card","main":"I. Radovanović"},{"additional":"Yellow Card","eventTime":"40'","eventType":"type-yellow_card","main":"Alex Sandro"},{"additional":"Yellow Card","eventTime":"34'","eventType":"type-yellow_card","main":"M. Gobbi"},{"additional":"Yellow Card","eventTime":"30'","eventType":"type-yellow_card","main":"D. Dainelli"},{"additional":"A. Barzagli","eventTime":"5'","eventType":"type-substitution","main":"L. Bonucci"}],"stats":{"awayGates":"6","awayPasses":"513","awayPossession":58.7,"awayShots":"8","homeGates":"2","homePasses":"353","homePossession":41.3,"homeShots":"6"},"competition":"Serie A","date":"2016-11-06","match":"chievo-v-juventus"}