{"result":{"awayTeamName":"Sampdoria","homeTeamName":"Fiorentina","location":"Stadio Artemio Franchi","score":"1 - 1","startDate":"2016-11-06T17:00:00+00:00"},"events":[{"additional":"Yellow Card","eventTime":"90' + 2'","eventType":"type-yellow_card","main":"Pedro Pereira"},{"additional":"H. Milić","eventTime":"87'","eventType":"type-substitution","main":"M. Vecino"},{"additional":"L. Muriel","eventTime":"83'","eventType":"type-substitution","main":"A. Budimir"},{"additional":"M. Badelj","eventTime":"71'","eventType":"type-substitution","main":"C. Sánchez"},{"additional":"J. Sala","eventTime":"71'","eventType":"type-substitution","main":"Pedro Pereira"},{"additional":"Yellow Card","eventTime":"70'","eventType":"type-yellow_card","main":"M. Badelj"},{"additional":"Cristian Tello","eventTime":"65'","eventType":"type-substitution","main":"F. Chiesa"},{"additional":"Yellow Card","eventTime":"61'","eventType":"type-yellow_card","main":"H. Milić"},{"additional":"V. Regini","eventTime":"57'","eventType":"type-goal","main":"L. Muriel"},{"additional":"Yellow Card","eventTime":"54'","eventType":"type-yellow_card","main":"Bruno Fernandes"},{"additional":"K. Linetty","eventTime":"45'","eventType":"type-substitution","main":"D. Praet"},{"additional":"Yellow Card","eventTime":"45'","eventType":"type-yellow_card","main":"G. Rodríguez"},{"additional":"J. Iličić","eventTime":"37'","eventType":"type-goal","main":"F. Bernardeschi"}],"stats":{"awayGates":"6","awayPasses":"437","awayPossession":47.6,"awayShots":"9","homeGates":"5","homePasses":"464","homePossession":52.4,"homeShots":"10"},"competition":"Serie A","date":"2016-11-06","match":"fiorentina-v-sampdoria"}