{"result":{"awayTeamName":"Udinese","homeTeamName":"Genoa","location":"Stadio Comunale Luigi Ferraris","score":"1 - 1","startDate":"2016-11-06T14:00:00+00:00"},"events":[{"additional":"Yellow Card","eventTime":"79'","eventType":"type-yellow_card","main":"N. Ninković"},{"additional":"Edenílson","eventTime":"77'","eventType":"type-substitution","main":"G. Simeone"},{"additional":"D. Zapata","eventTime":"72'","eventType":"type-substitution","main":"Ryder Matos"},{"additional":"L. Rigoni","eventTime":"69'","eventType":"type-substitution","main":"D. Lazović"},{"additional":"C. Théréau","eventTime":"66'","eventType":"type-substitution","main":"S. Perica"},{"additional":"R. de Paul","eventTime":"60'","eventType":"type-substitution","main":"Ali Adnan"},{"additional":"L. Ocampos","eventTime":"57'","eventType":"type-substitution","main":"N. Ninković"},{"additional":"Yellow Card","eventTime":"53'","eventType":"type-yellow_card","main":"L. Rigoni"},{"additional":"Yellow Card","eventTime":"52'","eventType":"type-yellow_card","main":"D. Zapata"},{"additional":"Edenílson","eventTime":"24'","eventType":"type-goal","main":"L. Ocampos"},{"additional":"S. Widmer","eventTime":"11'","eventType":"type-goal","main":"C. Théréau"}],"stats":{"awayGates":"3","awayPasses":"345","awayPossession":36.7,"awayShots":"7","homeGates":"4","homePasses":"601","homePossession":63.3,"homeShots":"7"},"competition":"Serie A","date":"2016-11-06","match":"genoa-v-udinese"}