{"result":{"awayTeamName":"Crotone","homeTeamName":"Internazionale","location":"Stadio Giuseppe Meazza","score":"3 - 0","startDate":"2016-11-06T17:00:00+00:00"},"events":[{"additional":"Goal","eventTime":"90' + 3'","eventType":"type-goal","main":"M. Icardi"},{"additional":"Assist","eventTime":"90' + 3'","eventType":"type-assist","main":"E. Martins"},{"additional":"Penalty Goal","eventTime":"88'","eventType":"type-penalty_goal","main":"M. Icardi"},{"additional":"A. Barberis","eventTime":"86'","eventType":"type-substitution","main":"A. Tonev"},{"additional":"M. Rohdén","eventTime":"86'","eventType":"type-substitution","main":"M. Sampirisi"},{"additional":"Assist","eventTime":"84'","eventType":"type-assist","main":"M. Icardi"},{"additional":"Goal","eventTime":"84'","eventType":"type-goal","main":"I. Perišić"},{"additional":"A. Candreva","eventTime":"83'","eventType":"type-substitution","main":"S. Jovetić"},{"additional":"M. Trotta","eventTime":"72'","eventType":"type-substitution","main":"L. Crisetig"},{"additional":"Yellow Card","eventTime":"70'","eventType":"type-yellow_card","main":"A. Rosi"},{"additional":"É. Banega","eventTime":"64'","eventType":"type-substitution","main":"E. Martins"},{"additional":"A. Ranocchia","eventTime":"20'","eventType":"type-substitution","main":"J. Murillo"},{"additional":"Yellow Card","eventTime":"14'","eventType":"type-yellow_card","main":"D. Mesbah"},{"additional":"Yellow Card","eventTime":"11'","eventType":"type-yellow_card","main":"A. Ranocchia"}],"stats":{"awayGates":"0","awayPasses":"225","awayPossession":24.900000000000006,"awayShots":"3","homeGates":"9","homePasses":"639","homePossession":75.1,"homeShots":"11"},"competition":"Serie A","date":"2016-11-06","match":"internazionale-v-crotone"}