{"result":{"awayTeamName":"Milan","homeTeamName":"Palermo","location":"Stadio Renzo Barbera","score":"1 - 2","startDate":"2016-11-06T14:00:00+00:00"},"events":[{"additional":"Yellow Card","eventTime":"89'","eventType":"type-yellow_card","main":"A. Diamanti"},{"additional":"O. Hiljemark","eventTime":"85'","eventType":"type-substitution","main":"R. Quaison"},{"additional":"Assist","eventTime":"82'","eventType":"type-assist","main":"Suso"},{"additional":"Goal","eventTime":"82'","eventType":"type-goal","main":"G. Lapadula"},{"additional":"C. Bacca","eventTime":"79'","eventType":"type-substitution","main":"G. Lapadula"},{"additional":"J. Kucka","eventTime":"72'","eventType":"type-substitution","main":"A. Poli"},{"additional":"Goal","eventTime":"71'","eventType":"type-goal","main":"I. Nestorovski"},{"additional":"Assist","eventTime":"71'","eventType":"type-assist","main":"A. Diamanti"},{"additional":"Yellow Card","eventTime":"64'","eventType":"type-yellow_card","main":"T. Cionek"},{"additional":"M. Pašalić","eventTime":"63'","eventType":"type-substitution","main":"M. Fernández"},{"additional":"Carlos Embalo","eventTime":"57'","eventType":"type-substitution","main":"S. Lo Faso"},{"additional":"R. Sallai","eventTime":"57'","eventType":"type-substitution","main":"A. Diamanti"},{"additional":"Yellow Card","eventTime":"26'","eventType":"type-yellow_card","main":"M. De Sciglio"},{"additional":"Assist","eventTime":"15'","eventType":"type-assist","main":"G. Bonaventura"},{"additional":"Goal","eventTime":"15'","eventType":"type-goal","main":"Suso"}],"stats":{"awayGates":"6","awayPasses":"424","awayPossession":47.4,"awayShots":"6","homeGates":"7","homePasses":"474","homePossession":52.6,"homeShots":"5"},"competition":"Serie A","date":"2016-11-06","match":"palermo-v-milan"}