{"result":{"awayTeamName":"Bologna","homeTeamName":"Roma","location":"Stadio Olimpico","score":"3 - 0","startDate":"2016-11-06T19:45:00+00:00"},"events":[{"additional":"Mohamed Salah","eventTime":"85'","eventType":"type-substitution","main":"S. El Shaarawy"},{"additional":"A. Masina","eventTime":"84'","eventType":"type-substitution","main":"V. Torosidis"},{"additional":"Bruno Peres","eventTime":"77'","eventType":"type-substitution","main":"Gerson"},{"additional":"Goal","eventTime":"71'","eventType":"type-goal","main":"Mohamed Salah"},{"additional":"S. Taïder","eventTime":"65'","eventType":"type-substitution","main":"E. Pulgar"},{"additional":"Yellow Card","eventTime":"64'","eventType":"type-yellow_card","main":"L. Paredes"},{"additional":"K. Strootman","eventTime":"62'","eventType":"type-goal","main":"Mohamed Salah"},{"additional":"A. Rüdiger","eventTime":"57'","eventType":"type-substitution","main":"L. Paredes"},{"additional":"U. Sadiq","eventTime":"50'","eventType":"type-substitution","main":"M. Destro"},{"additional":"D. Perotti","eventTime":"13'","eventType":"type-goal","main":"Mohamed Salah"}],"stats":{"awayGates":"5","awayPasses":"419","awayPossession":46.2,"awayShots":"5","homeGates":"8","homePasses":"499","homePossession":53.8,"homeShots":"9"},"competition":"Serie A","date":"2016-11-06","match":"roma-v-bologna"}