{"result":{"awayTeamName":"Atalanta","homeTeamName":"Sassuolo","location":"MAPEI Stadium - Città del Tricolore","score":"0 - 3","startDate":"2016-11-06T14:00:00+00:00"},"events":[{"additional":"R. Gagliardini","eventTime":"90' + 1'","eventType":"type-substitution","main":"G. Migliaccio"},{"additional":"A. Conti","eventTime":"89'","eventType":"type-substitution","main":"C. Raimondi"},{"additional":"A. Gómez","eventTime":"86'","eventType":"type-substitution","main":"M. D'Alessandro"},{"additional":"Yellow Card","eventTime":"78'","eventType":"type-yellow_card","main":"F. Ricci"},{"additional":"Lorenzo Pellegrini","eventTime":"71'","eventType":"type-substitution","main":"L. Mazzitelli"},{"additional":"Yellow Card","eventTime":"70'","eventType":"type-yellow_card","main":"F. Peluso"},{"additional":"Yellow Card","eventTime":"61'","eventType":"type-yellow_card","main":"A. Conti"},{"additional":"Yellow Card","eventTime":"58'","eventType":"type-yellow_card","main":"R. Gagliardini"},{"additional":"A. Matri","eventTime":"45'","eventType":"type-substitution","main":"P. Iemmello"},{"additional":"Yellow Card","eventTime":"45'","eventType":"type-yellow_card","main":"M. Gazzola"},{"additional":"Goal","eventTime":"43'","eventType":"type-goal","main":"A. Conti"},{"additional":"Pol Lirola","eventTime":"31'","eventType":"type-substitution","main":"F. Ricci"},{"additional":"R. Gagliardini","eventTime":"24'","eventType":"type-goal","main":"M. Caldara"},{"additional":"Goal","eventTime":"19'","eventType":"type-goal","main":"A. Gómez"},{"additional":"Yellow Card","eventTime":"13'","eventType":"type-yellow_card","main":"D. Biondini"}],"stats":{"awayGates":"8","awayPasses":"424","awayPossession":47.5,"awayShots":"3","homeGates":"3","homePasses":"466","homePossession":52.5,"homeShots":"7"},"competition":"Serie A","date":"2016-11-06","match":"sassuolo-v-atalanta"}