{"result":{"awayTeamName":"Real Sociedad","homeTeamName":"Córdoba","location":"Estadio Nuevo Arcángel","score":"2 - 0","startDate":"2012-11-01T18:00:00+00:00"},"events":[{"additional":"López Silva","eventTime":"85'","eventType":"type-substitution","main":"Pedro"},{"additional":"D. Ifrán","eventTime":"80'","eventType":"type-substitution","main":"Agirretxe"},{"additional":"Yellow Card","eventTime":"78'","eventType":"type-yellow_card","main":"Bergara"},{"additional":"Fede Vico","eventTime":"77'","eventType":"type-substitution","main":"Abel Gómez"},{"additional":"Penalty Goal","eventTime":"77'","eventType":"type-penalty_goal","main":"V. Rennella"},{"additional":"Yellow Card","eventTime":"75'","eventType":"type-yellow_card","main":"Ansotegi"},{"additional":"J. Patiño","eventTime":"72'","eventType":"type-substitution","main":"V. Rennella"},{"additional":"Rubén Pardo","eventTime":"71'","eventType":"type-substitution","main":"C. Vela"},{"additional":"Illarramendi","eventTime":"66'","eventType":"type-substitution","main":"Bergara"},{"additional":"Goal","eventTime":"43'","eventType":"type-goal","main":"J. Patiño"}],"stats":{"awayGates":"0","awayPasses":"0","awayPossession":100.0,"awayShots":"0","homeGates":"0","homePasses":"0","homePossession":0.0,"homeShots":"0"},"competition":"Copa del Rey","date":"2012-11-01","match":"c%C3%B3rdoba-v-real-sociedad"}