{"result":{"awayTeamName":"Mallorca","homeTeamName":"Deportivo La Coruña","location":"Estadio Municipal de Riazor","score":"1 - 1","startDate":"2012-11-01T20:00:00+00:00"},"events":[{"additional":"Marc Fernández","eventTime":"83'","eventType":"type-substitution","main":"M. Pereira"},{"additional":"André Santos","eventTime":"79'","eventType":"type-substitution","main":"Rodolfo Bodipo"},{"additional":"Goal","eventTime":"71'","eventType":"type-goal","main":"Pedro Geromel"},{"additional":"Saúl","eventTime":"69'","eventType":"type-substitution","main":"Marchena"},{"additional":"Yellow Card","eventTime":"63'","eventType":"type-yellow_card","main":"Arizmendi"},{"additional":"Goal","eventTime":"54'","eventType":"type-goal","main":"Manuel Pablo"},{"additional":"Jose Martí","eventTime":"53'","eventType":"type-substitution","main":"Tomás Pina"},{"additional":"Jesús Vázquez","eventTime":"45'","eventType":"type-substitution","main":"Juan Domínguez"},{"additional":"Yellow Card","eventTime":"45'","eventType":"type-yellow_card","main":"Pedro Geromel"},{"additional":"Yellow Card","eventTime":"43'","eventType":"type-yellow_card","main":"Nélson Oliveira"},{"additional":"K. Uchenwa","eventTime":"14'","eventType":"type-substitution","main":"Bigas"},{"additional":"Yellow Card","eventTime":"6'","eventType":"type-yellow_card","main":"Tiago Pinto"}],"stats":{"awayGates":"0","awayPasses":"0","awayPossession":100.0,"awayShots":"0","homeGates":"0","homePasses":"0","homePossession":0.0,"homeShots":"0"},"competition":"Copa del Rey","date":"2012-11-01","match":"deportivo-la-coru%C3%B1a-v-mallorca"}