{"result":{"awayTeamName":"Levante","homeTeamName":"Melilla","location":"Estadio Álvarez Claro","score":"1 - 0","startDate":"2012-11-01T17:00:00+00:00"},"events":[{"additional":"Velasco","eventTime":"87'","eventType":"type-substitution","main":"Luis Doménech"},{"additional":"Yellow Card","eventTime":"81'","eventType":"type-yellow_card","main":"N. Karabelas"},{"additional":"Yellow Card","eventTime":"81'","eventType":"type-yellow_card","main":"Jesús Avellaneda"},{"additional":"Jairo Álvarez","eventTime":"78'","eventType":"type-substitution","main":"César Díaz"},{"additional":"Serrano","eventTime":"77'","eventType":"type-substitution","main":"Juanlu"},{"additional":"Nacho Aznar","eventTime":"72'","eventType":"type-substitution","main":"Amarito"},{"additional":"Yellow 2nd/RC","eventTime":"70'","eventType":"type-second_yellow_card","main":"Carlos Moreno"},{"additional":"Yellow Card","eventTime":"65'","eventType":"type-yellow_card","main":"M. Volta"},{"additional":"Ángel","eventTime":"63'","eventType":"type-substitution","main":"O. Martins"},{"additional":"Yellow Card","eventTime":"56'","eventType":"type-yellow_card","main":"Carlos Moreno"},{"additional":"Penalty Goal","eventTime":"38'","eventType":"type-penalty_goal","main":"Velasco"}],"stats":{"awayGates":"0","awayPasses":"0","awayPossession":100.0,"awayShots":"0","homeGates":"0","homePasses":"0","homePossession":0.0,"homeShots":"0"},"competition":"Copa del Rey","date":"2012-11-01","match":"melilla-v-levante"}