{"result":{"awayTeamName":"Getafe","homeTeamName":"Ponferradina","location":"Estadio El Toralín","score":"0 - 4","startDate":"2012-11-01T18:00:00+00:00"},"events":[{"additional":"Fofo","eventTime":"72'","eventType":"type-substitution","main":"Mateo Míguez"},{"additional":"Yellow Card","eventTime":"71'","eventType":"type-yellow_card","main":"M. Lacen"},{"additional":"Goal","eventTime":"68'","eventType":"type-goal","main":"Paco Alcácer"},{"additional":"Isaías","eventTime":"67'","eventType":"type-substitution","main":"Adán"},{"additional":"Lafita","eventTime":"66'","eventType":"type-substitution","main":"Hugo Fraile"},{"additional":"Goal","eventTime":"65'","eventType":"type-goal","main":"Gavilán"},{"additional":"Adrián Colunga","eventTime":"62'","eventType":"type-substitution","main":"Paco Alcácer"},{"additional":"Urko Vera","eventTime":"46'","eventType":"type-substitution","main":"Wellington Silva"},{"additional":"Goal","eventTime":"45'","eventType":"type-goal","main":"Pablo Sarabia"},{"additional":"D. Abraham","eventTime":"18'","eventType":"type-substitution","main":"Rafa"},{"additional":"Goal","eventTime":"13'","eventType":"type-goal","main":"Gavilán"}],"stats":{"awayGates":"0","awayPasses":"0","awayPossession":100.0,"awayShots":"0","homeGates":"0","homePasses":"0","homePossession":0.0,"homeShots":"0"},"competition":"Copa del Rey","date":"2012-11-01","match":"ponferradina-v-getafe"}