{"result":{"awayTeamName":"Real Betis","homeTeamName":"Real Valladolid","location":"Estadio Municipal José Zorrilla","score":"1 - 0","startDate":"2012-11-01T16:00:00+00:00"},"events":[{"additional":"Yellow Card","eventTime":"87'","eventType":"type-yellow_card","main":"Rubén Peña"},{"additional":"Yellow Card","eventTime":"79'","eventType":"type-yellow_card","main":"Balenziaga"},{"additional":"Yellow Card","eventTime":"73'","eventType":"type-yellow_card","main":"Baraja"},{"additional":"Salvador Agra","eventTime":"72'","eventType":"type-substitution","main":"Rubén Castro"},{"additional":"Manucho Gonçalves","eventTime":"71'","eventType":"type-substitution","main":"Javi Guerra"},{"additional":"Lolo Plá","eventTime":"66'","eventType":"type-substitution","main":"Balenziaga"},{"additional":"Yellow Card","eventTime":"65'","eventType":"type-yellow_card","main":"J. Neira"},{"additional":"Red Card","eventTime":"63'","eventType":"type-red_card","main":"Sereno"},{"additional":"Yellow Card","eventTime":"55'","eventType":"type-yellow_card","main":"Lolo Plá"},{"additional":"Salva Sevilla","eventTime":"46'","eventType":"type-substitution","main":"Juan Carlos"},{"additional":"Marc Valiente","eventTime":"46'","eventType":"type-substitution","main":"Sereno"},{"additional":"Yellow Card","eventTime":"43'","eventType":"type-yellow_card","main":"Paulão"},{"additional":"Goal","eventTime":"39'","eventType":"type-goal","main":"Bueno"},{"additional":"Cañas","eventTime":"20'","eventType":"type-substitution","main":"Beñat"}],"stats":{"awayGates":"0","awayPasses":"0","awayPossession":100.0,"awayShots":"0","homeGates":"0","homePasses":"0","homePossession":0.0,"homeShots":"0"},"competition":"Copa del Rey","date":"2012-11-01","match":"real-valladolid-v-real-betis"}