{"result":{"awayTeamName":"Espanyol","homeTeamName":"Sevilla","location":"Estadio Ramón Sánchez Pizjuán","score":"3 - 1","startDate":"2012-11-01T18:00:00+00:00"},"events":[{"additional":"Tejera","eventTime":"89'","eventType":"type-substitution","main":"S. Longo"},{"additional":"Penalty Goal","eventTime":"89'","eventType":"type-penalty_goal","main":"Álvaro Negredo"},{"additional":"Yellow 2nd/RC","eventTime":"89'","eventType":"type-second_yellow_card","main":"Ernesto Galán"},{"additional":"Yellow Card","eventTime":"88'","eventType":"type-yellow_card","main":"Víctor Sánchez"},{"additional":"Yellow Card","eventTime":"88'","eventType":"type-yellow_card","main":"J. Forlín"},{"additional":"Simão","eventTime":"86'","eventType":"type-substitution","main":"Felipe Mattioni"},{"additional":"Yellow Card","eventTime":"85'","eventType":"type-yellow_card","main":"Ernesto Galán"},{"additional":"Goal","eventTime":"83'","eventType":"type-goal","main":"Juan Cala"},{"additional":"Yellow Card","eventTime":"82'","eventType":"type-yellow_card","main":"Capdevila"},{"additional":"I. Rakitić","eventTime":"77'","eventType":"type-substitution","main":"B. Diawara"},{"additional":"Christian Alfonso","eventTime":"76'","eventType":"type-substitution","main":"Rui Fonte"},{"additional":"Yellow Card","eventTime":"71'","eventType":"type-yellow_card","main":"Simão"},{"additional":"Goal","eventTime":"69'","eventType":"type-goal","main":"Christian Alfonso"},{"additional":"José Antonio Reyes","eventTime":"60'","eventType":"type-substitution","main":"Campaña"},{"additional":"Yellow Card","eventTime":"59'","eventType":"type-yellow_card","main":"Cicinho"},{"additional":"Botía","eventTime":"51'","eventType":"type-substitution","main":"Juan Cala"},{"additional":"Yellow Card","eventTime":"39'","eventType":"type-yellow_card","main":"Raúl Baena"},{"additional":"Goal","eventTime":"4'","eventType":"type-goal","main":"F. Fazio"}],"stats":{"awayGates":"0","awayPasses":"0","awayPossession":100.0,"awayShots":"0","homeGates":"0","homePasses":"0","homePossession":0.0,"homeShots":"0"},"competition":"Copa del Rey","date":"2012-11-01","match":"sevilla-v-espanyol"}