{"result":{"awayTeamName":"Osasuna","homeTeamName":"Sporting Gijón","location":"Estadio Municipal El Molinón","score":"1 - 0","startDate":"2012-11-01T18:00:00+00:00"},"events":[{"additional":"Yellow Card","eventTime":"89'","eventType":"type-yellow_card","main":"Ó. Trejo"},{"additional":"Yellow Card","eventTime":"87'","eventType":"type-yellow_card","main":"Joseba Llorente"},{"additional":"M. Shojaei","eventTime":"82'","eventType":"type-substitution","main":"Joseba Llorente"},{"additional":"Orfila","eventTime":"78'","eventType":"type-substitution","main":"Lora"},{"additional":"Roberto Torres","eventTime":"70'","eventType":"type-substitution","main":"Cejudo"},{"additional":"Carlos Carmona","eventTime":"68'","eventType":"type-substitution","main":"De las Cuevas"},{"additional":"Ricardo","eventTime":"56'","eventType":"type-substitution","main":"Ó. Trejo"},{"additional":"Yellow Card","eventTime":"55'","eventType":"type-yellow_card","main":"R. Loé"},{"additional":"Yellow Card","eventTime":"44'","eventType":"type-yellow_card","main":"Ricardo"},{"additional":"Goal","eventTime":"13'","eventType":"type-goal","main":"G. Sangoy"}],"stats":{"awayGates":"0","awayPasses":"0","awayPossession":100.0,"awayShots":"0","homeGates":"0","homePasses":"0","homePossession":0.0,"homeShots":"0"},"competition":"Copa del Rey","date":"2012-11-01","match":"sporting-gij%C3%B3n-v-osasuna"}