{"result":{"awayTeamName":"Cruz Azul","homeTeamName":"Monterrey","location":"Estadio BBVA Bancomer","score":"2 - 2","startDate":"2018-02-15T02:45:00+00:00"},"events":[{"additional":"Yellow Card","eventTime":"90' + 2'","eventType":"type-yellow_card","main":"Julio Domínguez"},{"additional":"F. Silva","eventTime":"88'","eventType":"type-goal","main":"Julio Domínguez"},{"additional":"C. Sánchez","eventTime":"87'","eventType":"type-substitution","main":"C. Montes"},{"additional":"Yellow Card","eventTime":"86'","eventType":"type-yellow_card","main":"N. Sánchez"},{"additional":"Alfonso González","eventTime":"82'","eventType":"type-substitution","main":"J. Benítez"},{"additional":"R. Baca","eventTime":"79'","eventType":"type-substitution","main":"W. Montoya"},{"additional":"D. Pabón","eventTime":"76'","eventType":"type-substitution","main":"C. Ortiz"},{"additional":"F. Mora","eventTime":"71'","eventType":"type-substitution","main":"C. Fierro"},{"additional":"M. Rodríguez","eventTime":"71'","eventType":"type-substitution","main":"J. Madueña"},{"additional":"D. Pabón","eventTime":"67'","eventType":"type-goal","main":"Alfonso González"},{"additional":"Yellow Card","eventTime":"60'","eventType":"type-yellow_card","main":"S. Medina"},{"additional":"Edgar Méndez","eventTime":"43'","eventType":"type-goal","main":"M. Rodríguez"},{"additional":"Yellow Card","eventTime":"39'","eventType":"type-yellow_card","main":"J. Velázquez"},{"additional":"J. Urretaviscaya","eventTime":"30'","eventType":"type-goal","main":"Rogelio Funes Mori"}],"stats":{"awayGates":"3","awayPasses":"271","awayPossession":42.6,"awayShots":"10","homeGates":"10","homePasses":"382","homePossession":57.4,"homeShots":"7"},"competition":"Liga MX","date":"2018-02-15","match":"monterrey-v-cruz-azul"}