{"result":{"awayTeamName":"Tijuana","homeTeamName":"Pachuca","location":"Estadio Hidalgo","score":"2 - 0","startDate":"2018-02-15T03:06:00+00:00"},"events":[{"additional":"Goal","eventTime":"89'","eventType":"type-goal","main":"É. Gutiérrez"},{"additional":"K. Honda","eventTime":"89'","eventType":"type-substitution","main":"R. Herrera"},{"additional":"J. Lucero","eventTime":"80'","eventType":"type-substitution","main":"José García"},{"additional":"Yellow Card","eventTime":"75'","eventType":"type-yellow_card","main":"D. Pérez"},{"additional":"A. Guido","eventTime":"69'","eventType":"type-substitution","main":"Julio Angulo"},{"additional":"S. Palacios","eventTime":"62'","eventType":"type-substitution","main":"E. Aguirre"},{"additional":"Yellow Card","eventTime":"60'","eventType":"type-yellow_card","main":"É. Gutiérrez"},{"additional":"L. Chávez","eventTime":"58'","eventType":"type-substitution","main":"Mateus"},{"additional":"Yellow Card","eventTime":"54'","eventType":"type-yellow_card","main":"O. Mendoza"},{"additional":"J. Martínez","eventTime":"45'","eventType":"type-substitution","main":"E. García"},{"additional":"Yellow Card","eventTime":"26'","eventType":"type-yellow_card","main":"O. Murillo"},{"additional":"É. Gutiérrez","eventTime":"21'","eventType":"type-goal","main":"Á. Sagal"}],"stats":{"awayGates":"1","awayPasses":"399","awayPossession":52.9,"awayShots":"7","homeGates":"6","homePasses":"360","homePossession":47.1,"homeShots":"6"},"competition":"Liga MX","date":"2018-02-15","match":"pachuca-v-tijuana"}