{"result":{"awayTeamName":"Toluca","homeTeamName":"Puebla","location":"Estadio Cuauhtémoc","score":"2 - 0","startDate":"2018-02-15T03:00:00+00:00"},"events":[{"additional":"Yellow Card","eventTime":"90'","eventType":"type-yellow_card","main":"R. Sambueza"},{"additional":"Yellow Card","eventTime":"85'","eventType":"type-yellow_card","main":"A. Santamaría"},{"additional":"C. Marrugo","eventTime":"85'","eventType":"type-substitution","main":"O. Fernández"},{"additional":"Red Card","eventTime":"80'","eventType":"type-red_card","main":"P. Barrientos"},{"additional":"Yellow Card","eventTime":"80'","eventType":"type-yellow_card","main":"P. Barrientos"},{"additional":"F. Acuña","eventTime":"75'","eventType":"type-substitution","main":"F. Torres"},{"additional":"M. Perg","eventTime":"70'","eventType":"type-substitution","main":"F. Uribe"},{"additional":"Yellow Card","eventTime":"67'","eventType":"type-yellow_card","main":"Rodrigo Salinas"},{"additional":"J. Escoboza","eventTime":"66'","eventType":"type-substitution","main":"H. Rodríguez"},{"additional":"E. Vega","eventTime":"45'","eventType":"type-substitution","main":"L. Quiñónes"},{"additional":"Yellow Card","eventTime":"41'","eventType":"type-yellow_card","main":"Á. Reyna"},{"additional":"J. Delgadillo","eventTime":"40'","eventType":"type-substitution","main":"Á. Reyna"},{"additional":"Yellow Card","eventTime":"37'","eventType":"type-yellow_card","main":"J. Guerrero"},{"additional":"A. Chumacero","eventTime":"28'","eventType":"type-goal","main":"L. Cavallini"},{"additional":"Goal","eventTime":"11'","eventType":"type-goal","main":"L. Cavallini"}],"stats":{"awayGates":"3","awayPasses":"461","awayPossession":54.4,"awayShots":"8","homeGates":"5","homePasses":"400","homePossession":45.6,"homeShots":"2"},"competition":"Liga MX","date":"2018-02-15","match":"puebla-v-toluca"}