{"result":{"awayTeamName":"Veracruz","homeTeamName":"Pumas UNAM","location":"Estadio Olímpico de Universitario","score":"1 - 2","startDate":"2018-02-15T03:00:00+00:00"},"events":[{"additional":"Yellow Card","eventTime":"90' + 3'","eventType":"type-yellow_card","main":"Alejandro Arribas"},{"additional":"P. Barrera","eventTime":"90' + 1'","eventType":"type-substitution","main":"B. Figueroa"},{"additional":"Yellow Card","eventTime":"89'","eventType":"type-yellow_card","main":"P. Gallese"},{"additional":"Yellow Card","eventTime":"85'","eventType":"type-yellow_card","main":"J. Rivas"},{"additional":"Yellow Card","eventTime":"85'","eventType":"type-yellow_card","main":"N. Castillo"},{"additional":"L. Fuentes","eventTime":"81'","eventType":"type-substitution","main":"E. Torres"},{"additional":"D. Villalba","eventTime":"80'","eventType":"type-substitution","main":"L. Martínez"},{"additional":"A. Luna","eventTime":"74'","eventType":"type-substitution","main":"H. Cid"},{"additional":"Yellow Card","eventTime":"74'","eventType":"type-yellow_card","main":"A. Luna"},{"additional":"J. Van Rankin","eventTime":"70'","eventType":"type-substitution","main":"Abraham"},{"additional":"Alan Santos","eventTime":"59'","eventType":"type-substitution","main":"C. Menéndez"},{"additional":"Yellow Card","eventTime":"51'","eventType":"type-yellow_card","main":"C. Ramos"},{"additional":"J. Van Rankin","eventTime":"36'","eventType":"type-goal","main":"D. Cabrera"},{"additional":"A. Luna","eventTime":"24'","eventType":"type-goal","main":"Diego Chávez"},{"additional":"Yellow Card","eventTime":"21'","eventType":"type-yellow_card","main":"Alan Santos"},{"additional":"C. Esquivel","eventTime":"19'","eventType":"type-goal","main":"Diego Chávez"}],"stats":{"awayGates":"4","awayPasses":"273","awayPossession":37.0,"awayShots":"6","homeGates":"5","homePasses":"453","homePossession":63.0,"homeShots":"7"},"competition":"Liga MX","date":"2018-02-15","match":"pumas-unam-v-veracruz"}