{"result":{"awayTeamName":"Guadalajara","homeTeamName":"Querétaro","location":"Estadio La Corregidora","score":"2 - 2","startDate":"2018-02-15T01:00:00+00:00"},"events":[{"additional":"R. Cisneros","eventTime":"90' + 2'","eventType":"type-goal","main":"A. Pulido"},{"additional":"Y. Candelo","eventTime":"90'","eventType":"type-substitution","main":"L. Noriega"},{"additional":"Y. Candelo","eventTime":"88'","eventType":"type-goal","main":"M. Martínez"},{"additional":"J. Sánchez","eventTime":"82'","eventType":"type-substitution","main":"C. Cisneros"},{"additional":"E. Puch","eventTime":"74'","eventType":"type-substitution","main":"M. Britos"},{"additional":"J. Macías","eventTime":"60'","eventType":"type-substitution","main":"R. Cisneros"},{"additional":"I. Brizuela","eventTime":"60'","eventType":"type-substitution","main":"R. Pizarro"},{"additional":"E. López","eventTime":"46'","eventType":"type-goal","main":"A. Pulido"},{"additional":"J. Sánchez","eventTime":"45'","eventType":"type-substitution","main":"A. Arellano"},{"additional":"Goal","eventTime":"18'","eventType":"type-goal","main":"E. Puch"},{"additional":"Yellow Card","eventTime":"17'","eventType":"type-yellow_card","main":"M. Martínez"}],"stats":{"awayGates":"12","awayPasses":"442","awayPossession":63.3,"awayShots":"6","homeGates":"4","homePasses":"254","homePossession":36.7,"homeShots":"1"},"competition":"Liga MX","date":"2018-02-15","match":"quer%C3%A9taro-v-guadalajara"}