{"result":{"awayTeamName":"León","homeTeamName":"Santos Laguna","location":"Estadio Nuevo Corona","score":"5 - 1","startDate":"2018-02-15T01:00:00+00:00"},"events":[{"additional":"Yellow Card","eventTime":"89'","eventType":"type-yellow_card","main":"F. Navarro"},{"additional":"J. Villafaña","eventTime":"83'","eventType":"type-substitution","main":"D. Andrade"},{"additional":"A. Andrade","eventTime":"78'","eventType":"type-substitution","main":"A. Ramos"},{"additional":"B. Lozano","eventTime":"76'","eventType":"type-substitution","main":"J. Cortés"},{"additional":"J. Isijara","eventTime":"66'","eventType":"type-goal","main":"Jonathan Rodríguez"},{"additional":"Djaniny","eventTime":"63'","eventType":"type-substitution","main":"Jonathan Rodríguez"},{"additional":"E. Cecchini","eventTime":"63'","eventType":"type-substitution","main":"O. Rodríguez"},{"additional":"L. Montes","eventTime":"63'","eventType":"type-substitution","main":"J. Díaz"},{"additional":"Yellow Card","eventTime":"58'","eventType":"type-yellow_card","main":"L. Montes"},{"additional":"Yellow Card","eventTime":"43'","eventType":"type-yellow_card","main":"A. Andrade"},{"additional":"J. Isijara","eventTime":"39'","eventType":"type-goal","main":"Djaniny"},{"additional":"J. Furch","eventTime":"35'","eventType":"type-goal","main":"Djaniny"},{"additional":"Goal","eventTime":"31'","eventType":"type-goal","main":"Djaniny"},{"additional":"Goal","eventTime":"25'","eventType":"type-goal","main":"O. Martínez"},{"additional":"Yellow Card","eventTime":"15'","eventType":"type-yellow_card","main":"C. Izquierdoz"},{"additional":"Goal","eventTime":"2'","eventType":"type-goal","main":"M. Boselli"}],"stats":{"awayGates":"1","awayPasses":"274","awayPossession":38.8,"awayShots":"7","homeGates":"9","homePasses":"434","homePossession":61.2,"homeShots":"7"},"competition":"Liga MX","date":"2018-02-15","match":"santos-laguna-v-le%C3%B3n"}