{"result":{"awayTeamName":"West Bromwich Albion","homeTeamName":"Accrington Stanley","location":"Wham Stadium","score":"1 - 3","startDate":"2017-08-22T18:45:00+00:00"},"events":[{"additional":"B. Kee","eventTime":"88'","eventType":"type-goal","main":"T. Dallison"},{"additional":"J. Morrison","eventTime":"77'","eventType":"type-substitution","main":"R. Harper"},{"additional":"K. Jackson","eventTime":"67'","eventType":"type-substitution","main":"M. Leacock-McLeod"},{"additional":"S. Brown","eventTime":"67'","eventType":"type-substitution","main":"S. Conneely"},{"additional":"J. Rodriguez","eventTime":"66'","eventType":"type-substitution","main":"J. Leko"},{"additional":"G. Barry","eventTime":"66'","eventType":"type-substitution","main":"J. Livermore"},{"additional":"M. Phillips","eventTime":"64'","eventType":"type-goal","main":"J. Rodriguez"},{"additional":"J. Edwards","eventTime":"53'","eventType":"type-substitution","main":"B. Kee"},{"additional":"S. Rondón","eventTime":"31'","eventType":"type-goal","main":"M. Phillips"},{"additional":"Yellow Card","eventTime":"30'","eventType":"type-yellow_card","main":"J. McClean"},{"additional":"J. Rodriguez","eventTime":"11'","eventType":"type-goal","main":"S. Rondón"}],"stats":{"awayGates":"8","awayPasses":"0","awayPossession":58.0,"awayShots":"5","homeGates":"4","homePasses":"0","homePossession":42.0,"homeShots":"7"},"competition":"League Cup","date":"2017-08-22","match":"accrington-stanley-v-west-bromwich-albion"}