{"result":{"awayTeamName":"Wigan Athletic","homeTeamName":"Aston Villa","location":"Villa Park","score":"4 - 1","startDate":"2017-08-22T18:45:00+00:00"},"events":[{"additional":"S. Hogan","eventTime":"81'","eventType":"type-substitution","main":"E. Suliman"},{"additional":"R. Colclough","eventTime":"80'","eventType":"type-substitution","main":"N. Hunt"},{"additional":"J. Doyle-Hayes","eventTime":"78'","eventType":"type-substitution","main":"J. Lyden"},{"additional":"R. De Laet","eventTime":"74'","eventType":"type-goal","main":"B. Bjarnason"},{"additional":"C. O'Hare","eventTime":"73'","eventType":"type-substitution","main":"R. McCormack"},{"additional":"Yellow Card","eventTime":"68'","eventType":"type-yellow_card","main":"C. O'Hare"},{"additional":"W. Grigg","eventTime":"66'","eventType":"type-substitution","main":"C. Lang"},{"additional":"A. Gilbey","eventTime":"62'","eventType":"type-substitution","main":"L. Burgess"},{"additional":"Yellow Card","eventTime":"62'","eventType":"type-yellow_card","main":"L. Burke"},{"additional":"Goal","eventTime":"44'","eventType":"type-goal","main":"S. Hogan"},{"additional":"M. Power","eventTime":"43'","eventType":"type-goal","main":"R. Colclough"},{"additional":"B. Bjarnason","eventTime":"36'","eventType":"type-goal","main":"A. Adomah"},{"additional":"A. Adomah","eventTime":"19'","eventType":"type-goal","main":"S. Hogan"}],"stats":{"awayGates":"5","awayPasses":"0","awayPossession":45.0,"awayShots":"5","homeGates":"8","homePasses":"0","homePossession":55.0,"homeShots":"5"},"competition":"League Cup","date":"2017-08-22","match":"aston-villa-v-wigan-athletic"}