{"result":{"awayTeamName":"AFC Bournemouth","homeTeamName":"Birmingham City","location":"St. Andrew's Stadium","score":"1 - 2","startDate":"2017-08-22T18:45:00+00:00"},"events":[{"additional":"Yellow Card","eventTime":"90' + 5'","eventType":"type-yellow_card","main":"A. Smith"},{"additional":"R. Fraser","eventTime":"82'","eventType":"type-substitution","main":"J. Ibe"},{"additional":"C. Bramall","eventTime":"78'","eventType":"type-substitution","main":"P. Robinson"},{"additional":"L. Mousset","eventTime":"77'","eventType":"type-substitution","main":"B. Afobe"},{"additional":"L. Mousset","eventTime":"68'","eventType":"type-goal","main":"M. Pugh"},{"additional":"Yellow Card","eventTime":"62'","eventType":"type-yellow_card","main":"R. Shotton"},{"additional":"Yellow Card","eventTime":"56'","eventType":"type-yellow_card","main":"J. Maghoma"},{"additional":"A. Smith","eventTime":"46'","eventType":"type-goal","main":"R. Fraser"},{"additional":"I. Vassell","eventTime":"45'","eventType":"type-substitution","main":"L. Jutkiewicz"},{"additional":"Yellow Card","eventTime":"41'","eventType":"type-yellow_card","main":"L. Mousset"},{"additional":"Nsue","eventTime":"23'","eventType":"type-substitution","main":"W. Harding"},{"additional":"J. Grounds","eventTime":"11'","eventType":"type-goal","main":"M. Kieftenbeld"}],"stats":{"awayGates":"11","awayPasses":"0","awayPossession":58.0,"awayShots":"6","homeGates":"2","homePasses":"0","homePossession":42.0,"homeShots":"3"},"competition":"League Cup","date":"2017-08-22","match":"birmingham-city-v-afc-bournemouth"}