{"result":{"awayTeamName":"Sheffield Wednesday","homeTeamName":"Bolton Wanderers","location":"Macron Stadium","score":"3 - 2","startDate":"2017-08-22T19:00:00+00:00"},"events":[{"additional":"Yellow Card","eventTime":"89'","eventType":"type-yellow_card","main":"B. Bannan"},{"additional":"Marco Matias","eventTime":"83'","eventType":"type-goal","main":"J. Rhodes"},{"additional":"Goal","eventTime":"76'","eventType":"type-goal","main":"J. Rhodes"},{"additional":"R. Wallace","eventTime":"74'","eventType":"type-substitution","main":"Lucas João"},{"additional":"A. Armstrong","eventTime":"73'","eventType":"type-substitution","main":"A. Le Fondre"},{"additional":"F. Forestieri","eventTime":"70'","eventType":"type-substitution","main":"Marco Matias"},{"additional":"S. Winnall","eventTime":"69'","eventType":"type-substitution","main":"A. Nuhiu"},{"additional":"J. Karacan","eventTime":"69'","eventType":"type-substitution","main":"D. Pratley"},{"additional":"W. Buckley","eventTime":"65'","eventType":"type-substitution","main":"Filipe Morais"},{"additional":"A. Robinson","eventTime":"64'","eventType":"type-goal","main":"J. Karacan"},{"additional":"Goal","eventTime":"57'","eventType":"type-goal","main":"A. Armstrong"},{"additional":"Goal","eventTime":"42'","eventType":"type-goal","main":"D. Dervite"},{"additional":"Yellow Card","eventTime":"31'","eventType":"type-yellow_card","main":"D. Dervite"},{"additional":"Yellow Card","eventTime":"18'","eventType":"type-yellow_card","main":"D. Pudil"},{"additional":"Yellow Card","eventTime":"13'","eventType":"type-yellow_card","main":"J. Karacan"}],"stats":{"awayGates":"5","awayPasses":"0","awayPossession":53.0,"awayShots":"10","homeGates":"3","homePasses":"0","homePossession":47.0,"homeShots":"4"},"competition":"League Cup","date":"2017-08-22","match":"bolton-wanderers-v-sheffield-wednesday"}