{"result":{"awayTeamName":"Barnet","homeTeamName":"Brighton & Hove Albion","location":"The American Express Community Stadium","score":"1 - 0","startDate":"2017-08-22T18:45:00+00:00"},"events":[{"additional":"J. Akpa Akpro","eventTime":"76'","eventType":"type-substitution","main":"Rubén Bover"},{"additional":"T. Hemed","eventTime":"76'","eventType":"type-substitution","main":"A. Connolly"},{"additional":"S. Coulthirst","eventTime":"71'","eventType":"type-substitution","main":"J. Amaluzor"},{"additional":"J. Campbell-Ryce","eventTime":"65'","eventType":"type-substitution","main":"S. Akinola"},{"additional":"Goal","eventTime":"54'","eventType":"type-goal","main":"J. Tilley"},{"additional":"A. Knockaert","eventTime":"45'","eventType":"type-substitution","main":"J. Tilley"},{"additional":"G. Bong","eventTime":"45'","eventType":"type-substitution","main":"A. Matějů"},{"additional":"Yellow Card","eventTime":"45' + 2'","eventType":"type-yellow_card","main":"A. Knockaert"}],"stats":{"awayGates":"1","awayPasses":"384","awayPossession":37.7,"awayShots":"5","homeGates":"4","homePasses":"657","homePossession":62.3,"homeShots":"1"},"competition":"League Cup","date":"2017-08-22","match":"brighton-hove-albion-v-barnet"}