{"result":{"awayTeamName":"Burton Albion","homeTeamName":"Cardiff City","location":"Cardiff City Stadium","score":"1 - 2","startDate":"2017-08-22T18:45:00+00:00"},"events":[{"additional":"J. Sbarra","eventTime":"90' + 1'","eventType":"type-substitution","main":"L. Murphy"},{"additional":"G. Halford","eventTime":"81'","eventType":"type-substitution","main":"L. Damour"},{"additional":"M. Kennedy","eventTime":"77'","eventType":"type-substitution","main":"N. Mendez-Laing"},{"additional":"B. Fox","eventTime":"76'","eventType":"type-substitution","main":"K. McFadzean"},{"additional":"L. Tomlin","eventTime":"76'","eventType":"type-goal","main":"A. Pilkington"},{"additional":"O. Bogle","eventTime":"74'","eventType":"type-substitution","main":"A. Pilkington"},{"additional":"J. Sbarra","eventTime":"70'","eventType":"type-goal","main":"B. Fox"},{"additional":"Yellow Card","eventTime":"68'","eventType":"type-yellow_card","main":"J. Irvine"},{"additional":"S. Scannell","eventTime":"62'","eventType":"type-substitution","main":"M. Sordell"},{"additional":"Yellow Card","eventTime":"33'","eventType":"type-yellow_card","main":"C. Coxe"},{"additional":"Goal","eventTime":"26'","eventType":"type-goal","main":"T. Naylor"}],"stats":{"awayGates":"8","awayPasses":"0","awayPossession":48.0,"awayShots":"2","homeGates":"6","homePasses":"0","homePossession":52.0,"homeShots":"7"},"competition":"League Cup","date":"2017-08-22","match":"cardiff-city-v-burton-albion"}