{"result":{"awayTeamName":"Sunderland","homeTeamName":"Carlisle United","location":"Brunton Park","score":"1 - 2","startDate":"2017-08-22T18:45:00+00:00"},"events":[{"additional":"Yellow Card","eventTime":"90' + 6'","eventType":"type-yellow_card","main":"J. Vaughan"},{"additional":"N. Adams","eventTime":"88'","eventType":"type-substitution","main":"J. Kennedy"},{"additional":"J. Devitt","eventTime":"85'","eventType":"type-substitution","main":"S. Miller"},{"additional":"L. Joyce","eventTime":"85'","eventType":"type-substitution","main":"H. Hope"},{"additional":"D. Ndong","eventTime":"80'","eventType":"type-goal","main":"L. Gooch"},{"additional":"B. Oviedo","eventTime":"72'","eventType":"type-substitution","main":"A. McGeady"},{"additional":"J. Asoro","eventTime":"66'","eventType":"type-substitution","main":"J. Vaughan"},{"additional":"D. Love","eventTime":"65'","eventType":"type-substitution","main":"L. Koné"},{"additional":"Yellow Card","eventTime":"64'","eventType":"type-yellow_card","main":"D. Ndong"},{"additional":"Goal","eventTime":"60'","eventType":"type-goal","main":"D. Grainger"},{"additional":"Yellow Card","eventTime":"59'","eventType":"type-yellow_card","main":"P. Djilobodji"},{"additional":"Yellow Card","eventTime":"57'","eventType":"type-yellow_card","main":"W. Khazri"},{"additional":"L. Gooch","eventTime":"25'","eventType":"type-goal","main":"D. Love"}],"stats":{"awayGates":"5","awayPasses":"0","awayPossession":43.0,"awayShots":"4","homeGates":"8","homePasses":"0","homePossession":57.0,"homeShots":"5"},"competition":"League Cup","date":"2017-08-22","match":"carlisle-united-v-sunderland"}