{"result":{"awayTeamName":"Ipswich Town","homeTeamName":"Crystal Palace","location":"Selhurst Park","score":"2 - 1","startDate":"2017-08-22T18:30:00+00:00"},"events":[{"additional":"B. Morris","eventTime":"90' + 1'","eventType":"type-goal","main":"B. Celina"},{"additional":"J. Schlupp","eventTime":"84'","eventType":"type-goal","main":"J. McArthur"},{"additional":"T. Nydam","eventTime":"81'","eventType":"type-substitution","main":"C. Smith"},{"additional":"S. McLoughlin","eventTime":"81'","eventType":"type-substitution","main":"M. Patterson"},{"additional":"J. Eyenga-Lokilo","eventTime":"76'","eventType":"type-goal","main":"J. McArthur"},{"additional":"S. Kaikai","eventTime":"75'","eventType":"type-substitution","main":"Lee Chung-Yong"},{"additional":"B. Folami","eventTime":"62'","eventType":"type-substitution","main":"B. Morris"},{"additional":"P. van Aanholt","eventTime":"57'","eventType":"type-substitution","main":"A. Townsend"},{"additional":"Yellow Card","eventTime":"56'","eventType":"type-yellow_card","main":"F. Downes"},{"additional":"S. Dann","eventTime":"45'","eventType":"type-substitution","main":"T. Fosu-Mensah"}],"stats":{"awayGates":"1","awayPasses":"383","awayPossession":37.3,"awayShots":"3","homeGates":"7","homePasses":"631","homePossession":62.7,"homeShots":"7"},"competition":"League Cup","date":"2017-08-22","match":"crystal-palace-v-ipswich-town"}