{"result":{"awayTeamName":"Hull City","homeTeamName":"Doncaster Rovers","location":"The Keepmoat Stadium","score":"2 - 0","startDate":"2017-08-22T18:45:00+00:00"},"events":[{"additional":"Yellow Card","eventTime":"86'","eventType":"type-yellow_card","main":"D. Batty"},{"additional":"R. Kongolo","eventTime":"83'","eventType":"type-substitution","main":"N. Mason"},{"additional":"T. Hamilton","eventTime":"77'","eventType":"type-substitution","main":"B. Hinchliffe"},{"additional":"T. Rowe","eventTime":"74'","eventType":"type-substitution","main":"T. Garratt"},{"additional":"Yellow Card","eventTime":"73'","eventType":"type-yellow_card","main":"G. Olley"},{"additional":"B. Fleming","eventTime":"68'","eventType":"type-substitution","main":"E. Barkworth"},{"additional":"J. Marquis","eventTime":"60'","eventType":"type-substitution","main":"A. Williams"},{"additional":"A. May","eventTime":"54'","eventType":"type-goal","main":"T. Rowe"},{"additional":"I. Ben Khémis","eventTime":"48'","eventType":"type-goal","main":"A. May"},{"additional":"Yellow Card","eventTime":"11'","eventType":"type-yellow_card","main":"J. Clackstone"}],"stats":{"awayGates":"1","awayPasses":"0","awayPossession":50.0,"awayShots":"3","homeGates":"7","homePasses":"0","homePossession":50.0,"homeShots":"6"},"competition":"League Cup","date":"2017-08-22","match":"doncaster-rovers-v-hull-city"}