{"result":{"awayTeamName":"Bristol Rovers","homeTeamName":"Fulham","location":"Craven Cottage","score":"0 - 1","startDate":"2017-08-22T18:45:00+00:00"},"events":[{"additional":"Yellow Card","eventTime":"90' + 3'","eventType":"type-yellow_card","main":"R. Sweeney"},{"additional":"Yellow Card","eventTime":"85'","eventType":"type-yellow_card","main":"R. Gaffney"},{"additional":"Yellow Card","eventTime":"85'","eventType":"type-yellow_card","main":"S. Slocombe"},{"additional":"A. Edun","eventTime":"82'","eventType":"type-substitution","main":"R. Sessegnon"},{"additional":"B. Moore","eventTime":"82'","eventType":"type-substitution","main":"R. Broom"},{"additional":"E. Harrison","eventTime":"68'","eventType":"type-substitution","main":"R. Gaffney"},{"additional":"B. Bodin","eventTime":"61'","eventType":"type-substitution","main":"T. Nichols"},{"additional":"L. Sercombe","eventTime":"13'","eventType":"type-goal","main":"E. Harrison"}],"stats":{"awayGates":"2","awayPasses":"249","awayPossession":27.5,"awayShots":"1","homeGates":"2","homePasses":"653","homePossession":72.5,"homeShots":"9"},"competition":"League Cup","date":"2017-08-22","match":"fulham-v-bristol-rovers"}