{"result":{"awayTeamName":"Derby County","homeTeamName":"Grimsby Town","location":"Blundell Park","score":"0 - 1","startDate":"2017-08-22T18:45:00+00:00"},"events":[{"additional":"T. Lawrence","eventTime":"81'","eventType":"type-substitution","main":"T. Elšnik"},{"additional":"S. Dembele","eventTime":"80'","eventType":"type-substitution","main":"D. Jaiyesimi"},{"additional":"M. Bennett","eventTime":"75'","eventType":"type-substitution","main":"K. Gordon"},{"additional":"Yellow Card","eventTime":"69'","eventType":"type-yellow_card","main":"C. Bryson"},{"additional":"M. Vydra","eventTime":"67'","eventType":"type-substitution","main":"I. Anya"},{"additional":"S. Kelly","eventTime":"64'","eventType":"type-substitution","main":"Z. Mills"},{"additional":"J. Hooper","eventTime":"64'","eventType":"type-substitution","main":"H. Cardwell"},{"additional":"Yellow Card","eventTime":"55'","eventType":"type-yellow_card","main":"P. Dixon"},{"additional":"Yellow Card","eventTime":"55'","eventType":"type-yellow_card","main":"B. Davies"},{"additional":"Goal","eventTime":"53'","eventType":"type-goal","main":"M. Vydra"},{"additional":"Yellow Card","eventTime":"47'","eventType":"type-yellow_card","main":"A. Pearce"},{"additional":"Yellow Card","eventTime":"38'","eventType":"type-yellow_card","main":"T. Lawrence"},{"additional":"Yellow Card","eventTime":"28'","eventType":"type-yellow_card","main":"J. Berrett"}],"stats":{"awayGates":"2","awayPasses":"0","awayPossession":48.0,"awayShots":"6","homeGates":"3","homePasses":"0","homePossession":52.0,"homeShots":"5"},"competition":"League Cup","date":"2017-08-22","match":"grimsby-town-v-derby-county"}