{"result":{"awayTeamName":"Newport County","homeTeamName":"Leeds United","location":"Elland Road","score":"5 - 1","startDate":"2017-08-22T18:45:00+00:00"},"events":[{"additional":"Yellow Card","eventTime":"90' + 4'","eventType":"type-yellow_card","main":"M. O'Brien"},{"additional":"Yellow Card","eventTime":"90' + 1'","eventType":"type-yellow_card","main":"L. Cooper"},{"additional":"L. Cooper","eventTime":"89'","eventType":"type-goal","main":"R. Vieira Nan"},{"additional":"Yellow Card","eventTime":"79'","eventType":"type-yellow_card","main":"M. Dolan"},{"additional":"Goal","eventTime":"78'","eventType":"type-goal","main":"Samuel Sáiz"},{"additional":"Yellow Card","eventTime":"76'","eventType":"type-yellow_card","main":"S. Dallas"},{"additional":"K. Roofe","eventTime":"75'","eventType":"type-substitution","main":"E. Alioski"},{"additional":"Yellow Card","eventTime":"73'","eventType":"type-yellow_card","main":"M. Klich"},{"additional":"Yellow Card","eventTime":"72'","eventType":"type-yellow_card","main":"J. Quigley"},{"additional":"S. Rigg","eventTime":"71'","eventType":"type-substitution","main":"B. Tozer"},{"additional":"L. Reynolds","eventTime":"66'","eventType":"type-substitution","main":"J. Quigley"},{"additional":"E. Stokes","eventTime":"66'","eventType":"type-substitution","main":"Samuel Sáiz"},{"additional":"L. Ayling","eventTime":"65'","eventType":"type-goal","main":"K. Roofe"},{"additional":"V. Anita","eventTime":"60'","eventType":"type-substitution","main":"L. Cooper"},{"additional":"S. McCoulsky","eventTime":"54'","eventType":"type-substitution","main":"F. Nouble"},{"additional":"Goal","eventTime":"49'","eventType":"type-goal","main":"K. Roofe"},{"additional":"Yellow Card","eventTime":"45' + 1'","eventType":"type-yellow_card","main":"R. Vieira Nan"},{"additional":"S. Dallas","eventTime":"44'","eventType":"type-goal","main":"K. Roofe"},{"additional":"Yellow Card","eventTime":"38'","eventType":"type-yellow_card","main":"Madger Antonio"},{"additional":"Yellow Card","eventTime":"37'","eventType":"type-yellow_card","main":"J. Labadie"},{"additional":"Goal","eventTime":"33'","eventType":"type-goal","main":"J. Labadie"}],"stats":{"awayGates":"8","awayPasses":"0","awayPossession":42.0,"awayShots":"4","homeGates":"12","homePasses":"0","homePossession":58.0,"homeShots":"5"},"competition":"League Cup","date":"2017-08-22","match":"leeds-united-v-newport-county"}