{"result":{"awayTeamName":"Scunthorpe United","homeTeamName":"Middlesbrough","location":"Riverside Stadium","score":"3 - 0","startDate":"2017-08-22T18:45:00+00:00"},"events":[{"additional":"A. Fletcher","eventTime":"81'","eventType":"type-substitution","main":"R. Gestede"},{"additional":"G. Leadbitter","eventTime":"80'","eventType":"type-substitution","main":"L. Wing"},{"additional":"N. Bishop","eventTime":"70'","eventType":"type-substitution","main":"D. Redmond"},{"additional":"M. Tavernier","eventTime":"64'","eventType":"type-substitution","main":"S. Downing"},{"additional":"P. Madden","eventTime":"62'","eventType":"type-substitution","main":"T. Hopper"},{"additional":"M. Tavernier","eventTime":"55'","eventType":"type-goal","main":"A. Fletcher"},{"additional":"G. Leadbitter","eventTime":"30'","eventType":"type-goal","main":"L. Baker"},{"additional":"Adama Traoré","eventTime":"17'","eventType":"type-goal","main":"Fábio"}],"stats":{"awayGates":"1","awayPasses":"0","awayPossession":44.0,"awayShots":"5","homeGates":"5","homePasses":"0","homePossession":56.0,"homeShots":"7"},"competition":"League Cup","date":"2017-08-22","match":"middlesbrough-v-scunthorpe-united"}