{"result":{"awayTeamName":"Swansea City","homeTeamName":"Milton Keynes Dons","location":"Stadium mk","score":"1 - 4","startDate":"2017-08-22T18:45:00+00:00"},"events":[{"additional":"T. Carroll","eventTime":"87'","eventType":"type-substitution","main":"A. King"},{"additional":"Àngel Rangel","eventTime":"86'","eventType":"type-goal","main":"J. Ayew"},{"additional":"K. Bartley","eventTime":"82'","eventType":"type-substitution","main":"A. Mawson"},{"additional":"J. Walsh","eventTime":"75'","eventType":"type-substitution","main":"A. Tshibola"},{"additional":"J. Fulton","eventTime":"75'","eventType":"type-substitution","main":"L. Narsingh"},{"additional":"J. Ayew","eventTime":"71'","eventType":"type-goal","main":"T. Abraham"},{"additional":"G. Ariyibi","eventTime":"67'","eventType":"type-substitution","main":"B. Thomas-Asante"},{"additional":"Yellow Card","eventTime":"65'","eventType":"type-yellow_card","main":"T. Carroll"},{"additional":"Yellow Card","eventTime":"62'","eventType":"type-yellow_card","main":"J. Walsh"},{"additional":"T. Carroll","eventTime":"59'","eventType":"type-goal","main":"L. Fer"},{"additional":"R. Seager","eventTime":"54'","eventType":"type-substitution","main":"S. Nombe"},{"additional":"J. Fulton","eventTime":"19'","eventType":"type-goal","main":"L. Fer"},{"additional":"R. Muirhead","eventTime":"17'","eventType":"type-goal","main":"R. Seager"}],"stats":{"awayGates":"6","awayPasses":"692","awayPossession":67.1,"awayShots":"8","homeGates":"2","homePasses":"341","homePossession":32.9,"homeShots":"1"},"competition":"League Cup","date":"2017-08-22","match":"milton-keynes-dons-v-swansea-city"}