{"result":{"awayTeamName":"Charlton Athletic","homeTeamName":"Norwich City","location":"Carrow Road","score":"4 - 1","startDate":"2017-08-22T18:45:00+00:00"},"events":[{"additional":"Goal","eventTime":"89'","eventType":"type-goal","main":"T. Trybull"},{"additional":"J. Maddison","eventTime":"79'","eventType":"type-substitution","main":"Y. Wildschut"},{"additional":"W. Hoolahan","eventTime":"77'","eventType":"type-substitution","main":"T. Trybull"},{"additional":"Goal","eventTime":"74'","eventType":"type-goal","main":"M. Watkins"},{"additional":"R. Charles-Cook","eventTime":"67'","eventType":"type-substitution","main":"J. Dasilva"},{"additional":"M. Franke","eventTime":"61'","eventType":"type-substitution","main":"C. Zimmermann"},{"additional":"B. Clarke","eventTime":"58'","eventType":"type-substitution","main":"J. Magennis"},{"additional":"T. Fosu","eventTime":"57'","eventType":"type-substitution","main":"J. Pearce"},{"additional":"Goal","eventTime":"52'","eventType":"type-goal","main":"Josh Murphy"},{"additional":"M. Watkins","eventTime":"21'","eventType":"type-goal","main":"Josh Murphy"},{"additional":"T. Fosu","eventTime":"5'","eventType":"type-goal","main":"L. Novak"}],"stats":{"awayGates":"2","awayPasses":"0","awayPossession":41.0,"awayShots":"1","homeGates":"9","homePasses":"0","homePossession":59.0,"homeShots":"3"},"competition":"League Cup","date":"2017-08-22","match":"norwich-city-v-charlton-athletic"}