{"result":{"awayTeamName":"Brentford","homeTeamName":"Queens Park Rangers","location":"Loftus Road Stadium","score":"1 - 4","startDate":"2017-08-22T18:45:00+00:00"},"events":[{"additional":"J. Shaibu","eventTime":"83'","eventType":"type-goal","main":"J. Clarke"},{"additional":"I. Chatzitheodoridis","eventTime":"77'","eventType":"type-substitution","main":"H. Dalsgaard"},{"additional":"S. Caulker","eventTime":"75'","eventType":"type-substitution","main":"M. Smith"},{"additional":"P. Wszołek","eventTime":"69'","eventType":"type-substitution","main":"J. Mackie"},{"additional":"N. Maupay","eventTime":"69'","eventType":"type-substitution","main":"J. Shaibu"},{"additional":"K. Mokotjo","eventTime":"69'","eventType":"type-substitution","main":"R. Woods"},{"additional":"R. Manning","eventTime":"51'","eventType":"type-substitution","main":"L. Freeman"},{"additional":"Yellow Card","eventTime":"47'","eventType":"type-yellow_card","main":"J. Robinson"},{"additional":"Y. N'Gbakoto","eventTime":"43'","eventType":"type-goal","main":"D. Furlong"},{"additional":"R. Sawyers","eventTime":"32'","eventType":"type-goal","main":"N. Maupay"},{"additional":"A. Bjelland","eventTime":"19'","eventType":"type-goal","main":"J. Egan"},{"additional":"Yellow Card","eventTime":"17'","eventType":"type-yellow_card","main":"A. Baptiste"},{"additional":"Own Goal","eventTime":"10'","eventType":"type-own_goal","main":"A. Borysiuk"}],"stats":{"awayGates":"6","awayPasses":"0","awayPossession":50.0,"awayShots":"6","homeGates":"5","homePasses":"0","homePossession":50.0,"homeShots":"6"},"competition":"League Cup","date":"2017-08-22","match":"queens-park-rangers-v-brentford"}