{"result":{"awayTeamName":"Millwall","homeTeamName":"Reading","location":"Madejski Stadium","score":"3 - 1","startDate":"2017-08-22T19:00:00+00:00"},"events":[{"additional":"G. Evans","eventTime":"116'","eventType":"type-goal","main":"S. Smith"},{"additional":"A. Popa","eventTime":"105'","eventType":"type-goal","main":"G. Evans"},{"additional":"S. Ferguson","eventTime":"96'","eventType":"type-substitution","main":"J. Wallace"},{"additional":"L. Bacuna","eventTime":"95'","eventType":"type-substitution","main":"D. Loader"},{"additional":"A. Andresson","eventTime":"90' + 2'","eventType":"type-substitution","main":"T. Blackett"},{"additional":"C. Butcher","eventTime":"85'","eventType":"type-substitution","main":"A. O'Brien"},{"additional":"R. Tunnicliffe","eventTime":"78'","eventType":"type-substitution","main":"S. Williams"},{"additional":"S. Quinn","eventTime":"71'","eventType":"type-substitution","main":"M. Barrow"},{"additional":"T. Elliott","eventTime":"66'","eventType":"type-substitution","main":"S. Morison"},{"additional":"G. McCleary","eventTime":"45'","eventType":"type-substitution","main":"P. Clement"},{"additional":"Goal","eventTime":"37'","eventType":"type-goal","main":"S. Ferguson"},{"additional":"Goal","eventTime":"34'","eventType":"type-goal","main":"L. Bacuna"}],"stats":{"awayGates":"3","awayPasses":"0","awayPossession":37.0,"awayShots":"6","homeGates":"8","homePasses":"0","homePossession":63.0,"homeShots":"12"},"competition":"League Cup","date":"2017-08-22","match":"reading-v-millwall"}