{"result":{"awayTeamName":"Leicester City","homeTeamName":"Sheffield United","location":"Bramall Lane","score":"1 - 4","startDate":"2017-08-22T18:45:00+00:00"},"events":[{"additional":"Goal","eventTime":"90' + 3'","eventType":"type-goal","main":"A. Musa"},{"additional":"Assist","eventTime":"83'","eventType":"type-assist","main":"D. Brooks"},{"additional":"Goal","eventTime":"83'","eventType":"type-goal","main":"C. Lavery"},{"additional":"H. Maguire","eventTime":"81'","eventType":"type-substitution","main":"J. Knight"},{"additional":"W. Ndidi","eventTime":"77'","eventType":"type-substitution","main":"N. Mendy"},{"additional":"J. Wright","eventTime":"68'","eventType":"type-substitution","main":"C. Basham"},{"additional":"G. Baldock","eventTime":"68'","eventType":"type-substitution","main":"P. Coutts"},{"additional":"Assist","eventTime":"67'","eventType":"type-assist","main":"D. Gray"},{"additional":"Goal","eventTime":"67'","eventType":"type-goal","main":"I. Slimani"},{"additional":"Assist","eventTime":"63'","eventType":"type-assist","main":"A. King"},{"additional":"Goal","eventTime":"63'","eventType":"type-goal","main":"I. Slimani"},{"additional":"C. Evans","eventTime":"62'","eventType":"type-substitution","main":"B. Sharp"},{"additional":"Yellow Card","eventTime":"54'","eventType":"type-yellow_card","main":"J. Lundstram"},{"additional":"Assist","eventTime":"52'","eventType":"type-assist","main":"L. Ulloa"},{"additional":"Goal","eventTime":"52'","eventType":"type-goal","main":"D. Gray"},{"additional":"Yellow Card","eventTime":"24'","eventType":"type-yellow_card","main":"I. Slimani"},{"additional":"Yellow Card","eventTime":"20'","eventType":"type-yellow_card","main":"A. Musa"},{"additional":"Yellow Card","eventTime":"4'","eventType":"type-yellow_card","main":"D. Lafferty"}],"stats":{"awayGates":"7","awayPasses":"521","awayPossession":54.4,"awayShots":"8","homeGates":"6","homePasses":"437","homePossession":45.6,"homeShots":"2"},"competition":"League Cup","date":"2017-08-22","match":"sheffield-united-v-leicester-city"}