{"result":{"awayTeamName":"Bristol City","homeTeamName":"Watford","location":"Vicarage Road Stadium","score":"2 - 3","startDate":"2017-08-22T18:45:00+00:00"},"events":[{"additional":"C. Kabasele","eventTime":"90' + 5'","eventType":"type-goal","main":"A. Mariappa"},{"additional":"C. O'Dowda","eventTime":"90' + 3'","eventType":"type-goal","main":"N. Eliasson"},{"additional":"E. Capoue","eventTime":"79'","eventType":"type-substitution","main":"T. Cleverley"},{"additional":"F. Hinds","eventTime":"77'","eventType":"type-substitution","main":"M. Taylor"},{"additional":"W. Hughes","eventTime":"71'","eventType":"type-substitution","main":"A. Gray"},{"additional":"L. Kelly","eventTime":"67'","eventType":"type-goal","main":"B. Reid"},{"additional":"J. Hegeler","eventTime":"60'","eventType":"type-substitution","main":"K. Smith"},{"additional":"G. O'Neil","eventTime":"60'","eventType":"type-goal","main":"F. Hinds"},{"additional":"Yellow Card","eventTime":"53'","eventType":"type-yellow_card","main":"J. Holebas"},{"additional":"W. Hughes","eventTime":"47'","eventType":"type-goal","main":"E. Capoue"},{"additional":"N. Amrabat","eventTime":"45'","eventType":"type-substitution","main":"I. Success"},{"additional":"F. Diedhiou","eventTime":"45'","eventType":"type-substitution","main":"B. Reid"},{"additional":"Yellow Card","eventTime":"36'","eventType":"type-yellow_card","main":"E. Capoue"}],"stats":{"awayGates":"6","awayPasses":"317","awayPossession":37.7,"awayShots":"2","homeGates":"3","homePasses":"512","homePossession":62.3,"homeShots":"8"},"competition":"League Cup","date":"2017-08-22","match":"watford-v-bristol-city"}