{"result":{"awayTeamName":"Schalke 04","homeTeamName":"Hannover 96","location":"HDI-Arena","score":"2 - 2","startDate":"2012-08-26T15:30:00+00:00"},"events":[{"additional":"J. Draxler","eventTime":"80'","eventType":"type-substitution","main":"T. Barnetta"},{"additional":"J. Schlaudraff","eventTime":"80'","eventType":"type-goal","main":"A. Nikci"},{"additional":"Felipe","eventTime":"77'","eventType":"type-substitution","main":"A. Nikci"},{"additional":"Sérgio Pinto","eventTime":"69'","eventType":"type-substitution","main":"S. Huszti"},{"additional":"D. Ya Konan","eventTime":"65'","eventType":"type-substitution","main":"A. Sobiech"},{"additional":"J. Jones","eventTime":"64'","eventType":"type-goal","main":"L. Holtby"},{"additional":"Yellow Card","eventTime":"55'","eventType":"type-yellow_card","main":"L. Holtby"},{"additional":"Yellow Card","eventTime":"54'","eventType":"type-yellow_card","main":"J. Jones"},{"additional":"L. Holtby","eventTime":"52'","eventType":"type-goal","main":"K. Huntelaar"},{"additional":"C. Pander","eventTime":"43'","eventType":"type-goal","main":"Felipe"},{"additional":"Yellow Card","eventTime":"29'","eventType":"type-yellow_card","main":"J. Draxler"},{"additional":"Yellow Card","eventTime":"23'","eventType":"type-yellow_card","main":"L. Stindl"}],"stats":{"awayGates":"0","awayPasses":"0","awayPossession":100.0,"awayShots":"0","homeGates":"0","homePasses":"0","homePossession":0.0,"homeShots":"0"},"competition":"Bundesliga","date":"2012-08-27","match":"hannover-96-v-schalke-04"}