{"result":{"awayTeamName":"Lazio","homeTeamName":"Atalanta","location":"Stadio Atleti Azzurri d'Italia","score":"0 - 1","startDate":"2012-08-26T18:45:00+00:00"},"events":[{"additional":"A. Candreva","eventTime":"90'","eventType":"type-substitution","main":"L. Scaloni"},{"additional":"D. Biondini","eventTime":"90'","eventType":"type-substitution","main":"R. Cazzola"},{"additional":"Yellow Card","eventTime":"89'","eventType":"type-yellow_card","main":"L. Cana"},{"additional":"Álvaro González","eventTime":"84'","eventType":"type-substitution","main":"L. Cana"},{"additional":"S. Mauri","eventTime":"80'","eventType":"type-substitution","main":"O. Onazi"},{"additional":"G. Bonaventura","eventTime":"74'","eventType":"type-substitution","main":"F. Parra"},{"additional":"E. Schelotto","eventTime":"67'","eventType":"type-substitution","main":"J. Troisi"},{"additional":"Yellow Card","eventTime":"44'","eventType":"type-yellow_card","main":"M. Klose"},{"additional":"Yellow Card","eventTime":"36'","eventType":"type-yellow_card","main":"S. Lucchini"},{"additional":"Yellow Card","eventTime":"27'","eventType":"type-yellow_card","main":"S. Lulić"},{"additional":"S. Mauri","eventTime":"17'","eventType":"type-goal","main":"Hernanes"},{"additional":"Yellow Card","eventTime":"10'","eventType":"type-yellow_card","main":"S. Mauri"}],"stats":{"awayGates":"0","awayPasses":"0","awayPossession":100.0,"awayShots":"0","homeGates":"0","homePasses":"0","homePossession":0.0,"homeShots":"0"},"competition":"Serie A","date":"2012-08-27","match":"atalanta-v-lazio"}