{"result":{"awayTeamName":"Bologna","homeTeamName":"Chievo","location":"Stadio Marc'Antonio Bentegodi","score":"2 - 0","startDate":"2012-08-26T18:45:00+00:00"},"events":[{"additional":"R. Acquafresca","eventTime":"88'","eventType":"type-substitution","main":"C. Pasquato"},{"additional":"Red Card","eventTime":"87'","eventType":"type-red_card","main":"D. Pérez"},{"additional":"T. Guarente","eventTime":"85'","eventType":"type-substitution","main":"N. Pulzetti"},{"additional":"Luciano","eventTime":"85'","eventType":"type-substitution","main":"K. Vacek"},{"additional":"C. Théréau","eventTime":"84'","eventType":"type-substitution","main":"D. Moscardelli"},{"additional":"Yellow Card","eventTime":"82'","eventType":"type-yellow_card","main":"G. Sardo"},{"additional":"Luciano","eventTime":"79'","eventType":"type-goal","main":"R. Cruzado"},{"additional":"Yellow Card","eventTime":"78'","eventType":"type-yellow_card","main":"S. Taïder"},{"additional":"Yellow Card","eventTime":"77'","eventType":"type-yellow_card","main":"A. Diamanti"},{"additional":"G. Garics","eventTime":"68'","eventType":"type-substitution","main":"M. Gabbiadini"},{"additional":"R. Cruzado","eventTime":"65'","eventType":"type-goal","main":"S. Pellissier"},{"additional":"D. Di Michele","eventTime":"61'","eventType":"type-substitution","main":"R. Cruzado"},{"additional":"Yellow Card","eventTime":"45'","eventType":"type-yellow_card","main":"C. Théréau"},{"additional":"Yellow Card","eventTime":"33'","eventType":"type-yellow_card","main":"M. Antonsson"},{"additional":"Yellow Card","eventTime":"31'","eventType":"type-yellow_card","main":"P. Hetemaj"}],"stats":{"awayGates":"0","awayPasses":"0","awayPossession":100.0,"awayShots":"0","homeGates":"0","homePasses":"0","homePossession":0.0,"homeShots":"0"},"competition":"Serie A","date":"2012-08-27","match":"chievo-v-bologna"}