{"result":{"awayTeamName":"Cagliari","homeTeamName":"Genoa","location":"Stadio Comunale Luigi Ferraris","score":"2 - 0","startDate":"2012-08-26T18:45:00+00:00"},"events":[{"additional":"M. Pinilla","eventTime":"86'","eventType":"type-substitution","main":"Thiago Ribeiro"},{"additional":"Goal","eventTime":"85'","eventType":"type-goal","main":"C. Immobile"},{"additional":"D. Dessena","eventTime":"83'","eventType":"type-substitution","main":"V. Ibarbo"},{"additional":"Yellow Card","eventTime":"75'","eventType":"type-yellow_card","main":"M. Pinilla"},{"additional":"L. Antonelli","eventTime":"70'","eventType":"type-substitution","main":"E. Moretti"},{"additional":"F. Seymour","eventTime":"67'","eventType":"type-substitution","main":"D. Tőzsér"},{"additional":"Danilo Avelar","eventTime":"59'","eventType":"type-substitution","main":"G. Perico"},{"additional":"Goal","eventTime":"51'","eventType":"type-goal","main":"A. Merkel"},{"additional":"C. Jorquera","eventTime":"46'","eventType":"type-substitution","main":"M. Rossi"},{"additional":"Yellow Card","eventTime":"36'","eventType":"type-yellow_card","main":"D. Dessena"},{"additional":"Penalty Miss","eventTime":"17'","eventType":"type-penalty_miss","main":"C. Jorquera"},{"additional":"Penalty Save","eventTime":"17'","eventType":"type-penalty_save","main":"M. Agazzi"},{"additional":"Yellow Card","eventTime":"16'","eventType":"type-yellow_card","main":"D. Astori"}],"stats":{"awayGates":"0","awayPasses":"0","awayPossession":100.0,"awayShots":"0","homeGates":"0","homePasses":"0","homePossession":0.0,"homeShots":"0"},"competition":"Serie A","date":"2012-08-27","match":"genoa-v-cagliari"}