{"result":{"awayTeamName":"Sampdoria","homeTeamName":"Milan","location":"Stadio Giuseppe Meazza","score":"0 - 1","startDate":"2012-08-26T16:00:00+00:00"},"events":[{"additional":"Yellow Card","eventTime":"90' + 2'","eventType":"type-yellow_card","main":"D. Bonera"},{"additional":"Yellow Card","eventTime":"82'","eventType":"type-yellow_card","main":"S. Romero"},{"additional":"A. Poli","eventTime":"81'","eventType":"type-substitution","main":"G. Munari"},{"additional":"Yellow Card","eventTime":"79'","eventType":"type-yellow_card","main":"F. Tissone"},{"additional":"E. Martins","eventTime":"76'","eventType":"type-substitution","main":"R. Soriano"},{"additional":"A. Nocerino","eventTime":"75'","eventType":"type-substitution","main":"K. Constant"},{"additional":"M. Estigarribia","eventTime":"73'","eventType":"type-substitution","main":"M. López"},{"additional":"Yellow Card","eventTime":"69'","eventType":"type-yellow_card","main":"A. Costa"},{"additional":"Yellow Card","eventTime":"67'","eventType":"type-yellow_card","main":"K. Boateng"},{"additional":"Robinho","eventTime":"59'","eventType":"type-substitution","main":"U. Emanuelson"},{"additional":"F. Tissone","eventTime":"59'","eventType":"type-goal","main":"A. Costa"},{"additional":"S. El Shaarawy","eventTime":"56'","eventType":"type-substitution","main":"G. Pazzini"},{"additional":"Yellow Card","eventTime":"42'","eventType":"type-yellow_card","main":"D. Gastaldello"},{"additional":"Yellow Card","eventTime":"16'","eventType":"type-yellow_card","main":"N. Krstičić"}],"stats":{"awayGates":"0","awayPasses":"0","awayPossession":100.0,"awayShots":"0","homeGates":"0","homePasses":"0","homePossession":0.0,"homeShots":"0"},"competition":"Serie A","date":"2012-08-27","match":"milan-v-sampdoria"}