{"result":{"awayTeamName":"Napoli","homeTeamName":"Palermo","location":"Stadio Renzo Barbera","score":"0 - 3","startDate":"2012-08-26T18:45:00+00:00"},"events":[{"additional":"Yellow Card","eventTime":"90' + 1'","eventType":"type-yellow_card","main":"M. De Sanctis"},{"additional":"M. Hamšík","eventTime":"90'","eventType":"type-substitution","main":"M. Donadel"},{"additional":"E. Vargas","eventTime":"88'","eventType":"type-goal","main":"E. Cavani"},{"additional":"Yellow Card","eventTime":"81'","eventType":"type-yellow_card","main":"M. Britos"},{"additional":"É. Barreto","eventTime":"80'","eventType":"type-substitution","main":"I. Budan"},{"additional":"M. Hamšík","eventTime":"79'","eventType":"type-goal","main":"C. Maggio"},{"additional":"G. İnler","eventTime":"77'","eventType":"type-substitution","main":"E. Vargas"},{"additional":"Yellow Card","eventTime":"63'","eventType":"type-yellow_card","main":"S. Aronica"},{"additional":"Yellow Card","eventTime":"62'","eventType":"type-yellow_card","main":"É. Barreto"},{"additional":"L. Insigne","eventTime":"61'","eventType":"type-substitution","main":"B. Džemaili"},{"additional":"M. Donati","eventTime":"55'","eventType":"type-substitution","main":"E. Arévalo"},{"additional":"Yellow Card","eventTime":"48'","eventType":"type-yellow_card","main":"N. Bertolo"},{"additional":"C. Maggio","eventTime":"45' + 2'","eventType":"type-goal","main":"M. Hamšík"},{"additional":"Yellow Card","eventTime":"44'","eventType":"type-yellow_card","main":"S. von Bergen"},{"additional":"F. Brienza","eventTime":"29'","eventType":"type-substitution","main":"G. Migliaccio"}],"stats":{"awayGates":"0","awayPasses":"0","awayPossession":100.0,"awayShots":"0","homeGates":"0","homePasses":"0","homePossession":0.0,"homeShots":"0"},"competition":"Serie A","date":"2012-08-27","match":"palermo-v-napoli"}