{"result":{"awayTeamName":"Internazionale","homeTeamName":"Pescara","location":"Stadio Adriatico-Giovanni Cornacchia","score":"0 - 3","startDate":"2012-08-26T18:45:00+00:00"},"events":[{"additional":"W. Gargano","eventTime":"86'","eventType":"type-substitution","main":"A. Duncan"},{"additional":"D. Milito","eventTime":"84'","eventType":"type-substitution","main":"M. Livaja"},{"additional":"D. Milito","eventTime":"81'","eventType":"type-goal","main":"Philippe Coutinho"},{"additional":"Jonathas","eventTime":"75'","eventType":"type-substitution","main":"E. Abbruscato"},{"additional":"A. Cassano","eventTime":"68'","eventType":"type-substitution","main":"Philippe Coutinho"},{"additional":"G. Caprari","eventTime":"65'","eventType":"type-substitution","main":"Mervan Çelik"},{"additional":"M. Lund Nielsen","eventTime":"61'","eventType":"type-substitution","main":"J. Quintero"},{"additional":"Yellow Card","eventTime":"36'","eventType":"type-yellow_card","main":"D. Zanon"},{"additional":"Yellow Card","eventTime":"33'","eventType":"type-yellow_card","main":"G. Colucci"},{"additional":"A. Cassano","eventTime":"19'","eventType":"type-goal","main":"D. Milito"},{"additional":"D. Milito","eventTime":"17'","eventType":"type-goal","main":"W. Sneijder"},{"additional":"Yellow Card","eventTime":"14'","eventType":"type-yellow_card","main":"W. Gargano"},{"additional":"Yellow Card","eventTime":"12'","eventType":"type-yellow_card","main":"V. Weiss"}],"stats":{"awayGates":"0","awayPasses":"0","awayPossession":100.0,"awayShots":"0","homeGates":"0","homePasses":"0","homePossession":0.0,"homeShots":"0"},"competition":"Serie A","date":"2012-08-27","match":"pescara-v-internazionale"}