{"result":{"awayTeamName":"Torino","homeTeamName":"Robur Siena","location":"Stadio Comunale Artemio Franchi - Montepaschi Arena","score":"0 - 0","startDate":"2012-08-26T18:45:00+00:00"},"events":[{"additional":"S. Masiello","eventTime":"90' + 3'","eventType":"type-substitution","main":"D. D'Ambrosio"},{"additional":"Felipe","eventTime":"86'","eventType":"type-substitution","main":"M. Paci"},{"additional":"G. Vives","eventTime":"76'","eventType":"type-substitution","main":"M. Basha"},{"additional":"Yellow Card","eventTime":"69'","eventType":"type-yellow_card","main":"S. Masiello"},{"additional":"V. Verre","eventTime":"57'","eventType":"type-substitution","main":"A. Sestu"},{"additional":"A. Stevanović","eventTime":"55'","eventType":"type-substitution","main":"M. Santana"},{"additional":"E. Bogdani","eventTime":"45' + 1'","eventType":"type-substitution","main":"F. Valiani"}],"stats":{"awayGates":"0","awayPasses":"0","awayPossession":100.0,"awayShots":"0","homeGates":"0","homePasses":"0","homePossession":0.0,"homeShots":"0"},"competition":"Serie A","date":"2012-08-27","match":"robur-siena-v-torino"}