{"result":{"awayTeamName":"Catania","homeTeamName":"Roma","location":"Stadio Olimpico","score":"2 - 2","startDate":"2012-08-26T18:45:00+00:00"},"events":[{"additional":"Yellow Card","eventTime":"90' + 4'","eventType":"type-yellow_card","main":"G. Marchese"},{"additional":"M. Bradley","eventTime":"90' + 1'","eventType":"type-goal","main":"N. López"},{"additional":"Yellow Card","eventTime":"87'","eventType":"type-yellow_card","main":"Marquinho"},{"additional":"M. Biagianti","eventTime":"85'","eventType":"type-substitution","main":"F. Sciacca"},{"additional":"F. Totti","eventTime":"85'","eventType":"type-substitution","main":"N. López"},{"additional":"Yellow Card","eventTime":"81'","eventType":"type-yellow_card","main":"P. Álvarez"},{"additional":"G. Bergessio","eventTime":"76'","eventType":"type-substitution","main":"M. Antenucci"},{"additional":"M. Pjanić","eventTime":"72'","eventType":"type-substitution","main":"A. Florenzi"},{"additional":"E. Lamela","eventTime":"72'","eventType":"type-substitution","main":"Marquinho"},{"additional":"F. Lodi","eventTime":"69'","eventType":"type-goal","main":"A. Gómez"},{"additional":"P. Barrientos","eventTime":"66'","eventType":"type-substitution","main":"L. Castro"},{"additional":"D. De Rossi","eventTime":"59'","eventType":"type-goal","main":"D. Osvaldo"},{"additional":"Goal","eventTime":"29'","eventType":"type-goal","main":"G. Marchese"},{"additional":"Yellow Card","eventTime":"28'","eventType":"type-yellow_card","main":"N. Burdisso"},{"additional":"Yellow Card","eventTime":"12'","eventType":"type-yellow_card","main":"M. Bradley"}],"stats":{"awayGates":"0","awayPasses":"0","awayPossession":100.0,"awayShots":"0","homeGates":"0","homePasses":"0","homePossession":0.0,"homeShots":"0"},"competition":"Serie A","date":"2012-08-27","match":"roma-v-catania"}