{"result":{"awayTeamName":"Colorado Rapids","homeTeamName":"Portland Timbers","location":"Providence Park","score":"1 - 0","startDate":"2012-09-01T02:50:00+00:00"},"events":[{"additional":"B. Dike","eventTime":"88'","eventType":"type-substitution","main":"K. Boyd"},{"additional":"Yellow Card","eventTime":"87'","eventType":"type-yellow_card","main":"T. Wahl"},{"additional":"F. Songo'o","eventTime":"78'","eventType":"type-substitution","main":"R. Wallace"},{"additional":"T. Cascio","eventTime":"77'","eventType":"type-substitution","main":"J. Castrillón"},{"additional":"D. Nagbe","eventTime":"75'","eventType":"type-substitution","main":"E. Alexander"},{"additional":"Yellow Card","eventTime":"71'","eventType":"type-yellow_card","main":"J. Larentowicz"},{"additional":"C. Casey","eventTime":"67'","eventType":"type-substitution","main":"A. Akpan"},{"additional":"B. Mullan","eventTime":"46'","eventType":"type-substitution","main":"O. Cummings"},{"additional":"Goal","eventTime":"45'","eventType":"type-goal","main":"B. Dike"},{"additional":"Yellow Card","eventTime":"30'","eventType":"type-yellow_card","main":"S. Smith"}],"stats":{"awayGates":"0","awayPasses":"0","awayPossession":100.0,"awayShots":"0","homeGates":"0","homePasses":"0","homePossession":0.0,"homeShots":"0"},"competition":"MLS","date":"2012-08-31","match":"portland-timbers-v-colorado-rapids"}