{"result":{"awayTeamName":"Manchester City","homeTeamName":"Cardiff City","location":"Cardiff City Stadium","score":"0 - 2","startDate":"2018-01-28T16:00:00+00:00"},"events":[{"additional":"Yellow 2nd/RC","eventTime":"90' + 2'","eventType":"type-second_yellow_card","main":"J. Bennett"},{"additional":"Bernardo Silva","eventTime":"89'","eventType":"type-substitution","main":"Brahim Diaz"},{"additional":"J. Ralls","eventTime":"88'","eventType":"type-substitution","main":"L. Damour"},{"additional":"Yellow Card","eventTime":"80'","eventType":"type-yellow_card","main":"Fernandinho"},{"additional":"N. Mendez-Laing","eventTime":"78'","eventType":"type-substitution","main":"L. Feeney"},{"additional":"Yellow Card","eventTime":"77'","eventType":"type-yellow_card","main":"B. Écuélé Manga"},{"additional":"K. Zohorè","eventTime":"67'","eventType":"type-substitution","main":"A. Pilkington"},{"additional":"L. Sané","eventTime":"46'","eventType":"type-substitution","main":"S. Agüero"},{"additional":"Yellow Card","eventTime":"45'","eventType":"type-yellow_card","main":"J. Bennett"},{"additional":"Assist","eventTime":"37'","eventType":"type-assist","main":"Bernardo Silva"},{"additional":"Goal","eventTime":"37'","eventType":"type-goal","main":"R. Sterling"},{"additional":"Goal","eventTime":"8'","eventType":"type-goal","main":"K. De Bruyne"}],"stats":{"awayGates":"7","awayPasses":"659","awayPossession":77.3,"awayShots":"4","homeGates":"2","homePasses":"194","homePossession":22.7,"homeShots":"5"},"competition":"FA Cup","date":"2018-01-29","match":"cardiff-city-v-manchester-city"}