{"result":{"awayTeamName":"Newcastle United","homeTeamName":"Chelsea","location":"Stamford Bridge","score":"3 - 0","startDate":"2018-01-28T13:30:00+00:00"},"events":[{"additional":"I. Hayden","eventTime":"83'","eventType":"type-substitution","main":"C. Atsu"},{"additional":"Pedro","eventTime":"81'","eventType":"type-substitution","main":"C. Hudson-Odoi"},{"additional":"N. Kanté","eventTime":"78'","eventType":"type-substitution","main":"E. Ampadu"},{"additional":"Javi Manquillo","eventTime":"77'","eventType":"type-substitution","main":"Jacob Murphy"},{"additional":"E. Hazard","eventTime":"73'","eventType":"type-substitution","main":"R. Barkley"},{"additional":"Goal","eventTime":"72'","eventType":"type-goal","main":"Marcos Alonso"},{"additional":"D. Gayle","eventTime":"64'","eventType":"type-substitution","main":"Joselu"},{"additional":"Assist","eventTime":"44'","eventType":"type-assist","main":"E. Hazard"},{"additional":"Goal","eventTime":"44'","eventType":"type-goal","main":"M. Batshuayi"},{"additional":"Assist","eventTime":"31'","eventType":"type-assist","main":"Marcos Alonso"},{"additional":"Goal","eventTime":"31'","eventType":"type-goal","main":"M. Batshuayi"},{"additional":"Yellow Card","eventTime":"17'","eventType":"type-yellow_card","main":"C. Mbemba"}],"stats":{"awayGates":"6","awayPasses":"386","awayPossession":39.0,"awayShots":"2","homeGates":"8","homePasses":"618","homePossession":61.0,"homeShots":"6"},"competition":"FA Cup","date":"2018-01-29","match":"chelsea-v-newcastle-united"}