{"result":{"awayTeamName":"København","homeTeamName":"Jablonec","location":"Stadion Střelnice","score":"0 - 1","startDate":"2015-07-29T16:00:00+00:00"},"events":[{"additional":"F. Santander","eventTime":"88'","eventType":"type-substitution","main":"M. Pourié"},{"additional":"B. Verbič","eventTime":"81'","eventType":"type-substitution","main":"K. Kusk"},{"additional":"T. Wagner","eventTime":"77'","eventType":"type-substitution","main":"M. Dolezal"},{"additional":"Red Card","eventTime":"69'","eventType":"type-red_card","main":"S. Tecl"},{"additional":"Y. Toutouh","eventTime":"63'","eventType":"type-substitution","main":"W. Kvist"},{"additional":"M. Pospíšil","eventTime":"63'","eventType":"type-substitution","main":"M. Travnik"},{"additional":"L. Masopust","eventTime":"62'","eventType":"type-substitution","main":"S. Tecl"},{"additional":"Yellow Card","eventTime":"56'","eventType":"type-yellow_card","main":"T. Delaney"},{"additional":"Goal","eventTime":"51'","eventType":"type-goal","main":"B. Verbič"},{"additional":"Yellow Card","eventTime":"43'","eventType":"type-yellow_card","main":"T. Hübschman"}],"stats":{"awayGates":"0","awayPasses":"0","awayPossession":100.0,"awayShots":"0","homeGates":"0","homePasses":"0","homePossession":0.0,"homeShots":"0"},"competition":"UEFA Europa League","date":"2015-07-29","match":"jablonec-v-k%C3%B8benhavn"}