{"result":{"awayTeamName":"Eibar","homeTeamName":"Espanyol","location":"RCDE Stadium","score":"4 - 2","startDate":"2016-05-15T17:00:00+00:00"},"events":[{"eventType":"type-yellow_card"},{"eventType":"type-goal"},{"eventType":"type-yellow_card"},{"eventType":"type-substitution"},{"eventType":"type-substitution"},{"eventType":"type-goal"},{"eventType":"type-substitution"},{"eventType":"type-substitution"},{"eventType":"type-goal"},{"eventType":"type-yellow_card"},{"eventType":"type-goal"},{"eventType":"type-yellow_card"},{"eventType":"type-substitution"},{"eventType":"type-yellow_card"},{"eventType":"type-substitution"},{"eventType":"type-goal"},{"eventType":"type-yellow_card"},{"eventType":"type-yellow_card"},{"eventType":"type-goal"}],"stats":{"awayGates":"8","awayPasses":"411","awayPossession":50.2,"awayShots":"3","homeGates":"7","homePasses":"425","homePossession":49.8,"homeShots":"3"},"competition":"Primera División","date":"2016-05-16","match":"espanyol-v-eibar"}