{"result":{"awayTeamName":"Levante","homeTeamName":"Rayo Vallecano","location":"Estadio del Rayo Vallecano (de Vallecas Teresa Rivero)","score":"3 - 1","startDate":"2016-05-15T17:30:00+00:00"},"events":[{"eventType":"type-yellow_card"},{"eventType":"type-substitution"},{"eventType":"type-yellow_card"},{"eventType":"type-substitution"},{"eventType":"type-goal"},{"eventType":"type-yellow_card"},{"eventType":"type-goal"},{"eventType":"type-yellow_card"},{"eventType":"type-substitution"},{"eventType":"type-substitution"},{"eventType":"type-substitution"},{"eventType":"type-substitution"},{"eventType":"type-goal"},{"eventType":"type-goal"}],"stats":{"awayGates":"2","awayPasses":"408","awayPossession":44.2,"awayShots":"3","homeGates":"9","homePasses":"512","homePossession":55.8,"homeShots":"6"},"competition":"Primera División","date":"2016-05-16","match":"rayo-vallecano-v-levante"}