{"result":{"awayTeamName":"Getafe","homeTeamName":"Real Betis","location":"Estadio Benito Villamarín","score":"2 - 1","startDate":"2016-05-15T17:30:00+00:00"},"events":[{"eventType":"type-yellow_card"},{"eventType":"type-goal"},{"eventType":"type-yellow_card"},{"eventType":"type-substitution"},{"eventType":"type-red_card"},{"eventType":"type-goal"},{"eventType":"type-yellow_card"},{"eventType":"type-yellow_card"},{"eventType":"type-substitution"},{"eventType":"type-yellow_card"},{"eventType":"type-substitution"},{"eventType":"type-substitution"},{"eventType":"type-substitution"},{"eventType":"type-goal"},{"eventType":"type-yellow_card"},{"eventType":"type-yellow_card"},{"eventType":"type-yellow_card"},{"eventType":"type-substitution"},{"eventType":"type-yellow_card"}],"stats":{"awayGates":"5","awayPasses":"317","awayPossession":39.7,"awayShots":"7","homeGates":"4","homePasses":"500","homePossession":60.3,"homeShots":"3"},"competition":"Primera División","date":"2016-05-16","match":"real-betis-v-getafe"}