{"result":{"awayTeamName":"Villarreal","homeTeamName":"Sporting Gijón","location":"Estadio Municipal El Molinón","score":"2 - 0","startDate":"2016-05-15T17:30:00+00:00"},"events":[{"eventType":"type-yellow_card"},{"eventType":"type-substitution"},{"eventType":"type-goal"},{"eventType":"type-substitution"},{"eventType":"type-substitution"},{"eventType":"type-substitution"},{"eventType":"type-substitution"},{"eventType":"type-yellow_card"},{"eventType":"type-yellow_card"},{"eventType":"type-substitution"},{"eventType":"type-goal"}],"stats":{"awayGates":"5","awayPasses":"498","awayPossession":47.8,"awayShots":"3","homeGates":"6","homePasses":"531","homePossession":52.2,"homeShots":"5"},"competition":"Primera División","date":"2016-05-16","match":"sporting-gij%C3%B3n-v-villarreal"}