{"result":{"awayTeamName":"Lazio","homeTeamName":"Bologna","location":"Stadio Renato Dall'Ara","score":"0 - 2","startDate":"2017-03-05T19:45:00+00:00"},"events":[{"additional":"S. Milinković-Savić","eventTime":"81'","eventType":"type-substitution","main":"Wallace"},{"additional":"A. Masina","eventTime":"77'","eventType":"type-substitution","main":"L. Krejčí"},{"additional":"F. Viviani","eventTime":"76'","eventType":"type-substitution","main":"E. Pulgar"},{"additional":"S. Milinković-Savić","eventTime":"74'","eventType":"type-goal","main":"C. Immobile"},{"additional":"Yellow Card","eventTime":"72'","eventType":"type-yellow_card","main":"K. Baldé"},{"additional":"Yellow Card","eventTime":"72'","eventType":"type-yellow_card","main":"B. Džemaili"},{"additional":"Felipe Anderson","eventTime":"68'","eventType":"type-substitution","main":"K. Baldé"},{"additional":"Yellow Card","eventTime":"64'","eventType":"type-yellow_card","main":"D. Maietta"},{"additional":"S. Verdi","eventTime":"62'","eventType":"type-substitution","main":"M. Destro"},{"additional":"L. Biglia","eventTime":"54'","eventType":"type-substitution","main":"A. Murgia"},{"additional":"S. Lulić","eventTime":"9'","eventType":"type-goal","main":"C. Immobile"}],"stats":{"awayGates":"6","awayPasses":"532","awayPossession":53.9,"awayShots":"3","homeGates":"3","homePasses":"466","homePossession":46.1,"homeShots":"5"},"competition":"Serie A","date":"2017-03-06","match":"bologna-v-lazio"}