{"result":{"awayTeamName":"Internazionale","homeTeamName":"Cagliari","location":"Stadio Sant'Elia","score":"1 - 5","startDate":"2017-03-05T14:00:00+00:00"},"events":[{"additional":"Assist","eventTime":"88'","eventType":"type-assist","main":"E. Martins"},{"additional":"Goal","eventTime":"88'","eventType":"type-goal","main":"R. Gagliardini"},{"additional":"C. Ansaldi","eventTime":"88'","eventType":"type-substitution","main":"Y. Nagatomo"},{"additional":"N. Barella","eventTime":"78'","eventType":"type-substitution","main":"D. Dessena"},{"additional":"M. Borriello","eventTime":"78'","eventType":"type-substitution","main":"V. Ibarbo"},{"additional":"É. Banega","eventTime":"76'","eventType":"type-substitution","main":"João Mário"},{"additional":"I. Perišić","eventTime":"73'","eventType":"type-substitution","main":"E. Martins"},{"additional":"Yellow Card","eventTime":"72'","eventType":"type-yellow_card","main":"A. Ioniţă"},{"additional":"Penalty Goal","eventTime":"67'","eventType":"type-penalty_goal","main":"M. Icardi"},{"additional":"D. Di Gennaro","eventTime":"62'","eventType":"type-substitution","main":"M. Sau"},{"additional":"Yellow Card","eventTime":"55'","eventType":"type-yellow_card","main":"N. Barella"},{"additional":"Goal","eventTime":"47'","eventType":"type-goal","main":"I. Perišić"},{"additional":"Goal","eventTime":"42'","eventType":"type-goal","main":"M. Borriello"},{"additional":"Assist","eventTime":"42'","eventType":"type-assist","main":"N. Barella"},{"additional":"Goal","eventTime":"39'","eventType":"type-goal","main":"É. Banega"},{"additional":"Assist","eventTime":"34'","eventType":"type-assist","main":"É. Banega"},{"additional":"Goal","eventTime":"34'","eventType":"type-goal","main":"I. Perišić"}],"stats":{"awayGates":"10","awayPasses":"499","awayPossession":60.7,"awayShots":"8","homeGates":"4","homePasses":"320","homePossession":39.3,"homeShots":"3"},"competition":"Serie A","date":"2017-03-06","match":"cagliari-v-internazionale"}