{"result":{"awayTeamName":"Sassuolo","homeTeamName":"Crotone","location":"Stadio Ezio Scida","score":"0 - 0","startDate":"2017-03-05T14:00:00+00:00"},"events":[{"additional":"A. Matri","eventTime":"82'","eventType":"type-substitution","main":"P. Iemmello"},{"additional":"Yellow Card","eventTime":"73'","eventType":"type-yellow_card","main":"M. Gazzola"},{"additional":"D. Berardi","eventTime":"72'","eventType":"type-substitution","main":"A. Ragusa"},{"additional":"M. Rohdén","eventTime":"72'","eventType":"type-substitution","main":"B. Acosty"},{"additional":"Yellow Card","eventTime":"66'","eventType":"type-yellow_card","main":"B. Martella"},{"additional":"S. Missiroli","eventTime":"65'","eventType":"type-substitution","main":"A. Aquilani"},{"additional":"Yellow Card","eventTime":"63'","eventType":"type-yellow_card","main":"F. Ceccherini"},{"additional":"S. Nwankwo","eventTime":"59'","eventType":"type-substitution","main":"M. Trotta"},{"additional":"Yellow Card","eventTime":"37'","eventType":"type-yellow_card","main":"A. Rosi"}],"stats":{"awayGates":"1","awayPasses":"396","awayPossession":54.5,"awayShots":"7","homeGates":"1","homePasses":"319","homePossession":45.5,"homeShots":"9"},"competition":"Serie A","date":"2017-03-06","match":"crotone-v-sassuolo"}