{"result":{"awayTeamName":"Genoa","homeTeamName":"Empoli","location":"Stadio Carlo Castellani","score":"0 - 2","startDate":"2017-03-05T14:00:00+00:00"},"events":[{"additional":"M. Pinilla","eventTime":"90' + 2'","eventType":"type-goal","main":"O. Hiljemark"},{"additional":"Goal","eventTime":"89'","eventType":"type-goal","main":"O. Ntcham"},{"additional":"D. Cataldi","eventTime":"87'","eventType":"type-substitution","main":"I. Cofie"},{"additional":"O. El Kaddouri","eventTime":"84'","eventType":"type-substitution","main":"Marcel Büchel"},{"additional":"Yellow Card","eventTime":"79'","eventType":"type-yellow_card","main":"A. Dioussé"},{"additional":"Yellow Card","eventTime":"75'","eventType":"type-yellow_card","main":"M. Pinilla"},{"additional":"M. Maccarone","eventTime":"66'","eventType":"type-substitution","main":"G. Marilungo"},{"additional":"Yellow Card","eventTime":"63'","eventType":"type-yellow_card","main":"M. Maccarone"},{"additional":"L. Rigoni","eventTime":"62'","eventType":"type-substitution","main":"O. Ntcham"},{"additional":"Yellow Card","eventTime":"36'","eventType":"type-yellow_card","main":"G. Bellusci"},{"additional":"Yellow Card","eventTime":"18'","eventType":"type-yellow_card","main":"L. Rigoni"}],"stats":{"awayGates":"4","awayPasses":"326","awayPossession":34.7,"awayShots":"3","homeGates":"2","homePasses":"606","homePossession":65.3,"homeShots":"3"},"competition":"Serie A","date":"2017-03-06","match":"empoli-v-genoa"}