{"result":{"awayTeamName":"Palermo","homeTeamName":"Torino","location":"Stadio Olimpico Grande Torino","score":"3 - 1","startDate":"2017-03-05T14:00:00+00:00"},"events":[{"additional":"T. Cionek","eventTime":"85'","eventType":"type-substitution","main":"A. Diamanti"},{"additional":"A. Ljajić","eventTime":"81'","eventType":"type-goal","main":"A. Belotti"},{"additional":"A. Ljajić","eventTime":"76'","eventType":"type-goal","main":"A. Belotti"},{"additional":"J. Iturbe","eventTime":"73'","eventType":"type-goal","main":"A. Belotti"},{"additional":"Iago Falqué","eventTime":"72'","eventType":"type-substitution","main":"J. Iturbe"},{"additional":"R. Sallai","eventTime":"64'","eventType":"type-substitution","main":"G. González"},{"additional":"Samuel Gustafson","eventTime":"61'","eventType":"type-substitution","main":"M. López"},{"additional":"Yellow Card","eventTime":"56'","eventType":"type-yellow_card","main":"R. Sallai"},{"additional":"A. Rispoli","eventTime":"55'","eventType":"type-substitution","main":"M. Morganella"},{"additional":"L. Boyé","eventTime":"45'","eventType":"type-substitution","main":"A. Ljajić"},{"additional":"Yellow Card","eventTime":"33'","eventType":"type-yellow_card","main":"A. Rispoli"},{"additional":"Bruno Henrique","eventTime":"30'","eventType":"type-goal","main":"A. Rispoli"},{"additional":"Yellow Card","eventTime":"27'","eventType":"type-yellow_card","main":"N. Balogh"}],"stats":{"awayGates":"3","awayPasses":"309","awayPossession":34.7,"awayShots":"3","homeGates":"6","homePasses":"547","homePossession":65.3,"homeShots":"11"},"competition":"Serie A","date":"2017-03-06","match":"torino-v-palermo"}