{"result":{"awayTeamName":"Juventus","homeTeamName":"Udinese","location":"Dacia Arena","score":"1 - 1","startDate":"2017-03-05T14:00:00+00:00"},"events":[{"additional":"P. Dybala","eventTime":"87'","eventType":"type-substitution","main":"T. Rincón"},{"additional":"S. Perica","eventTime":"85'","eventType":"type-substitution","main":"Ryder Matos"},{"additional":"Yellow Card","eventTime":"77'","eventType":"type-yellow_card","main":"M. Pjaca"},{"additional":"R. de Paul","eventTime":"76'","eventType":"type-substitution","main":"G. Angella"},{"additional":"Juan Cuadrado","eventTime":"72'","eventType":"type-substitution","main":"M. Pjaca"},{"additional":"Yellow Card","eventTime":"68'","eventType":"type-yellow_card","main":"Juan Cuadrado"},{"additional":"Yellow Card","eventTime":"65'","eventType":"type-yellow_card","main":"E. Hallfreðsson"},{"additional":"Assist","eventTime":"60'","eventType":"type-assist","main":"P. Dybala"},{"additional":"Goal","eventTime":"60'","eventType":"type-goal","main":"L. Bonucci"},{"additional":"G. Chiellini","eventTime":"56'","eventType":"type-substitution","main":"M. Benatia"},{"additional":"Yellow Card","eventTime":"45' + 1'","eventType":"type-yellow_card","main":"J. Jankto"},{"additional":"S. Fofana","eventTime":"39'","eventType":"type-substitution","main":"E. Agyemang-Badu"},{"additional":"Goal","eventTime":"37'","eventType":"type-goal","main":"D. Zapata"},{"additional":"Assist","eventTime":"37'","eventType":"type-assist","main":"Danilo"}],"stats":{"awayGates":"3","awayPasses":"516","awayPossession":65.0,"awayShots":"2","homeGates":"5","homePasses":"280","homePossession":35.0,"homeShots":"3"},"competition":"Serie A","date":"2017-03-06","match":"udinese-v-juventus"}