{"result":{"awayTeamName":"Chicago Fire","homeTeamName":"LA Galaxy","location":"Stubhub Center","score":"4 - 0","startDate":"2013-03-03T22:08:00+00:00"},"events":[{"additional":"Marcelo Sarvas","eventTime":"82'","eventType":"type-substitution","main":"R. Garcia"},{"additional":"M. Magee","eventTime":"82'","eventType":"type-substitution","main":"J. McBean"},{"additional":"Goal","eventTime":"80'","eventType":"type-goal","main":"R. Keane"},{"additional":"Yellow Card","eventTime":"75'","eventType":"type-yellow_card","main":"T. Dunivant"},{"additional":"Goal","eventTime":"74'","eventType":"type-goal","main":"M. Magee"},{"additional":"J. Lindpere","eventTime":"71'","eventType":"type-substitution","main":"Y. Atouba"},{"additional":"Goal","eventTime":"68'","eventType":"type-goal","main":"M. Magee"},{"additional":"Maicón Santos","eventTime":"67'","eventType":"type-substitution","main":"S. MacDonald"},{"additional":"C. Clark","eventTime":"67'","eventType":"type-substitution","main":"M. Stephens"},{"additional":"D. Duka","eventTime":"57'","eventType":"type-substitution","main":"Alex"},{"additional":"Goal","eventTime":"38'","eventType":"type-goal","main":"M. Magee"}],"stats":{"awayGates":"0","awayPasses":"0","awayPossession":100.0,"awayShots":"0","homeGates":"0","homePasses":"0","homePossession":0.0,"homeShots":"0"},"competition":"MLS","date":"2013-03-04","match":"la-galaxy-v-chicago-fire"}