{"result":{"awayTeamName":"New York RB","homeTeamName":"Portland Timbers","location":"Providence Park","score":"3 - 3","startDate":"2013-03-04T00:52:00+00:00"},"events":[{"additional":"K. Kimura","eventTime":"90' + 3'","eventType":"type-substitution","main":"E. Alexander"},{"additional":"Own Goal","eventTime":"83'","eventType":"type-own_goal","main":"J. Olave"},{"additional":"D. Chará","eventTime":"82'","eventType":"type-substitution","main":"R. Wallace"},{"additional":"F. Espíndola","eventTime":"73'","eventType":"type-substitution","main":"B. Barklage"},{"additional":"K. Alhassan","eventTime":"73'","eventType":"type-substitution","main":"José Valencia"},{"additional":"R. Miller","eventTime":"72'","eventType":"type-substitution","main":"S. Zizzo"},{"additional":"Rubén Bover","eventTime":"67'","eventType":"type-substitution","main":"J. Steele"},{"additional":"Goal","eventTime":"56'","eventType":"type-goal","main":"D. Nagbe"},{"additional":"Goal","eventTime":"28'","eventType":"type-goal","main":"J. Olave"},{"additional":"Goal","eventTime":"25'","eventType":"type-goal","main":"F. Espíndola"},{"additional":"Goal","eventTime":"14'","eventType":"type-goal","main":"D. Váleri"},{"additional":"Goal","eventTime":"9'","eventType":"type-goal","main":"F. Espíndola"}],"stats":{"awayGates":"0","awayPasses":"0","awayPossession":100.0,"awayShots":"0","homeGates":"0","homePasses":"0","homePossession":0.0,"homeShots":"0"},"competition":"MLS","date":"2013-03-04","match":"portland-timbers-v-new-york-rb"}