{"result":{"awayTeamName":"Real Salt Lake","homeTeamName":"SJ Earthquakes","location":"Buck Shaw Stadium","score":"0 - 2","startDate":"2013-03-04T03:07:00+00:00"},"events":[{"additional":"Á. Saborío","eventTime":"88'","eventType":"type-substitution","main":"D. Sandoval"},{"additional":"Yellow Card","eventTime":"87'","eventType":"type-yellow_card","main":"N. Rimando"},{"additional":"Goal","eventTime":"85'","eventType":"type-goal","main":"Á. Saborío"},{"additional":"K. Stephenson","eventTime":"84'","eventType":"type-substitution","main":"Y. Alvarez"},{"additional":"T. Harden","eventTime":"83'","eventType":"type-substitution","main":"A. Jahn"},{"additional":"S. Salinas","eventTime":"79'","eventType":"type-substitution","main":"C. Cato"},{"additional":"R. Corrales","eventTime":"72'","eventType":"type-substitution","main":"S. Garza"},{"additional":"Goal","eventTime":"71'","eventType":"type-goal","main":"Á. Saborío"},{"additional":"R. Findley","eventTime":"65'","eventType":"type-substitution","main":"J. Plata"},{"additional":"Yellow Card","eventTime":"64'","eventType":"type-yellow_card","main":"V. Bernárdez"},{"additional":"Yellow Card","eventTime":"61'","eventType":"type-yellow_card","main":"A. Mansally"}],"stats":{"awayGates":"0","awayPasses":"0","awayPossession":100.0,"awayShots":"0","homeGates":"0","homePasses":"0","homePossession":0.0,"homeShots":"0"},"competition":"MLS","date":"2013-03-04","match":"sj-earthquakes-v-real-salt-lake"}