{"result":{"awayTeamName":"Newport County","homeTeamName":"Alfreton Town","location":"The Impact Arena","score":"1 - 1","startDate":"2016-11-06T14:00:00+00:00"},"events":[{"additional":"A. Priestley","eventTime":"86'","eventType":"type-substitution","main":"L. Hearn"},{"additional":"Goal","eventTime":"74'","eventType":"type-goal","main":"T. Kennedy"},{"additional":"P. Marshall","eventTime":"73'","eventType":"type-substitution","main":"T. Allan"},{"additional":"S. Rigg","eventTime":"65'","eventType":"type-goal","main":"J. Sheehan"},{"additional":"J. Myrie-Williams","eventTime":"61'","eventType":"type-substitution","main":"D. Butler"}],"stats":{"awayGates":"4","awayPasses":"366","awayPossession":55.3,"awayShots":"9","homeGates":"3","homePasses":"304","homePossession":44.7,"homeShots":"4"},"competition":"FA Cup","date":"2016-11-06","match":"alfreton-town-v-newport-county"}