{"result":{"awayTeamName":"Kidderminster Harriers","homeTeamName":"Blackpool","location":"Bloomfield Road","score":"2 - 0","startDate":"2016-11-06T14:00:00+00:00"},"events":[{"additional":"M. Yeates","eventTime":"80'","eventType":"type-substitution","main":"C. Daniel"},{"additional":"K. Vassell","eventTime":"80'","eventType":"type-substitution","main":"M. Cullen"},{"additional":"A. Gnahoua","eventTime":"73'","eventType":"type-substitution","main":"S. Austin"},{"additional":"E. N'Gwatala","eventTime":"64'","eventType":"type-substitution","main":"A. Brown"},{"additional":"Yellow Card","eventTime":"63'","eventType":"type-yellow_card","main":"K. Vassell"},{"additional":"Z. Francis-Angol","eventTime":"45'","eventType":"type-substitution","main":"L. Truslove"},{"additional":"Goal","eventTime":"37'","eventType":"type-goal","main":"B. Potts"},{"additional":"J. Matt","eventTime":"34'","eventType":"type-substitution","main":"D. Philliskirk"},{"additional":"K. Vassell","eventTime":"27'","eventType":"type-goal","main":"J. Matt"}],"stats":{"awayGates":"0","awayPasses":"0","awayPossession":45.0,"awayShots":"0","homeGates":"4","homePasses":"0","homePossession":55.0,"homeShots":"5"},"competition":"FA Cup","date":"2016-11-06","match":"blackpool-v-kidderminster-harriers"}