{"result":{"awayTeamName":"Notts County","homeTeamName":"Boreham Wood","location":"Meadow Park","score":"2 - 2","startDate":"2016-11-06T14:00:00+00:00"},"events":[{"additional":"Bruno Andrade","eventTime":"90' + 4'","eventType":"type-substitution","main":"D. Woodards"},{"additional":"Yellow Card","eventTime":"90' + 4'","eventType":"type-yellow_card","main":"M. Tootle"},{"additional":"Yellow Card","eventTime":"90' + 1'","eventType":"type-yellow_card","main":"G. Smith"},{"additional":"Yellow Card","eventTime":"86'","eventType":"type-yellow_card","main":"C. Dickinson"},{"additional":"C. Dickinson","eventTime":"83'","eventType":"type-goal","main":"A. Campbell"},{"additional":"Yellow Card","eventTime":"78'","eventType":"type-yellow_card","main":"L. Laing"},{"additional":"Yellow Card","eventTime":"77'","eventType":"type-yellow_card","main":"A. Jeffrey"},{"additional":"M. Ferrier","eventTime":"76'","eventType":"type-substitution","main":"J. Lucas"},{"additional":"R. Milsom","eventTime":"73'","eventType":"type-substitution","main":"E. Hewitt"},{"additional":"K. Davis","eventTime":"65'","eventType":"type-substitution","main":"C. Clifford"},{"additional":"Yellow Card","eventTime":"65'","eventType":"type-yellow_card","main":"M. Ricketts"},{"additional":"Goal","eventTime":"60'","eventType":"type-goal","main":"A. Campbell"},{"additional":"Yellow Card","eventTime":"51'","eventType":"type-yellow_card","main":"Á. Balanta"},{"additional":"Bruno Andrade","eventTime":"50'","eventType":"type-goal","main":"Á. Balanta"},{"additional":"J. Richards","eventTime":"45'","eventType":"type-substitution","main":"J. Forte"},{"additional":"A. Rodman","eventTime":"45'","eventType":"type-substitution","main":"A. Campbell"},{"additional":"Á. Balanta","eventTime":"31'","eventType":"type-goal","main":"M. Ferrier"}],"stats":{"awayGates":"8","awayPasses":"408","awayPossession":52.8,"awayShots":"7","homeGates":"4","homePasses":"381","homePossession":47.2,"homeShots":"4"},"competition":"FA Cup","date":"2016-11-06","match":"boreham-wood-v-notts-county"}