{"result":{"awayTeamName":"Stamford","homeTeamName":"Hartlepool United","location":"Victoria Park","score":"3 - 0","startDate":"2016-11-06T14:00:00+00:00"},"events":[{"additional":"N. Featherstone","eventTime":"86'","eventType":"type-substitution","main":"J. Orrell"},{"additional":"N. Deverdics","eventTime":"85'","eventType":"type-goal","main":"B. Paynter"},{"additional":"Own Goal","eventTime":"82'","eventType":"type-own_goal","main":"D. Gordon"},{"additional":"L. Alessandra","eventTime":"81'","eventType":"type-substitution","main":"B. Paynter"},{"additional":"M. Woods","eventTime":"80'","eventType":"type-substitution","main":"L. Hawkins"},{"additional":"Yellow Card","eventTime":"76'","eventType":"type-yellow_card","main":"J. Challinor"},{"additional":"Yellow Card","eventTime":"75'","eventType":"type-yellow_card","main":"L. Beeson"},{"additional":"O. Luto","eventTime":"71'","eventType":"type-substitution","main":"J. King"},{"additional":"Goal","eventTime":"65'","eventType":"type-goal","main":"N. Deverdics"},{"additional":"K. Miller","eventTime":"63'","eventType":"type-substitution","main":"R. Robbins"},{"additional":"J. Brown","eventTime":"59'","eventType":"type-substitution","main":"E. Sandy"},{"additional":"Yellow Card","eventTime":"55'","eventType":"type-yellow_card","main":"S. Hill"},{"additional":"Yellow Card","eventTime":"24'","eventType":"type-yellow_card","main":"C. Salt"}],"stats":{"awayGates":"1","awayPasses":"0","awayPossession":33.0,"awayShots":"3","homeGates":"6","homePasses":"0","homePossession":67.0,"homeShots":"5"},"competition":"FA Cup","date":"2016-11-06","match":"hartlepool-united-v-stamford"}