{"result":{"awayTeamName":"Rochdale","homeTeamName":"Maidstone United","location":"Gallagher Stadium","score":"1 - 1","startDate":"2016-11-06T14:00:00+00:00"},"events":[{"additional":"Goal","eventTime":"90' + 4'","eventType":"type-goal","main":"C. Camps"},{"additional":"Yellow Card","eventTime":"90' + 4'","eventType":"type-yellow_card","main":"K. Lokko"},{"additional":"N. Mendez-Laing","eventTime":"86'","eventType":"type-substitution","main":"R. Noble-Lazarus"},{"additional":"L. Enver-Marum","eventTime":"85'","eventType":"type-substitution","main":"Y. Odubade"},{"additional":"J. Loza","eventTime":"82'","eventType":"type-substitution","main":"D. Sweeney"},{"additional":"Yellow Card","eventTime":"69'","eventType":"type-yellow_card","main":"T. Mills"},{"additional":"M. Lund","eventTime":"64'","eventType":"type-substitution","main":"J. McNulty"},{"additional":"O. Rathbone","eventTime":"64'","eventType":"type-substitution","main":"D. McDermott"},{"additional":"Yellow Card","eventTime":"59'","eventType":"type-yellow_card","main":"O. Rathbone"},{"additional":"Yellow Card","eventTime":"45' + 3'","eventType":"type-yellow_card","main":"J. Rogers"},{"additional":"Yellow Card","eventTime":"45' + 3'","eventType":"type-yellow_card","main":"M. Lund"},{"additional":"Goal","eventTime":"21'","eventType":"type-goal","main":"B. Taylor"},{"additional":"Yellow Card","eventTime":"20'","eventType":"type-yellow_card","main":"N. Canavan"}],"stats":{"awayGates":"2","awayPasses":"0","awayPossession":51.0,"awayShots":"5","homeGates":"2","homePasses":"0","homePossession":49.0,"homeShots":"5"},"competition":"FA Cup","date":"2016-11-06","match":"maidstone-united-v-rochdale"}