{"result":{"awayTeamName":"Coventry City","homeTeamName":"Morecambe","location":"Globe Arena","score":"1 - 1","startDate":"2016-11-06T14:00:00+00:00"},"events":[{"additional":"Yellow Card","eventTime":"90' + 1'","eventType":"type-yellow_card","main":"Ruben Lameiras"},{"additional":"Yellow Card","eventTime":"90'","eventType":"type-yellow_card","main":"P. Murphy"},{"additional":"Yellow Card","eventTime":"79'","eventType":"type-yellow_card","main":"J. Sterry"},{"additional":"A. Wright","eventTime":"78'","eventType":"type-substitution","main":"C. Maycock"},{"additional":"Yellow Card","eventTime":"77'","eventType":"type-yellow_card","main":"A. Whitmore"},{"additional":"L. Molyneux","eventTime":"76'","eventType":"type-substitution","main":"J. Dunn"},{"additional":"A. Wright","eventTime":"72'","eventType":"type-goal","main":"J. Sterry"},{"additional":"A. Wildig","eventTime":"67'","eventType":"type-substitution","main":"P. Mullin"},{"additional":"C. Stockton","eventTime":"59'","eventType":"type-goal","main":"D. Winnard"},{"additional":"K. Reid","eventTime":"45'","eventType":"type-substitution","main":"J. McBean"}],"stats":{"awayGates":"4","awayPasses":"447","awayPossession":60.0,"awayShots":"1","homeGates":"8","homePasses":"299","homePossession":40.0,"homeShots":"9"},"competition":"FA Cup","date":"2016-11-06","match":"morecambe-v-coventry-city"}