{"result":{"awayTeamName":"Leyton Orient","homeTeamName":"Sheffield United","location":"Bramall Lane","score":"6 - 0","startDate":"2016-11-06T14:00:00+00:00"},"events":[{"additional":"Goal","eventTime":"90' + 2'","eventType":"type-goal","main":"H. Chapman"},{"additional":"T. Parkes","eventTime":"81'","eventType":"type-substitution","main":"J. Janse"},{"additional":"Yellow Card","eventTime":"74'","eventType":"type-yellow_card","main":"G. Massey"},{"additional":"P. Coutts","eventTime":"72'","eventType":"type-substitution","main":"B. Whiteman"},{"additional":"J. Simpson","eventTime":"70'","eventType":"type-substitution","main":"P. McCallum"},{"additional":"D. Brooks","eventTime":"69'","eventType":"type-goal","main":"H. Chapman"},{"additional":"M. Duffy","eventTime":"60'","eventType":"type-substitution","main":"D. Brooks"},{"additional":"P. Coutts","eventTime":"54'","eventType":"type-goal","main":"H. Chapman"},{"additional":"S. Scougall","eventTime":"45'","eventType":"type-substitution","main":"C. Lavery"},{"additional":"Goal","eventTime":"45'","eventType":"type-goal","main":"K. Freeman"},{"additional":"C. Basham","eventTime":"39'","eventType":"type-goal","main":"S. Scougall"},{"additional":"O. Palmer","eventTime":"35'","eventType":"type-substitution","main":"J. Bowery"},{"additional":"J. Fleck","eventTime":"22'","eventType":"type-goal","main":"C. Basham"}],"stats":{"awayGates":"3","awayPasses":"0","awayPossession":40.0,"awayShots":"3","homeGates":"12","homePasses":"0","homePossession":60.0,"homeShots":"3"},"competition":"FA Cup","date":"2016-11-06","match":"sheffield-united-v-leyton-orient"}