{"result":{"awayTeamName":"Carlisle United","homeTeamName":"St Albans City","location":"Clarence Park","score":"3 - 5","startDate":"2016-11-06T14:00:00+00:00"},"events":[{"additional":"Yellow Card","eventTime":"90' + 5'","eventType":"type-yellow_card","main":"S. Miller"},{"additional":"S. Merson","eventTime":"86'","eventType":"type-goal","main":"L. Theophanous"},{"additional":"S. Thomas","eventTime":"84'","eventType":"type-substitution","main":"M. Ball"},{"additional":"Goal","eventTime":"83'","eventType":"type-goal","main":"R. Lambe"},{"additional":"D. Grainger","eventTime":"81'","eventType":"type-goal","main":"J. Ibehre"},{"additional":"D. Noble","eventTime":"75'","eventType":"type-substitution","main":"S. Merson"},{"additional":"N. Adams","eventTime":"74'","eventType":"type-substitution","main":"T. Miller"},{"additional":"M. Jones","eventTime":"71'","eventType":"type-goal","main":"J. Ibehre"},{"additional":"C. Wyke","eventTime":"70'","eventType":"type-substitution","main":"S. Miller"},{"additional":"S. Thomas","eventTime":"65'","eventType":"type-goal","main":"J. Morias"},{"additional":"G. Casey","eventTime":"63'","eventType":"type-substitution","main":"S. Lucien"},{"additional":"N. Adams","eventTime":"57'","eventType":"type-goal","main":"J. Kennedy"},{"additional":"M. Raynes","eventTime":"42'","eventType":"type-substitution","main":"R. Lambe"},{"additional":"Yellow Card","eventTime":"28'","eventType":"type-yellow_card","main":"M. Raynes"},{"additional":"Goal","eventTime":"20'","eventType":"type-goal","main":"D. Grainger"},{"additional":"Yellow Card","eventTime":"19'","eventType":"type-yellow_card","main":"J. Russell"},{"additional":"L. Chappell","eventTime":"4'","eventType":"type-goal","main":"J. Morias"}],"stats":{"awayGates":"9","awayPasses":"0","awayPossession":56.0,"awayShots":"2","homeGates":"4","homePasses":"0","homePossession":44.0,"homeShots":"3"},"competition":"FA Cup","date":"2016-11-06","match":"st-albans-city-v-carlisle-united"}