{"result":{"awayTeamName":"Barrow","homeTeamName":"Taunton Town","location":"Viridor Stadium","score":"2 - 2","startDate":"2016-11-06T14:00:00+00:00"},"events":[{"additional":"Yellow Card","eventTime":"90' + 1'","eventType":"type-yellow_card","main":"S. Beeley"},{"additional":"R. Batley","eventTime":"73'","eventType":"type-substitution","main":"J. Searle"},{"additional":"Yellow Card","eventTime":"68'","eventType":"type-yellow_card","main":"A. Harvey"},{"additional":"Red Card","eventTime":"45' + 2'","eventType":"type-red_card","main":"L. Hughes"},{"additional":"Goal","eventTime":"43'","eventType":"type-goal","main":"R. Bennett"},{"additional":"Goal","eventTime":"37'","eventType":"type-goal","main":"M. Villis"},{"additional":"Goal","eventTime":"35'","eventType":"type-goal","main":"B. Harrison"},{"additional":"R. Batley","eventTime":"14'","eventType":"type-goal","main":"M. Wright"}],"stats":{"awayGates":"3","awayPasses":"0","awayPossession":56.0,"awayShots":"3","homeGates":"4","homePasses":"0","homePossession":44.0,"homeShots":"5"},"competition":"FA Cup","date":"2016-11-06","match":"taunton-town-v-barrow"}