{"result":{"awayTeamName":"Real Salt Lake","homeTeamName":"LA Galaxy","location":"Stubhub Center","score":"1 - 0","startDate":"2015-05-28T02:30:00+00:00"},"events":[{"eventType":"type-red_card"},{"eventType":"type-substitution"},{"eventType":"type-substitution"},{"eventType":"type-substitution"},{"eventType":"type-yellow_card"},{"eventType":"type-substitution"},{"eventType":"type-substitution"},{"eventType":"type-substitution"},{"eventType":"type-yellow_card"},{"eventType":"type-yellow_card"},{"eventType":"type-yellow_card"},{"eventType":"type-goal"}],"stats":{"awayGates":"1","awayPasses":"417","awayPossession":52.3,"awayShots":"6","homeGates":"3","homePasses":"379","homePossession":47.7,"homeShots":"7"},"competition":"MLS","date":"2015-05-27","match":"la-galaxy-v-real-salt-lake"}