{"result":{"awayTeamName":"DC United","homeTeamName":"Portland Timbers","location":"Providence Park","score":"1 - 0","startDate":"2015-05-28T02:30:00+00:00"},"events":[{"eventType":"type-yellow_card"},{"eventType":"type-substitution"},{"eventType":"type-substitution"},{"eventType":"type-yellow_card"},{"eventType":"type-substitution"},{"eventType":"type-substitution"},{"eventType":"type-substitution"},{"eventType":"type-substitution"},{"eventType":"type-yellow_card"},{"eventType":"type-yellow_card"},{"eventType":"type-goal"}],"stats":{"awayGates":"2","awayPasses":"378","awayPossession":50.5,"awayShots":"5","homeGates":"9","homePasses":"360","homePossession":49.5,"homeShots":"6"},"competition":"MLS","date":"2015-05-27","match":"portland-timbers-v-dc-united"}