{"result":{"awayTeamName":"Colorado Rapids","homeTeamName":"Seattle Sounders","location":"CenturyLink Field","score":"1 - 0","startDate":"2015-05-28T02:00:00+00:00"},"events":[{"eventType":"type-substitution"},{"eventType":"type-substitution"},{"eventType":"type-substitution"},{"eventType":"type-substitution"},{"eventType":"type-substitution"},{"eventType":"type-yellow_card"},{"eventType":"type-yellow_card"},{"eventType":"type-substitution"},{"eventType":"type-yellow_card"},{"eventType":"type-goal"}],"stats":{"awayGates":"4","awayPasses":"302","awayPossession":31.400000000000006,"awayShots":"6","homeGates":"5","homePasses":"666","homePossession":68.6,"homeShots":"7"},"competition":"MLS","date":"2015-05-27","match":"seattle-sounders-v-colorado-rapids"}